track_id,genre,filepath,exists,label
10992,Folk,/Users/gsretikkaprasad/Desktop/Music Data/data/fma_small/010/010992.mp3,True,2
107910,Electronic,/Users/gsretikkaprasad/Desktop/Music Data/data/fma_small/107/107910.mp3,True,0
87158,Electronic,/Users/gsretikkaprasad/Desktop/Music Data/data/fma_small/087/087158.mp3,True,0
105712,Folk,/Users/gsretikkaprasad/Desktop/Music Data/data/fma_small/105/105712.mp3,True,2
126605,Experimental,/Users/gsretikkaprasad/Desktop/Music Data/data/fma_small/126/126605.mp3,True,1
53591,Pop,/Users/gsretikkaprasad/Desktop/Music Data/data/fma_small/053/053591.mp3,True,5
131453,Pop,/Users/gsretikkaprasad/Desktop/Music Data/data/fma_small/131/131453.mp3,True,5
62750,Pop,/Users/gsretikkaprasad/Desktop/Music Data/data/fma_small/062/062750.mp3,True,5
94803,Electronic,/Users/gsretikkaprasad/Desktop/Music Data/data/fma_small/094/094803.mp3,True,0
6376,International,/Users/gsretikkaprasad/Desktop/Music Data/data/fma_small/006/006376.mp3,True,4
98617,Hip-Hop,/Users/gsretikkaprasad/Desktop/Music Data/data/fma_small/098/098617.mp3,True,6
26583,Experimental,/Users/gsretikkaprasad/Desktop/Music Data/data/fma_small/026/026583.mp3,True,1
38828,International,/Users/gsretikkaprasad/Desktop/Music Data/data/fma_small/038/038828.mp3,True,4
121449,Electronic,/Users/gsretikkaprasad/Desktop/Music Data/data/fma_small/121/121449.mp3,True,0
107180,International,/Users/gsretikkaprasad/Desktop/Music Data/data/fma_small/107/107180.mp3,True,4
63757,Hip-Hop,/Users/gsretikkaprasad/Desktop/Music Data/data/fma_small/063/063757.mp3,True,6
69761,Folk,/Users/gsretikkaprasad/Desktop/Music Data/data/fma_small/069/069761.mp3,True,2
122153,Experimental,/Users/gsretikkaprasad/Desktop/Music Data/data/fma_small/122/122153.mp3,True,1
79978,Experimental,/Users/gsretikkaprasad/Desktop/Music Data/data/fma_small/079/079978.mp3,True,1
115700,Electronic,/Users/gsretikkaprasad/Desktop/Music Data/data/fma_small/115/115700.mp3,True,0
97844,Electronic,/Users/gsretikkaprasad/Desktop/Music Data/data/fma_small/097/097844.mp3,True,0
7375,Experimental,/Users/gsretikkaprasad/Desktop/Music Data/data/fma_small/007/007375.mp3,True,1
123965,Hip-Hop,/Users/gsretikkaprasad/Desktop/Music Data/data/fma_small/123/123965.mp3,True,6
85039,Electronic,/Users/gsretikkaprasad/Desktop/Music Data/data/fma_small/085/085039.mp3,True,0
111154,Instrumental,/Users/gsretikkaprasad/Desktop/Music Data/data/fma_small/111/111154.mp3,True,3
72233,Electronic,/Users/gsretikkaprasad/Desktop/Music Data/data/fma_small/072/072233.mp3,True,0
54466,International,/Users/gsretikkaprasad/Desktop/Music Data/data/fma_small/054/054466.mp3,True,4
144492,Experimental,/Users/gsretikkaprasad/Desktop/Music Data/data/fma_small/144/144492.mp3,True,1
43588,International,/Users/gsretikkaprasad/Desktop/Music Data/data/fma_small/043/043588.mp3,True,4
96945,Pop,/Users/gsretikkaprasad/Desktop/Music Data/data/fma_small/096/096945.mp3,True,5
28571,Experimental,/Users/gsretikkaprasad/Desktop/Music Data/data/fma_small/028/028571.mp3,True,1
47200,Experimental,/Users/gsretikkaprasad/Desktop/Music Data/data/fma_small/047/047200.mp3,True,1
60757,International,/Users/gsretikkaprasad/Desktop/Music Data/data/fma_small/060/060757.mp3,True,4
111146,Instrumental,/Users/gsretikkaprasad/Desktop/Music Data/data/fma_small/111/111146.mp3,True,3
33426,International,/Users/gsretikkaprasad/Desktop/Music Data/data/fma_small/033/033426.mp3,True,4
109903,Folk,/Users/gsretikkaprasad/Desktop/Music Data/data/fma_small/109/109903.mp3,True,2
140926,Electronic,/Users/gsretikkaprasad/Desktop/Music Data/data/fma_small/140/140926.mp3,True,0
43024,International,/Users/gsretikkaprasad/Desktop/Music Data/data/fma_small/043/043024.mp3,True,4
44821,International,/Users/gsretikkaprasad/Desktop/Music Data/data/fma_small/044/044821.mp3,True,4
73778,International,/Users/gsretikkaprasad/Desktop/Music Data/data/fma_small/073/073778.mp3,True,4
138071,Pop,/Users/gsretikkaprasad/Desktop/Music Data/data/fma_small/138/138071.mp3,True,5
86720,Experimental,/Users/gsretikkaprasad/Desktop/Music Data/data/fma_small/086/086720.mp3,True,1
137593,Rock,/Users/gsretikkaprasad/Desktop/Music Data/data/fma_small/137/137593.mp3,True,7
12985,Folk,/Users/gsretikkaprasad/Desktop/Music Data/data/fma_small/012/012985.mp3,True,2
93941,Electronic,/Users/gsretikkaprasad/Desktop/Music Data/data/fma_small/093/093941.mp3,True,0
145708,Pop,/Users/gsretikkaprasad/Desktop/Music Data/data/fma_small/145/145708.mp3,True,5
98229,Experimental,/Users/gsretikkaprasad/Desktop/Music Data/data/fma_small/098/098229.mp3,True,1
36799,Experimental,/Users/gsretikkaprasad/Desktop/Music Data/data/fma_small/036/036799.mp3,True,1
38399,Folk,/Users/gsretikkaprasad/Desktop/Music Data/data/fma_small/038/038399.mp3,True,2
72926,Experimental,/Users/gsretikkaprasad/Desktop/Music Data/data/fma_small/072/072926.mp3,True,1
147265,Hip-Hop,/Users/gsretikkaprasad/Desktop/Music Data/data/fma_small/147/147265.mp3,True,6
137211,Rock,/Users/gsretikkaprasad/Desktop/Music Data/data/fma_small/137/137211.mp3,True,7
122358,Folk,/Users/gsretikkaprasad/Desktop/Music Data/data/fma_small/122/122358.mp3,True,2
117946,International,/Users/gsretikkaprasad/Desktop/Music Data/data/fma_small/117/117946.mp3,True,4
6857,Folk,/Users/gsretikkaprasad/Desktop/Music Data/data/fma_small/006/006857.mp3,True,2
57640,Folk,/Users/gsretikkaprasad/Desktop/Music Data/data/fma_small/057/057640.mp3,True,2
36146,Electronic,/Users/gsretikkaprasad/Desktop/Music Data/data/fma_small/036/036146.mp3,True,0
62529,International,/Users/gsretikkaprasad/Desktop/Music Data/data/fma_small/062/062529.mp3,True,4
1196,Folk,/Users/gsretikkaprasad/Desktop/Music Data/data/fma_small/001/001196.mp3,True,2
129089,Rock,/Users/gsretikkaprasad/Desktop/Music Data/data/fma_small/129/129089.mp3,True,7
56693,International,/Users/gsretikkaprasad/Desktop/Music Data/data/fma_small/056/056693.mp3,True,4
135219,International,/Users/gsretikkaprasad/Desktop/Music Data/data/fma_small/135/135219.mp3,True,4
75883,Folk,/Users/gsretikkaprasad/Desktop/Music Data/data/fma_small/075/075883.mp3,True,2
3913,Folk,/Users/gsretikkaprasad/Desktop/Music Data/data/fma_small/003/003913.mp3,True,2
59707,International,/Users/gsretikkaprasad/Desktop/Music Data/data/fma_small/059/059707.mp3,True,4
120306,Instrumental,/Users/gsretikkaprasad/Desktop/Music Data/data/fma_small/120/120306.mp3,True,3
67011,Folk,/Users/gsretikkaprasad/Desktop/Music Data/data/fma_small/067/067011.mp3,True,2
57892,Rock,/Users/gsretikkaprasad/Desktop/Music Data/data/fma_small/057/057892.mp3,True,7
126589,Instrumental,/Users/gsretikkaprasad/Desktop/Music Data/data/fma_small/126/126589.mp3,True,3
86482,Instrumental,/Users/gsretikkaprasad/Desktop/Music Data/data/fma_small/086/086482.mp3,True,3
90527,Instrumental,/Users/gsretikkaprasad/Desktop/Music Data/data/fma_small/090/090527.mp3,True,3
148235,Folk,/Users/gsretikkaprasad/Desktop/Music Data/data/fma_small/148/148235.mp3,True,2
129391,Pop,/Users/gsretikkaprasad/Desktop/Music Data/data/fma_small/129/129391.mp3,True,5
52637,Electronic,/Users/gsretikkaprasad/Desktop/Music Data/data/fma_small/052/052637.mp3,True,0
75377,Hip-Hop,/Users/gsretikkaprasad/Desktop/Music Data/data/fma_small/075/075377.mp3,True,6
68897,Electronic,/Users/gsretikkaprasad/Desktop/Music Data/data/fma_small/068/068897.mp3,True,0
46043,Experimental,/Users/gsretikkaprasad/Desktop/Music Data/data/fma_small/046/046043.mp3,True,1
114884,International,/Users/gsretikkaprasad/Desktop/Music Data/data/fma_small/114/114884.mp3,True,4
123932,Electronic,/Users/gsretikkaprasad/Desktop/Music Data/data/fma_small/123/123932.mp3,True,0
93920,Instrumental,/Users/gsretikkaprasad/Desktop/Music Data/data/fma_small/093/093920.mp3,True,3
148212,Folk,/Users/gsretikkaprasad/Desktop/Music Data/data/fma_small/148/148212.mp3,True,2
54237,Pop,/Users/gsretikkaprasad/Desktop/Music Data/data/fma_small/054/054237.mp3,True,5
88486,Experimental,/Users/gsretikkaprasad/Desktop/Music Data/data/fma_small/088/088486.mp3,True,1
139777,Instrumental,/Users/gsretikkaprasad/Desktop/Music Data/data/fma_small/139/139777.mp3,True,3
145556,Folk,/Users/gsretikkaprasad/Desktop/Music Data/data/fma_small/145/145556.mp3,True,2
92873,Experimental,/Users/gsretikkaprasad/Desktop/Music Data/data/fma_small/092/092873.mp3,True,1
11769,Hip-Hop,/Users/gsretikkaprasad/Desktop/Music Data/data/fma_small/011/011769.mp3,True,6
108493,Hip-Hop,/Users/gsretikkaprasad/Desktop/Music Data/data/fma_small/108/108493.mp3,True,6
79610,Hip-Hop,/Users/gsretikkaprasad/Desktop/Music Data/data/fma_small/079/079610.mp3,True,6
127212,Instrumental,/Users/gsretikkaprasad/Desktop/Music Data/data/fma_small/127/127212.mp3,True,3
75933,Hip-Hop,/Users/gsretikkaprasad/Desktop/Music Data/data/fma_small/075/075933.mp3,True,6
21587,Pop,/Users/gsretikkaprasad/Desktop/Music Data/data/fma_small/021/021587.mp3,True,5
13707,Electronic,/Users/gsretikkaprasad/Desktop/Music Data/data/fma_small/013/013707.mp3,True,0
86081,Experimental,/Users/gsretikkaprasad/Desktop/Music Data/data/fma_small/086/086081.mp3,True,1
82157,Instrumental,/Users/gsretikkaprasad/Desktop/Music Data/data/fma_small/082/082157.mp3,True,3
29587,Hip-Hop,/Users/gsretikkaprasad/Desktop/Music Data/data/fma_small/029/029587.mp3,True,6
110690,Electronic,/Users/gsretikkaprasad/Desktop/Music Data/data/fma_small/110/110690.mp3,True,0
47193,Experimental,/Users/gsretikkaprasad/Desktop/Music Data/data/fma_small/047/047193.mp3,True,1
76130,Pop,/Users/gsretikkaprasad/Desktop/Music Data/data/fma_small/076/076130.mp3,True,5
83509,Pop,/Users/gsretikkaprasad/Desktop/Music Data/data/fma_small/083/083509.mp3,True,5
56248,Pop,/Users/gsretikkaprasad/Desktop/Music Data/data/fma_small/056/056248.mp3,True,5
48862,Experimental,/Users/gsretikkaprasad/Desktop/Music Data/data/fma_small/048/048862.mp3,True,1
126225,Experimental,/Users/gsretikkaprasad/Desktop/Music Data/data/fma_small/126/126225.mp3,True,1
76071,International,/Users/gsretikkaprasad/Desktop/Music Data/data/fma_small/076/076071.mp3,True,4
132961,Hip-Hop,/Users/gsretikkaprasad/Desktop/Music Data/data/fma_small/132/132961.mp3,True,6
108799,Hip-Hop,/Users/gsretikkaprasad/Desktop/Music Data/data/fma_small/108/108799.mp3,True,6
52409,Electronic,/Users/gsretikkaprasad/Desktop/Music Data/data/fma_small/052/052409.mp3,True,0
55808,Electronic,/Users/gsretikkaprasad/Desktop/Music Data/data/fma_small/055/055808.mp3,True,0
85967,Folk,/Users/gsretikkaprasad/Desktop/Music Data/data/fma_small/085/085967.mp3,True,2
149452,Rock,/Users/gsretikkaprasad/Desktop/Music Data/data/fma_small/149/149452.mp3,True,7
92540,Folk,/Users/gsretikkaprasad/Desktop/Music Data/data/fma_small/092/092540.mp3,True,2
24899,Experimental,/Users/gsretikkaprasad/Desktop/Music Data/data/fma_small/024/024899.mp3,True,1
97393,Electronic,/Users/gsretikkaprasad/Desktop/Music Data/data/fma_small/097/097393.mp3,True,0
93867,Rock,/Users/gsretikkaprasad/Desktop/Music Data/data/fma_small/093/093867.mp3,True,7
138023,Instrumental,/Users/gsretikkaprasad/Desktop/Music Data/data/fma_small/138/138023.mp3,True,3
117612,Instrumental,/Users/gsretikkaprasad/Desktop/Music Data/data/fma_small/117/117612.mp3,True,3
107953,International,/Users/gsretikkaprasad/Desktop/Music Data/data/fma_small/107/107953.mp3,True,4
137173,Instrumental,/Users/gsretikkaprasad/Desktop/Music Data/data/fma_small/137/137173.mp3,True,3
114232,Instrumental,/Users/gsretikkaprasad/Desktop/Music Data/data/fma_small/114/114232.mp3,True,3
138070,Pop,/Users/gsretikkaprasad/Desktop/Music Data/data/fma_small/138/138070.mp3,True,5
57820,Hip-Hop,/Users/gsretikkaprasad/Desktop/Music Data/data/fma_small/057/057820.mp3,True,6
142129,Folk,/Users/gsretikkaprasad/Desktop/Music Data/data/fma_small/142/142129.mp3,True,2
147886,Hip-Hop,/Users/gsretikkaprasad/Desktop/Music Data/data/fma_small/147/147886.mp3,True,6
91161,Pop,/Users/gsretikkaprasad/Desktop/Music Data/data/fma_small/091/091161.mp3,True,5
112585,Experimental,/Users/gsretikkaprasad/Desktop/Music Data/data/fma_small/112/112585.mp3,True,1
140621,Hip-Hop,/Users/gsretikkaprasad/Desktop/Music Data/data/fma_small/140/140621.mp3,True,6
1702,Folk,/Users/gsretikkaprasad/Desktop/Music Data/data/fma_small/001/001702.mp3,True,2
121655,Instrumental,/Users/gsretikkaprasad/Desktop/Music Data/data/fma_small/121/121655.mp3,True,3
63804,Hip-Hop,/Users/gsretikkaprasad/Desktop/Music Data/data/fma_small/063/063804.mp3,True,6
111402,Pop,/Users/gsretikkaprasad/Desktop/Music Data/data/fma_small/111/111402.mp3,True,5
9307,Experimental,/Users/gsretikkaprasad/Desktop/Music Data/data/fma_small/009/009307.mp3,True,1
104283,Electronic,/Users/gsretikkaprasad/Desktop/Music Data/data/fma_small/104/104283.mp3,True,0
92953,Instrumental,/Users/gsretikkaprasad/Desktop/Music Data/data/fma_small/092/092953.mp3,True,3
99096,Hip-Hop,/Users/gsretikkaprasad/Desktop/Music Data/data/fma_small/099/099096.mp3,True,6
47471,Rock,/Users/gsretikkaprasad/Desktop/Music Data/data/fma_small/047/047471.mp3,True,7
124184,Rock,/Users/gsretikkaprasad/Desktop/Music Data/data/fma_small/124/124184.mp3,True,7
141173,Rock,/Users/gsretikkaprasad/Desktop/Music Data/data/fma_small/141/141173.mp3,True,7
129806,Hip-Hop,/Users/gsretikkaprasad/Desktop/Music Data/data/fma_small/129/129806.mp3,True,6
84096,Electronic,/Users/gsretikkaprasad/Desktop/Music Data/data/fma_small/084/084096.mp3,True,0
124519,Experimental,/Users/gsretikkaprasad/Desktop/Music Data/data/fma_small/124/124519.mp3,True,1
97544,Electronic,/Users/gsretikkaprasad/Desktop/Music Data/data/fma_small/097/097544.mp3,True,0
7709,Folk,/Users/gsretikkaprasad/Desktop/Music Data/data/fma_small/007/007709.mp3,True,2
128885,Instrumental,/Users/gsretikkaprasad/Desktop/Music Data/data/fma_small/128/128885.mp3,True,3
148305,Experimental,/Users/gsretikkaprasad/Desktop/Music Data/data/fma_small/148/148305.mp3,True,1
86259,Experimental,/Users/gsretikkaprasad/Desktop/Music Data/data/fma_small/086/086259.mp3,True,1
114976,Experimental,/Users/gsretikkaprasad/Desktop/Music Data/data/fma_small/114/114976.mp3,True,1
6855,Folk,/Users/gsretikkaprasad/Desktop/Music Data/data/fma_small/006/006855.mp3,True,2
107184,International,/Users/gsretikkaprasad/Desktop/Music Data/data/fma_small/107/107184.mp3,True,4
133272,Rock,/Users/gsretikkaprasad/Desktop/Music Data/data/fma_small/133/133272.mp3,True,7
105916,Folk,/Users/gsretikkaprasad/Desktop/Music Data/data/fma_small/105/105916.mp3,True,2
6469,International,/Users/gsretikkaprasad/Desktop/Music Data/data/fma_small/006/006469.mp3,True,4
91183,International,/Users/gsretikkaprasad/Desktop/Music Data/data/fma_small/091/091183.mp3,True,4
130135,Electronic,/Users/gsretikkaprasad/Desktop/Music Data/data/fma_small/130/130135.mp3,True,0
602,Folk,/Users/gsretikkaprasad/Desktop/Music Data/data/fma_small/000/000602.mp3,True,2
20364,Instrumental,/Users/gsretikkaprasad/Desktop/Music Data/data/fma_small/020/020364.mp3,True,3
115698,Electronic,/Users/gsretikkaprasad/Desktop/Music Data/data/fma_small/115/115698.mp3,True,0
114415,Rock,/Users/gsretikkaprasad/Desktop/Music Data/data/fma_small/114/114415.mp3,True,7
30058,Hip-Hop,/Users/gsretikkaprasad/Desktop/Music Data/data/fma_small/030/030058.mp3,True,6
117944,International,/Users/gsretikkaprasad/Desktop/Music Data/data/fma_small/117/117944.mp3,True,4
109535,Electronic,/Users/gsretikkaprasad/Desktop/Music Data/data/fma_small/109/109535.mp3,True,0
140576,Rock,/Users/gsretikkaprasad/Desktop/Music Data/data/fma_small/140/140576.mp3,True,7
51274,Pop,/Users/gsretikkaprasad/Desktop/Music Data/data/fma_small/051/051274.mp3,True,5
74960,Experimental,/Users/gsretikkaprasad/Desktop/Music Data/data/fma_small/074/074960.mp3,True,1
91468,Pop,/Users/gsretikkaprasad/Desktop/Music Data/data/fma_small/091/091468.mp3,True,5
145755,Electronic,/Users/gsretikkaprasad/Desktop/Music Data/data/fma_small/145/145755.mp3,True,0
54554,Experimental,/Users/gsretikkaprasad/Desktop/Music Data/data/fma_small/054/054554.mp3,True,1
51157,Experimental,/Users/gsretikkaprasad/Desktop/Music Data/data/fma_small/051/051157.mp3,True,1
82250,Experimental,/Users/gsretikkaprasad/Desktop/Music Data/data/fma_small/082/082250.mp3,True,1
11767,Hip-Hop,/Users/gsretikkaprasad/Desktop/Music Data/data/fma_small/011/011767.mp3,True,6
65234,Experimental,/Users/gsretikkaprasad/Desktop/Music Data/data/fma_small/065/065234.mp3,True,1
129969,Rock,/Users/gsretikkaprasad/Desktop/Music Data/data/fma_small/129/129969.mp3,True,7
124461,Rock,/Users/gsretikkaprasad/Desktop/Music Data/data/fma_small/124/124461.mp3,True,7
134979,Folk,/Users/gsretikkaprasad/Desktop/Music Data/data/fma_small/134/134979.mp3,True,2
145761,Electronic,/Users/gsretikkaprasad/Desktop/Music Data/data/fma_small/145/145761.mp3,True,0
125001,Rock,/Users/gsretikkaprasad/Desktop/Music Data/data/fma_small/125/125001.mp3,True,7
115772,Instrumental,/Users/gsretikkaprasad/Desktop/Music Data/data/fma_small/115/115772.mp3,True,3
3272,Folk,/Users/gsretikkaprasad/Desktop/Music Data/data/fma_small/003/003272.mp3,True,2
54335,Electronic,/Users/gsretikkaprasad/Desktop/Music Data/data/fma_small/054/054335.mp3,True,0
84157,Folk,/Users/gsretikkaprasad/Desktop/Music Data/data/fma_small/084/084157.mp3,True,2
95248,Rock,/Users/gsretikkaprasad/Desktop/Music Data/data/fma_small/095/095248.mp3,True,7
141143,Instrumental,/Users/gsretikkaprasad/Desktop/Music Data/data/fma_small/141/141143.mp3,True,3
55480,Experimental,/Users/gsretikkaprasad/Desktop/Music Data/data/fma_small/055/055480.mp3,True,1
107435,Electronic,/Users/gsretikkaprasad/Desktop/Music Data/data/fma_small/107/107435.mp3,True,0
94415,Electronic,/Users/gsretikkaprasad/Desktop/Music Data/data/fma_small/094/094415.mp3,True,0
52034,Pop,/Users/gsretikkaprasad/Desktop/Music Data/data/fma_small/052/052034.mp3,True,5
19412,Pop,/Users/gsretikkaprasad/Desktop/Music Data/data/fma_small/019/019412.mp3,True,5
139537,Instrumental,/Users/gsretikkaprasad/Desktop/Music Data/data/fma_small/139/139537.mp3,True,3
75436,Instrumental,/Users/gsretikkaprasad/Desktop/Music Data/data/fma_small/075/075436.mp3,True,3
112769,Electronic,/Users/gsretikkaprasad/Desktop/Music Data/data/fma_small/112/112769.mp3,True,0
85693,Folk,/Users/gsretikkaprasad/Desktop/Music Data/data/fma_small/085/085693.mp3,True,2
110452,International,/Users/gsretikkaprasad/Desktop/Music Data/data/fma_small/110/110452.mp3,True,4
130992,Instrumental,/Users/gsretikkaprasad/Desktop/Music Data/data/fma_small/130/130992.mp3,True,3
110691,Electronic,/Users/gsretikkaprasad/Desktop/Music Data/data/fma_small/110/110691.mp3,True,0
48446,Pop,/Users/gsretikkaprasad/Desktop/Music Data/data/fma_small/048/048446.mp3,True,5
12521,Rock,/Users/gsretikkaprasad/Desktop/Music Data/data/fma_small/012/012521.mp3,True,7
72136,Hip-Hop,/Users/gsretikkaprasad/Desktop/Music Data/data/fma_small/072/072136.mp3,True,6
15210,Hip-Hop,/Users/gsretikkaprasad/Desktop/Music Data/data/fma_small/015/015210.mp3,True,6
112485,Hip-Hop,/Users/gsretikkaprasad/Desktop/Music Data/data/fma_small/112/112485.mp3,True,6
141141,Instrumental,/Users/gsretikkaprasad/Desktop/Music Data/data/fma_small/141/141141.mp3,True,3
140789,Folk,/Users/gsretikkaprasad/Desktop/Music Data/data/fma_small/140/140789.mp3,True,2
113203,Experimental,/Users/gsretikkaprasad/Desktop/Music Data/data/fma_small/113/113203.mp3,True,1
121593,Pop,/Users/gsretikkaprasad/Desktop/Music Data/data/fma_small/121/121593.mp3,True,5
149700,Electronic,/Users/gsretikkaprasad/Desktop/Music Data/data/fma_small/149/149700.mp3,True,0
60865,International,/Users/gsretikkaprasad/Desktop/Music Data/data/fma_small/060/060865.mp3,True,4
126426,Pop,/Users/gsretikkaprasad/Desktop/Music Data/data/fma_small/126/126426.mp3,True,5
19441,Pop,/Users/gsretikkaprasad/Desktop/Music Data/data/fma_small/019/019441.mp3,True,5
52119,International,/Users/gsretikkaprasad/Desktop/Music Data/data/fma_small/052/052119.mp3,True,4
92889,Experimental,/Users/gsretikkaprasad/Desktop/Music Data/data/fma_small/092/092889.mp3,True,1
107020,Hip-Hop,/Users/gsretikkaprasad/Desktop/Music Data/data/fma_small/107/107020.mp3,True,6
81781,Instrumental,/Users/gsretikkaprasad/Desktop/Music Data/data/fma_small/081/081781.mp3,True,3
142082,Hip-Hop,/Users/gsretikkaprasad/Desktop/Music Data/data/fma_small/142/142082.mp3,True,6
114067,Electronic,/Users/gsretikkaprasad/Desktop/Music Data/data/fma_small/114/114067.mp3,True,0
87106,Instrumental,/Users/gsretikkaprasad/Desktop/Music Data/data/fma_small/087/087106.mp3,True,3
99393,International,/Users/gsretikkaprasad/Desktop/Music Data/data/fma_small/099/099393.mp3,True,4
131422,Hip-Hop,/Users/gsretikkaprasad/Desktop/Music Data/data/fma_small/131/131422.mp3,True,6
101868,Experimental,/Users/gsretikkaprasad/Desktop/Music Data/data/fma_small/101/101868.mp3,True,1
84158,Folk,/Users/gsretikkaprasad/Desktop/Music Data/data/fma_small/084/084158.mp3,True,2
142517,Folk,/Users/gsretikkaprasad/Desktop/Music Data/data/fma_small/142/142517.mp3,True,2
98549,Hip-Hop,/Users/gsretikkaprasad/Desktop/Music Data/data/fma_small/098/098549.mp3,True,6
136091,Rock,/Users/gsretikkaprasad/Desktop/Music Data/data/fma_small/136/136091.mp3,True,7
120161,Experimental,/Users/gsretikkaprasad/Desktop/Music Data/data/fma_small/120/120161.mp3,True,1
98579,Hip-Hop,/Users/gsretikkaprasad/Desktop/Music Data/data/fma_small/098/098579.mp3,True,6
25668,International,/Users/gsretikkaprasad/Desktop/Music Data/data/fma_small/025/025668.mp3,True,4
55285,Pop,/Users/gsretikkaprasad/Desktop/Music Data/data/fma_small/055/055285.mp3,True,5
63936,Experimental,/Users/gsretikkaprasad/Desktop/Music Data/data/fma_small/063/063936.mp3,True,1
134073,Folk,/Users/gsretikkaprasad/Desktop/Music Data/data/fma_small/134/134073.mp3,True,2
56639,Hip-Hop,/Users/gsretikkaprasad/Desktop/Music Data/data/fma_small/056/056639.mp3,True,6
124874,Instrumental,/Users/gsretikkaprasad/Desktop/Music Data/data/fma_small/124/124874.mp3,True,3
115811,Electronic,/Users/gsretikkaprasad/Desktop/Music Data/data/fma_small/115/115811.mp3,True,0
125657,Instrumental,/Users/gsretikkaprasad/Desktop/Music Data/data/fma_small/125/125657.mp3,True,3
93956,Rock,/Users/gsretikkaprasad/Desktop/Music Data/data/fma_small/093/093956.mp3,True,7
54666,Pop,/Users/gsretikkaprasad/Desktop/Music Data/data/fma_small/054/054666.mp3,True,5
118986,Experimental,/Users/gsretikkaprasad/Desktop/Music Data/data/fma_small/118/118986.mp3,True,1
85951,Pop,/Users/gsretikkaprasad/Desktop/Music Data/data/fma_small/085/085951.mp3,True,5
126778,Folk,/Users/gsretikkaprasad/Desktop/Music Data/data/fma_small/126/126778.mp3,True,2
127280,Pop,/Users/gsretikkaprasad/Desktop/Music Data/data/fma_small/127/127280.mp3,True,5
116869,Instrumental,/Users/gsretikkaprasad/Desktop/Music Data/data/fma_small/116/116869.mp3,True,3
84136,Experimental,/Users/gsretikkaprasad/Desktop/Music Data/data/fma_small/084/084136.mp3,True,1
132964,Hip-Hop,/Users/gsretikkaprasad/Desktop/Music Data/data/fma_small/132/132964.mp3,True,6
126214,Instrumental,/Users/gsretikkaprasad/Desktop/Music Data/data/fma_small/126/126214.mp3,True,3
43796,Folk,/Users/gsretikkaprasad/Desktop/Music Data/data/fma_small/043/043796.mp3,True,2
47659,Electronic,/Users/gsretikkaprasad/Desktop/Music Data/data/fma_small/047/047659.mp3,True,0
15772,Electronic,/Users/gsretikkaprasad/Desktop/Music Data/data/fma_small/015/015772.mp3,True,0
615,Experimental,/Users/gsretikkaprasad/Desktop/Music Data/data/fma_small/000/000615.mp3,True,1
44781,Experimental,/Users/gsretikkaprasad/Desktop/Music Data/data/fma_small/044/044781.mp3,True,1
144466,Folk,/Users/gsretikkaprasad/Desktop/Music Data/data/fma_small/144/144466.mp3,True,2
83790,Rock,/Users/gsretikkaprasad/Desktop/Music Data/data/fma_small/083/083790.mp3,True,7
99441,Rock,/Users/gsretikkaprasad/Desktop/Music Data/data/fma_small/099/099441.mp3,True,7
22088,Hip-Hop,/Users/gsretikkaprasad/Desktop/Music Data/data/fma_small/022/022088.mp3,True,6
6390,International,/Users/gsretikkaprasad/Desktop/Music Data/data/fma_small/006/006390.mp3,True,4
149083,Pop,/Users/gsretikkaprasad/Desktop/Music Data/data/fma_small/149/149083.mp3,True,5
147086,Experimental,/Users/gsretikkaprasad/Desktop/Music Data/data/fma_small/147/147086.mp3,True,1
56804,Electronic,/Users/gsretikkaprasad/Desktop/Music Data/data/fma_small/056/056804.mp3,True,0
63287,Instrumental,/Users/gsretikkaprasad/Desktop/Music Data/data/fma_small/063/063287.mp3,True,3
120112,Pop,/Users/gsretikkaprasad/Desktop/Music Data/data/fma_small/120/120112.mp3,True,5
137174,Instrumental,/Users/gsretikkaprasad/Desktop/Music Data/data/fma_small/137/137174.mp3,True,3
141873,Electronic,/Users/gsretikkaprasad/Desktop/Music Data/data/fma_small/141/141873.mp3,True,0
15464,Experimental,/Users/gsretikkaprasad/Desktop/Music Data/data/fma_small/015/015464.mp3,True,1
108418,Electronic,/Users/gsretikkaprasad/Desktop/Music Data/data/fma_small/108/108418.mp3,True,0
56688,International,/Users/gsretikkaprasad/Desktop/Music Data/data/fma_small/056/056688.mp3,True,4
138318,Rock,/Users/gsretikkaprasad/Desktop/Music Data/data/fma_small/138/138318.mp3,True,7
20361,Instrumental,/Users/gsretikkaprasad/Desktop/Music Data/data/fma_small/020/020361.mp3,True,3
50836,Experimental,/Users/gsretikkaprasad/Desktop/Music Data/data/fma_small/050/050836.mp3,True,1
64331,Electronic,/Users/gsretikkaprasad/Desktop/Music Data/data/fma_small/064/064331.mp3,True,0
80686,International,/Users/gsretikkaprasad/Desktop/Music Data/data/fma_small/080/080686.mp3,True,4
129889,International,/Users/gsretikkaprasad/Desktop/Music Data/data/fma_small/129/129889.mp3,True,4
97987,Hip-Hop,/Users/gsretikkaprasad/Desktop/Music Data/data/fma_small/097/097987.mp3,True,6
26464,Folk,/Users/gsretikkaprasad/Desktop/Music Data/data/fma_small/026/026464.mp3,True,2
85421,Pop,/Users/gsretikkaprasad/Desktop/Music Data/data/fma_small/085/085421.mp3,True,5
22477,Pop,/Users/gsretikkaprasad/Desktop/Music Data/data/fma_small/022/022477.mp3,True,5
126016,Instrumental,/Users/gsretikkaprasad/Desktop/Music Data/data/fma_small/126/126016.mp3,True,3
42475,Rock,/Users/gsretikkaprasad/Desktop/Music Data/data/fma_small/042/042475.mp3,True,7
73762,International,/Users/gsretikkaprasad/Desktop/Music Data/data/fma_small/073/073762.mp3,True,4
78516,Hip-Hop,/Users/gsretikkaprasad/Desktop/Music Data/data/fma_small/078/078516.mp3,True,6
93716,Folk,/Users/gsretikkaprasad/Desktop/Music Data/data/fma_small/093/093716.mp3,True,2
133451,Instrumental,/Users/gsretikkaprasad/Desktop/Music Data/data/fma_small/133/133451.mp3,True,3
69563,Hip-Hop,/Users/gsretikkaprasad/Desktop/Music Data/data/fma_small/069/069563.mp3,True,6
143098,Rock,/Users/gsretikkaprasad/Desktop/Music Data/data/fma_small/143/143098.mp3,True,7
126646,Instrumental,/Users/gsretikkaprasad/Desktop/Music Data/data/fma_small/126/126646.mp3,True,3
16997,Rock,/Users/gsretikkaprasad/Desktop/Music Data/data/fma_small/016/016997.mp3,True,7
33203,Electronic,/Users/gsretikkaprasad/Desktop/Music Data/data/fma_small/033/033203.mp3,True,0
107432,Electronic,/Users/gsretikkaprasad/Desktop/Music Data/data/fma_small/107/107432.mp3,True,0
69745,Pop,/Users/gsretikkaprasad/Desktop/Music Data/data/fma_small/069/069745.mp3,True,5
17132,Folk,/Users/gsretikkaprasad/Desktop/Music Data/data/fma_small/017/017132.mp3,True,2
193,Folk,/Users/gsretikkaprasad/Desktop/Music Data/data/fma_small/000/000193.mp3,True,2
27673,Electronic,/Users/gsretikkaprasad/Desktop/Music Data/data/fma_small/027/027673.mp3,True,0
55240,International,/Users/gsretikkaprasad/Desktop/Music Data/data/fma_small/055/055240.mp3,True,4
44822,International,/Users/gsretikkaprasad/Desktop/Music Data/data/fma_small/044/044822.mp3,True,4
122106,Experimental,/Users/gsretikkaprasad/Desktop/Music Data/data/fma_small/122/122106.mp3,True,1
72146,Experimental,/Users/gsretikkaprasad/Desktop/Music Data/data/fma_small/072/072146.mp3,True,1
81868,Electronic,/Users/gsretikkaprasad/Desktop/Music Data/data/fma_small/081/081868.mp3,True,0
139995,Electronic,/Users/gsretikkaprasad/Desktop/Music Data/data/fma_small/139/139995.mp3,True,0
129091,Rock,/Users/gsretikkaprasad/Desktop/Music Data/data/fma_small/129/129091.mp3,True,7
44806,Pop,/Users/gsretikkaprasad/Desktop/Music Data/data/fma_small/044/044806.mp3,True,5
4076,International,/Users/gsretikkaprasad/Desktop/Music Data/data/fma_small/004/004076.mp3,True,4
93363,Electronic,/Users/gsretikkaprasad/Desktop/Music Data/data/fma_small/093/093363.mp3,True,0
57176,Folk,/Users/gsretikkaprasad/Desktop/Music Data/data/fma_small/057/057176.mp3,True,2
136424,Electronic,/Users/gsretikkaprasad/Desktop/Music Data/data/fma_small/136/136424.mp3,True,0
133573,Instrumental,/Users/gsretikkaprasad/Desktop/Music Data/data/fma_small/133/133573.mp3,True,3
122356,Folk,/Users/gsretikkaprasad/Desktop/Music Data/data/fma_small/122/122356.mp3,True,2
12394,Hip-Hop,/Users/gsretikkaprasad/Desktop/Music Data/data/fma_small/012/012394.mp3,True,6
135369,Rock,/Users/gsretikkaprasad/Desktop/Music Data/data/fma_small/135/135369.mp3,True,7
64990,Hip-Hop,/Users/gsretikkaprasad/Desktop/Music Data/data/fma_small/064/064990.mp3,True,6
111311,Rock,/Users/gsretikkaprasad/Desktop/Music Data/data/fma_small/111/111311.mp3,True,7
695,Hip-Hop,/Users/gsretikkaprasad/Desktop/Music Data/data/fma_small/000/000695.mp3,True,6
138256,Experimental,/Users/gsretikkaprasad/Desktop/Music Data/data/fma_small/138/138256.mp3,True,1
100522,Electronic,/Users/gsretikkaprasad/Desktop/Music Data/data/fma_small/100/100522.mp3,True,0
133781,Folk,/Users/gsretikkaprasad/Desktop/Music Data/data/fma_small/133/133781.mp3,True,2
27551,Pop,/Users/gsretikkaprasad/Desktop/Music Data/data/fma_small/027/027551.mp3,True,5
104276,Electronic,/Users/gsretikkaprasad/Desktop/Music Data/data/fma_small/104/104276.mp3,True,0
52128,International,/Users/gsretikkaprasad/Desktop/Music Data/data/fma_small/052/052128.mp3,True,4
6856,Folk,/Users/gsretikkaprasad/Desktop/Music Data/data/fma_small/006/006856.mp3,True,2
141144,Instrumental,/Users/gsretikkaprasad/Desktop/Music Data/data/fma_small/141/141144.mp3,True,3
137895,Hip-Hop,/Users/gsretikkaprasad/Desktop/Music Data/data/fma_small/137/137895.mp3,True,6
69793,Experimental,/Users/gsretikkaprasad/Desktop/Music Data/data/fma_small/069/069793.mp3,True,1
14690,Experimental,/Users/gsretikkaprasad/Desktop/Music Data/data/fma_small/014/014690.mp3,True,1
154413,Pop,/Users/gsretikkaprasad/Desktop/Music Data/data/fma_small/154/154413.mp3,True,5
14570,Instrumental,/Users/gsretikkaprasad/Desktop/Music Data/data/fma_small/014/014570.mp3,True,3
81033,Folk,/Users/gsretikkaprasad/Desktop/Music Data/data/fma_small/081/081033.mp3,True,2
55712,Rock,/Users/gsretikkaprasad/Desktop/Music Data/data/fma_small/055/055712.mp3,True,7
68355,Pop,/Users/gsretikkaprasad/Desktop/Music Data/data/fma_small/068/068355.mp3,True,5
147020,Hip-Hop,/Users/gsretikkaprasad/Desktop/Music Data/data/fma_small/147/147020.mp3,True,6
131795,Instrumental,/Users/gsretikkaprasad/Desktop/Music Data/data/fma_small/131/131795.mp3,True,3
80001,Folk,/Users/gsretikkaprasad/Desktop/Music Data/data/fma_small/080/080001.mp3,True,2
114047,Hip-Hop,/Users/gsretikkaprasad/Desktop/Music Data/data/fma_small/114/114047.mp3,True,6
108487,Hip-Hop,/Users/gsretikkaprasad/Desktop/Music Data/data/fma_small/108/108487.mp3,True,6
132138,Electronic,/Users/gsretikkaprasad/Desktop/Music Data/data/fma_small/132/132138.mp3,True,0
125161,Electronic,/Users/gsretikkaprasad/Desktop/Music Data/data/fma_small/125/125161.mp3,True,0
71822,Electronic,/Users/gsretikkaprasad/Desktop/Music Data/data/fma_small/071/071822.mp3,True,0
82628,International,/Users/gsretikkaprasad/Desktop/Music Data/data/fma_small/082/082628.mp3,True,4
113280,International,/Users/gsretikkaprasad/Desktop/Music Data/data/fma_small/113/113280.mp3,True,4
126508,Experimental,/Users/gsretikkaprasad/Desktop/Music Data/data/fma_small/126/126508.mp3,True,1
38821,International,/Users/gsretikkaprasad/Desktop/Music Data/data/fma_small/038/038821.mp3,True,4
134385,Pop,/Users/gsretikkaprasad/Desktop/Music Data/data/fma_small/134/134385.mp3,True,5
103519,Instrumental,/Users/gsretikkaprasad/Desktop/Music Data/data/fma_small/103/103519.mp3,True,3
62592,International,/Users/gsretikkaprasad/Desktop/Music Data/data/fma_small/062/062592.mp3,True,4
127996,Instrumental,/Users/gsretikkaprasad/Desktop/Music Data/data/fma_small/127/127996.mp3,True,3
26641,Rock,/Users/gsretikkaprasad/Desktop/Music Data/data/fma_small/026/026641.mp3,True,7
130137,Electronic,/Users/gsretikkaprasad/Desktop/Music Data/data/fma_small/130/130137.mp3,True,0
90826,Pop,/Users/gsretikkaprasad/Desktop/Music Data/data/fma_small/090/090826.mp3,True,5
92948,Instrumental,/Users/gsretikkaprasad/Desktop/Music Data/data/fma_small/092/092948.mp3,True,3
107535,Instrumental,/Users/gsretikkaprasad/Desktop/Music Data/data/fma_small/107/107535.mp3,True,3
127350,Electronic,/Users/gsretikkaprasad/Desktop/Music Data/data/fma_small/127/127350.mp3,True,0
108836,Hip-Hop,/Users/gsretikkaprasad/Desktop/Music Data/data/fma_small/108/108836.mp3,True,6
27552,Pop,/Users/gsretikkaprasad/Desktop/Music Data/data/fma_small/027/027552.mp3,True,5
116586,Experimental,/Users/gsretikkaprasad/Desktop/Music Data/data/fma_small/116/116586.mp3,True,1
87104,Instrumental,/Users/gsretikkaprasad/Desktop/Music Data/data/fma_small/087/087104.mp3,True,3
139534,Instrumental,/Users/gsretikkaprasad/Desktop/Music Data/data/fma_small/139/139534.mp3,True,3
128668,Hip-Hop,/Users/gsretikkaprasad/Desktop/Music Data/data/fma_small/128/128668.mp3,True,6
69762,Folk,/Users/gsretikkaprasad/Desktop/Music Data/data/fma_small/069/069762.mp3,True,2
54470,International,/Users/gsretikkaprasad/Desktop/Music Data/data/fma_small/054/054470.mp3,True,4
139485,Instrumental,/Users/gsretikkaprasad/Desktop/Music Data/data/fma_small/139/139485.mp3,True,3
35008,Experimental,/Users/gsretikkaprasad/Desktop/Music Data/data/fma_small/035/035008.mp3,True,1
126408,Instrumental,/Users/gsretikkaprasad/Desktop/Music Data/data/fma_small/126/126408.mp3,True,3
137998,Rock,/Users/gsretikkaprasad/Desktop/Music Data/data/fma_small/137/137998.mp3,True,7
129880,International,/Users/gsretikkaprasad/Desktop/Music Data/data/fma_small/129/129880.mp3,True,4
90804,Experimental,/Users/gsretikkaprasad/Desktop/Music Data/data/fma_small/090/090804.mp3,True,1
138578,Electronic,/Users/gsretikkaprasad/Desktop/Music Data/data/fma_small/138/138578.mp3,True,0
130667,Folk,/Users/gsretikkaprasad/Desktop/Music Data/data/fma_small/130/130667.mp3,True,2
144214,Hip-Hop,/Users/gsretikkaprasad/Desktop/Music Data/data/fma_small/144/144214.mp3,True,6
96401,Rock,/Users/gsretikkaprasad/Desktop/Music Data/data/fma_small/096/096401.mp3,True,7
13748,Hip-Hop,/Users/gsretikkaprasad/Desktop/Music Data/data/fma_small/013/013748.mp3,True,6
105826,Hip-Hop,/Users/gsretikkaprasad/Desktop/Music Data/data/fma_small/105/105826.mp3,True,6
60775,International,/Users/gsretikkaprasad/Desktop/Music Data/data/fma_small/060/060775.mp3,True,4
69204,Electronic,/Users/gsretikkaprasad/Desktop/Music Data/data/fma_small/069/069204.mp3,True,0
38881,Experimental,/Users/gsretikkaprasad/Desktop/Music Data/data/fma_small/038/038881.mp3,True,1
98251,Rock,/Users/gsretikkaprasad/Desktop/Music Data/data/fma_small/098/098251.mp3,True,7
127193,Folk,/Users/gsretikkaprasad/Desktop/Music Data/data/fma_small/127/127193.mp3,True,2
114295,Electronic,/Users/gsretikkaprasad/Desktop/Music Data/data/fma_small/114/114295.mp3,True,0
60535,International,/Users/gsretikkaprasad/Desktop/Music Data/data/fma_small/060/060535.mp3,True,4
131449,Pop,/Users/gsretikkaprasad/Desktop/Music Data/data/fma_small/131/131449.mp3,True,5
41819,Pop,/Users/gsretikkaprasad/Desktop/Music Data/data/fma_small/041/041819.mp3,True,5
115125,Experimental,/Users/gsretikkaprasad/Desktop/Music Data/data/fma_small/115/115125.mp3,True,1
123761,Instrumental,/Users/gsretikkaprasad/Desktop/Music Data/data/fma_small/123/123761.mp3,True,3
98547,Hip-Hop,/Users/gsretikkaprasad/Desktop/Music Data/data/fma_small/098/098547.mp3,True,6
59687,International,/Users/gsretikkaprasad/Desktop/Music Data/data/fma_small/059/059687.mp3,True,4
50447,Rock,/Users/gsretikkaprasad/Desktop/Music Data/data/fma_small/050/050447.mp3,True,7
127497,Instrumental,/Users/gsretikkaprasad/Desktop/Music Data/data/fma_small/127/127497.mp3,True,3
114061,Electronic,/Users/gsretikkaprasad/Desktop/Music Data/data/fma_small/114/114061.mp3,True,0
95452,Instrumental,/Users/gsretikkaprasad/Desktop/Music Data/data/fma_small/095/095452.mp3,True,3
113970,Electronic,/Users/gsretikkaprasad/Desktop/Music Data/data/fma_small/113/113970.mp3,True,0
55295,Pop,/Users/gsretikkaprasad/Desktop/Music Data/data/fma_small/055/055295.mp3,True,5
116240,Electronic,/Users/gsretikkaprasad/Desktop/Music Data/data/fma_small/116/116240.mp3,True,0
126414,Instrumental,/Users/gsretikkaprasad/Desktop/Music Data/data/fma_small/126/126414.mp3,True,3
127720,Rock,/Users/gsretikkaprasad/Desktop/Music Data/data/fma_small/127/127720.mp3,True,7
45125,Pop,/Users/gsretikkaprasad/Desktop/Music Data/data/fma_small/045/045125.mp3,True,5
114533,Instrumental,/Users/gsretikkaprasad/Desktop/Music Data/data/fma_small/114/114533.mp3,True,3
73820,Experimental,/Users/gsretikkaprasad/Desktop/Music Data/data/fma_small/073/073820.mp3,True,1
91160,Pop,/Users/gsretikkaprasad/Desktop/Music Data/data/fma_small/091/091160.mp3,True,5
134791,Instrumental,/Users/gsretikkaprasad/Desktop/Music Data/data/fma_small/134/134791.mp3,True,3
37147,Rock,/Users/gsretikkaprasad/Desktop/Music Data/data/fma_small/037/037147.mp3,True,7
148130,Instrumental,/Users/gsretikkaprasad/Desktop/Music Data/data/fma_small/148/148130.mp3,True,3
74376,Experimental,/Users/gsretikkaprasad/Desktop/Music Data/data/fma_small/074/074376.mp3,True,1
91093,Rock,/Users/gsretikkaprasad/Desktop/Music Data/data/fma_small/091/091093.mp3,True,7
101864,Experimental,/Users/gsretikkaprasad/Desktop/Music Data/data/fma_small/101/101864.mp3,True,1
43030,International,/Users/gsretikkaprasad/Desktop/Music Data/data/fma_small/043/043030.mp3,True,4
144740,Hip-Hop,/Users/gsretikkaprasad/Desktop/Music Data/data/fma_small/144/144740.mp3,True,6
80035,Rock,/Users/gsretikkaprasad/Desktop/Music Data/data/fma_small/080/080035.mp3,True,7
126242,Instrumental,/Users/gsretikkaprasad/Desktop/Music Data/data/fma_small/126/126242.mp3,True,3
91178,International,/Users/gsretikkaprasad/Desktop/Music Data/data/fma_small/091/091178.mp3,True,4
115268,International,/Users/gsretikkaprasad/Desktop/Music Data/data/fma_small/115/115268.mp3,True,4
138218,Hip-Hop,/Users/gsretikkaprasad/Desktop/Music Data/data/fma_small/138/138218.mp3,True,6
48457,Pop,/Users/gsretikkaprasad/Desktop/Music Data/data/fma_small/048/048457.mp3,True,5
24741,International,/Users/gsretikkaprasad/Desktop/Music Data/data/fma_small/024/024741.mp3,True,4
52451,Instrumental,/Users/gsretikkaprasad/Desktop/Music Data/data/fma_small/052/052451.mp3,True,3
97841,Experimental,/Users/gsretikkaprasad/Desktop/Music Data/data/fma_small/097/097841.mp3,True,1
132568,Instrumental,/Users/gsretikkaprasad/Desktop/Music Data/data/fma_small/132/132568.mp3,True,3
124915,Electronic,/Users/gsretikkaprasad/Desktop/Music Data/data/fma_small/124/124915.mp3,True,0
122807,Pop,/Users/gsretikkaprasad/Desktop/Music Data/data/fma_small/122/122807.mp3,True,5
86119,Pop,/Users/gsretikkaprasad/Desktop/Music Data/data/fma_small/086/086119.mp3,True,5
85963,Folk,/Users/gsretikkaprasad/Desktop/Music Data/data/fma_small/085/085963.mp3,True,2
133449,Instrumental,/Users/gsretikkaprasad/Desktop/Music Data/data/fma_small/133/133449.mp3,True,3
56646,Rock,/Users/gsretikkaprasad/Desktop/Music Data/data/fma_small/056/056646.mp3,True,7
55827,International,/Users/gsretikkaprasad/Desktop/Music Data/data/fma_small/055/055827.mp3,True,4
50543,Rock,/Users/gsretikkaprasad/Desktop/Music Data/data/fma_small/050/050543.mp3,True,7
51954,Electronic,/Users/gsretikkaprasad/Desktop/Music Data/data/fma_small/051/051954.mp3,True,0
60537,International,/Users/gsretikkaprasad/Desktop/Music Data/data/fma_small/060/060537.mp3,True,4
109480,Folk,/Users/gsretikkaprasad/Desktop/Music Data/data/fma_small/109/109480.mp3,True,2
107531,Instrumental,/Users/gsretikkaprasad/Desktop/Music Data/data/fma_small/107/107531.mp3,True,3
154308,Hip-Hop,/Users/gsretikkaprasad/Desktop/Music Data/data/fma_small/154/154308.mp3,True,6
68573,Experimental,/Users/gsretikkaprasad/Desktop/Music Data/data/fma_small/068/068573.mp3,True,1
107257,International,/Users/gsretikkaprasad/Desktop/Music Data/data/fma_small/107/107257.mp3,True,4
116466,Instrumental,/Users/gsretikkaprasad/Desktop/Music Data/data/fma_small/116/116466.mp3,True,3
98680,International,/Users/gsretikkaprasad/Desktop/Music Data/data/fma_small/098/098680.mp3,True,4
30522,Electronic,/Users/gsretikkaprasad/Desktop/Music Data/data/fma_small/030/030522.mp3,True,0
147956,Rock,/Users/gsretikkaprasad/Desktop/Music Data/data/fma_small/147/147956.mp3,True,7
73774,International,/Users/gsretikkaprasad/Desktop/Music Data/data/fma_small/073/073774.mp3,True,4
38435,Rock,/Users/gsretikkaprasad/Desktop/Music Data/data/fma_small/038/038435.mp3,True,7
108925,Rock,/Users/gsretikkaprasad/Desktop/Music Data/data/fma_small/108/108925.mp3,True,7
96166,International,/Users/gsretikkaprasad/Desktop/Music Data/data/fma_small/096/096166.mp3,True,4
55241,International,/Users/gsretikkaprasad/Desktop/Music Data/data/fma_small/055/055241.mp3,True,4
105672,Electronic,/Users/gsretikkaprasad/Desktop/Music Data/data/fma_small/105/105672.mp3,True,0
86763,Rock,/Users/gsretikkaprasad/Desktop/Music Data/data/fma_small/086/086763.mp3,True,7
71709,Pop,/Users/gsretikkaprasad/Desktop/Music Data/data/fma_small/071/071709.mp3,True,5
111222,Instrumental,/Users/gsretikkaprasad/Desktop/Music Data/data/fma_small/111/111222.mp3,True,3
51273,Pop,/Users/gsretikkaprasad/Desktop/Music Data/data/fma_small/051/051273.mp3,True,5
142528,Folk,/Users/gsretikkaprasad/Desktop/Music Data/data/fma_small/142/142528.mp3,True,2
139524,Folk,/Users/gsretikkaprasad/Desktop/Music Data/data/fma_small/139/139524.mp3,True,2
116870,Instrumental,/Users/gsretikkaprasad/Desktop/Music Data/data/fma_small/116/116870.mp3,True,3
4836,Rock,/Users/gsretikkaprasad/Desktop/Music Data/data/fma_small/004/004836.mp3,True,7
32338,Pop,/Users/gsretikkaprasad/Desktop/Music Data/data/fma_small/032/032338.mp3,True,5
36994,Hip-Hop,/Users/gsretikkaprasad/Desktop/Music Data/data/fma_small/036/036994.mp3,True,6
121314,Hip-Hop,/Users/gsretikkaprasad/Desktop/Music Data/data/fma_small/121/121314.mp3,True,6
126292,Electronic,/Users/gsretikkaprasad/Desktop/Music Data/data/fma_small/126/126292.mp3,True,0
126672,Rock,/Users/gsretikkaprasad/Desktop/Music Data/data/fma_small/126/126672.mp3,True,7
48042,Experimental,/Users/gsretikkaprasad/Desktop/Music Data/data/fma_small/048/048042.mp3,True,1
65780,Electronic,/Users/gsretikkaprasad/Desktop/Music Data/data/fma_small/065/065780.mp3,True,0
75931,Hip-Hop,/Users/gsretikkaprasad/Desktop/Music Data/data/fma_small/075/075931.mp3,True,6
38966,Experimental,/Users/gsretikkaprasad/Desktop/Music Data/data/fma_small/038/038966.mp3,True,1
131953,International,/Users/gsretikkaprasad/Desktop/Music Data/data/fma_small/131/131953.mp3,True,4
6776,Rock,/Users/gsretikkaprasad/Desktop/Music Data/data/fma_small/006/006776.mp3,True,7
66539,Rock,/Users/gsretikkaprasad/Desktop/Music Data/data/fma_small/066/066539.mp3,True,7
87324,Pop,/Users/gsretikkaprasad/Desktop/Music Data/data/fma_small/087/087324.mp3,True,5
64919,Rock,/Users/gsretikkaprasad/Desktop/Music Data/data/fma_small/064/064919.mp3,True,7
12065,Folk,/Users/gsretikkaprasad/Desktop/Music Data/data/fma_small/012/012065.mp3,True,2
126884,Instrumental,/Users/gsretikkaprasad/Desktop/Music Data/data/fma_small/126/126884.mp3,True,3
146482,Rock,/Users/gsretikkaprasad/Desktop/Music Data/data/fma_small/146/146482.mp3,True,7
92885,Experimental,/Users/gsretikkaprasad/Desktop/Music Data/data/fma_small/092/092885.mp3,True,1
75752,Hip-Hop,/Users/gsretikkaprasad/Desktop/Music Data/data/fma_small/075/075752.mp3,True,6
120109,Pop,/Users/gsretikkaprasad/Desktop/Music Data/data/fma_small/120/120109.mp3,True,5
113344,Folk,/Users/gsretikkaprasad/Desktop/Music Data/data/fma_small/113/113344.mp3,True,2
64519,Hip-Hop,/Users/gsretikkaprasad/Desktop/Music Data/data/fma_small/064/064519.mp3,True,6
53156,International,/Users/gsretikkaprasad/Desktop/Music Data/data/fma_small/053/053156.mp3,True,4
112209,Instrumental,/Users/gsretikkaprasad/Desktop/Music Data/data/fma_small/112/112209.mp3,True,3
65038,Electronic,/Users/gsretikkaprasad/Desktop/Music Data/data/fma_small/065/065038.mp3,True,0
42023,International,/Users/gsretikkaprasad/Desktop/Music Data/data/fma_small/042/042023.mp3,True,4
24217,Experimental,/Users/gsretikkaprasad/Desktop/Music Data/data/fma_small/024/024217.mp3,True,1
122622,Instrumental,/Users/gsretikkaprasad/Desktop/Music Data/data/fma_small/122/122622.mp3,True,3
74954,Hip-Hop,/Users/gsretikkaprasad/Desktop/Music Data/data/fma_small/074/074954.mp3,True,6
115775,Instrumental,/Users/gsretikkaprasad/Desktop/Music Data/data/fma_small/115/115775.mp3,True,3
107592,Folk,/Users/gsretikkaprasad/Desktop/Music Data/data/fma_small/107/107592.mp3,True,2
145431,Instrumental,/Users/gsretikkaprasad/Desktop/Music Data/data/fma_small/145/145431.mp3,True,3
111149,Instrumental,/Users/gsretikkaprasad/Desktop/Music Data/data/fma_small/111/111149.mp3,True,3
57179,Pop,/Users/gsretikkaprasad/Desktop/Music Data/data/fma_small/057/057179.mp3,True,5
11788,Hip-Hop,/Users/gsretikkaprasad/Desktop/Music Data/data/fma_small/011/011788.mp3,True,6
42014,International,/Users/gsretikkaprasad/Desktop/Music Data/data/fma_small/042/042014.mp3,True,4
114374,Instrumental,/Users/gsretikkaprasad/Desktop/Music Data/data/fma_small/114/114374.mp3,True,3
114414,Rock,/Users/gsretikkaprasad/Desktop/Music Data/data/fma_small/114/114414.mp3,True,7
19673,International,/Users/gsretikkaprasad/Desktop/Music Data/data/fma_small/019/019673.mp3,True,4
123968,Hip-Hop,/Users/gsretikkaprasad/Desktop/Music Data/data/fma_small/123/123968.mp3,True,6
136449,Hip-Hop,/Users/gsretikkaprasad/Desktop/Music Data/data/fma_small/136/136449.mp3,True,6
51120,Pop,/Users/gsretikkaprasad/Desktop/Music Data/data/fma_small/051/051120.mp3,True,5
107852,Folk,/Users/gsretikkaprasad/Desktop/Music Data/data/fma_small/107/107852.mp3,True,2
98613,Hip-Hop,/Users/gsretikkaprasad/Desktop/Music Data/data/fma_small/098/098613.mp3,True,6
120207,Pop,/Users/gsretikkaprasad/Desktop/Music Data/data/fma_small/120/120207.mp3,True,5
706,International,/Users/gsretikkaprasad/Desktop/Music Data/data/fma_small/000/000706.mp3,True,4
79741,Pop,/Users/gsretikkaprasad/Desktop/Music Data/data/fma_small/079/079741.mp3,True,5
114222,Instrumental,/Users/gsretikkaprasad/Desktop/Music Data/data/fma_small/114/114222.mp3,True,3
105719,Experimental,/Users/gsretikkaprasad/Desktop/Music Data/data/fma_small/105/105719.mp3,True,1
91934,Folk,/Users/gsretikkaprasad/Desktop/Music Data/data/fma_small/091/091934.mp3,True,2
134790,Instrumental,/Users/gsretikkaprasad/Desktop/Music Data/data/fma_small/134/134790.mp3,True,3
108502,Rock,/Users/gsretikkaprasad/Desktop/Music Data/data/fma_small/108/108502.mp3,True,7
121737,Pop,/Users/gsretikkaprasad/Desktop/Music Data/data/fma_small/121/121737.mp3,True,5
87361,Rock,/Users/gsretikkaprasad/Desktop/Music Data/data/fma_small/087/087361.mp3,True,7
116099,Instrumental,/Users/gsretikkaprasad/Desktop/Music Data/data/fma_small/116/116099.mp3,True,3
79977,Experimental,/Users/gsretikkaprasad/Desktop/Music Data/data/fma_small/079/079977.mp3,True,1
7378,Experimental,/Users/gsretikkaprasad/Desktop/Music Data/data/fma_small/007/007378.mp3,True,1
105443,Hip-Hop,/Users/gsretikkaprasad/Desktop/Music Data/data/fma_small/105/105443.mp3,True,6
113558,Experimental,/Users/gsretikkaprasad/Desktop/Music Data/data/fma_small/113/113558.mp3,True,1
98557,Hip-Hop,/Users/gsretikkaprasad/Desktop/Music Data/data/fma_small/098/098557.mp3,True,6
124756,Electronic,/Users/gsretikkaprasad/Desktop/Music Data/data/fma_small/124/124756.mp3,True,0
31888,International,/Users/gsretikkaprasad/Desktop/Music Data/data/fma_small/031/031888.mp3,True,4
54624,Rock,/Users/gsretikkaprasad/Desktop/Music Data/data/fma_small/054/054624.mp3,True,7
45388,Instrumental,/Users/gsretikkaprasad/Desktop/Music Data/data/fma_small/045/045388.mp3,True,3
125160,Electronic,/Users/gsretikkaprasad/Desktop/Music Data/data/fma_small/125/125160.mp3,True,0
99704,Electronic,/Users/gsretikkaprasad/Desktop/Music Data/data/fma_small/099/099704.mp3,True,0
142949,Rock,/Users/gsretikkaprasad/Desktop/Music Data/data/fma_small/142/142949.mp3,True,7
79593,Folk,/Users/gsretikkaprasad/Desktop/Music Data/data/fma_small/079/079593.mp3,True,2
72072,Electronic,/Users/gsretikkaprasad/Desktop/Music Data/data/fma_small/072/072072.mp3,True,0
127189,Pop,/Users/gsretikkaprasad/Desktop/Music Data/data/fma_small/127/127189.mp3,True,5
86788,Rock,/Users/gsretikkaprasad/Desktop/Music Data/data/fma_small/086/086788.mp3,True,7
126588,Instrumental,/Users/gsretikkaprasad/Desktop/Music Data/data/fma_small/126/126588.mp3,True,3
87069,Electronic,/Users/gsretikkaprasad/Desktop/Music Data/data/fma_small/087/087069.mp3,True,0
48269,Experimental,/Users/gsretikkaprasad/Desktop/Music Data/data/fma_small/048/048269.mp3,True,1
108491,Hip-Hop,/Users/gsretikkaprasad/Desktop/Music Data/data/fma_small/108/108491.mp3,True,6
9476,Experimental,/Users/gsretikkaprasad/Desktop/Music Data/data/fma_small/009/009476.mp3,True,1
52129,International,/Users/gsretikkaprasad/Desktop/Music Data/data/fma_small/052/052129.mp3,True,4
127484,Experimental,/Users/gsretikkaprasad/Desktop/Music Data/data/fma_small/127/127484.mp3,True,1
115849,Experimental,/Users/gsretikkaprasad/Desktop/Music Data/data/fma_small/115/115849.mp3,True,1
73087,Pop,/Users/gsretikkaprasad/Desktop/Music Data/data/fma_small/073/073087.mp3,True,5
150288,Hip-Hop,/Users/gsretikkaprasad/Desktop/Music Data/data/fma_small/150/150288.mp3,True,6
52393,Pop,/Users/gsretikkaprasad/Desktop/Music Data/data/fma_small/052/052393.mp3,True,5
66650,Pop,/Users/gsretikkaprasad/Desktop/Music Data/data/fma_small/066/066650.mp3,True,5
144600,Instrumental,/Users/gsretikkaprasad/Desktop/Music Data/data/fma_small/144/144600.mp3,True,3
136468,Hip-Hop,/Users/gsretikkaprasad/Desktop/Music Data/data/fma_small/136/136468.mp3,True,6
49857,Folk,/Users/gsretikkaprasad/Desktop/Music Data/data/fma_small/049/049857.mp3,True,2
141618,Electronic,/Users/gsretikkaprasad/Desktop/Music Data/data/fma_small/141/141618.mp3,True,0
14318,International,/Users/gsretikkaprasad/Desktop/Music Data/data/fma_small/014/014318.mp3,True,4
85828,Electronic,/Users/gsretikkaprasad/Desktop/Music Data/data/fma_small/085/085828.mp3,True,0
66637,Electronic,/Users/gsretikkaprasad/Desktop/Music Data/data/fma_small/066/066637.mp3,True,0
38888,Experimental,/Users/gsretikkaprasad/Desktop/Music Data/data/fma_small/038/038888.mp3,True,1
131451,Pop,/Users/gsretikkaprasad/Desktop/Music Data/data/fma_small/131/131451.mp3,True,5
119942,Hip-Hop,/Users/gsretikkaprasad/Desktop/Music Data/data/fma_small/119/119942.mp3,True,6
110681,Experimental,/Users/gsretikkaprasad/Desktop/Music Data/data/fma_small/110/110681.mp3,True,1
24420,Hip-Hop,/Users/gsretikkaprasad/Desktop/Music Data/data/fma_small/024/024420.mp3,True,6
89857,Hip-Hop,/Users/gsretikkaprasad/Desktop/Music Data/data/fma_small/089/089857.mp3,True,6
131938,International,/Users/gsretikkaprasad/Desktop/Music Data/data/fma_small/131/131938.mp3,True,4
140620,Hip-Hop,/Users/gsretikkaprasad/Desktop/Music Data/data/fma_small/140/140620.mp3,True,6
83715,Hip-Hop,/Users/gsretikkaprasad/Desktop/Music Data/data/fma_small/083/083715.mp3,True,6
133440,Instrumental,/Users/gsretikkaprasad/Desktop/Music Data/data/fma_small/133/133440.mp3,True,3
136137,Folk,/Users/gsretikkaprasad/Desktop/Music Data/data/fma_small/136/136137.mp3,True,2
149124,Hip-Hop,/Users/gsretikkaprasad/Desktop/Music Data/data/fma_small/149/149124.mp3,True,6
148443,Electronic,/Users/gsretikkaprasad/Desktop/Music Data/data/fma_small/148/148443.mp3,True,0
143305,Instrumental,/Users/gsretikkaprasad/Desktop/Music Data/data/fma_small/143/143305.mp3,True,3
24366,International,/Users/gsretikkaprasad/Desktop/Music Data/data/fma_small/024/024366.mp3,True,4
120328,Instrumental,/Users/gsretikkaprasad/Desktop/Music Data/data/fma_small/120/120328.mp3,True,3
29040,Electronic,/Users/gsretikkaprasad/Desktop/Music Data/data/fma_small/029/029040.mp3,True,0
120312,Instrumental,/Users/gsretikkaprasad/Desktop/Music Data/data/fma_small/120/120312.mp3,True,3
79988,Folk,/Users/gsretikkaprasad/Desktop/Music Data/data/fma_small/079/079988.mp3,True,2
96169,International,/Users/gsretikkaprasad/Desktop/Music Data/data/fma_small/096/096169.mp3,True,4
86486,Instrumental,/Users/gsretikkaprasad/Desktop/Music Data/data/fma_small/086/086486.mp3,True,3
85788,Rock,/Users/gsretikkaprasad/Desktop/Music Data/data/fma_small/085/085788.mp3,True,7
97545,Electronic,/Users/gsretikkaprasad/Desktop/Music Data/data/fma_small/097/097545.mp3,True,0
91960,International,/Users/gsretikkaprasad/Desktop/Music Data/data/fma_small/091/091960.mp3,True,4
126747,Folk,/Users/gsretikkaprasad/Desktop/Music Data/data/fma_small/126/126747.mp3,True,2
81576,Instrumental,/Users/gsretikkaprasad/Desktop/Music Data/data/fma_small/081/081576.mp3,True,3
145748,Hip-Hop,/Users/gsretikkaprasad/Desktop/Music Data/data/fma_small/145/145748.mp3,True,6
74371,Experimental,/Users/gsretikkaprasad/Desktop/Music Data/data/fma_small/074/074371.mp3,True,1
126406,Pop,/Users/gsretikkaprasad/Desktop/Music Data/data/fma_small/126/126406.mp3,True,5
133275,Rock,/Users/gsretikkaprasad/Desktop/Music Data/data/fma_small/133/133275.mp3,True,7
71133,Folk,/Users/gsretikkaprasad/Desktop/Music Data/data/fma_small/071/071133.mp3,True,2
52041,Pop,/Users/gsretikkaprasad/Desktop/Music Data/data/fma_small/052/052041.mp3,True,5
69199,Electronic,/Users/gsretikkaprasad/Desktop/Music Data/data/fma_small/069/069199.mp3,True,0
26655,Electronic,/Users/gsretikkaprasad/Desktop/Music Data/data/fma_small/026/026655.mp3,True,0
81436,Instrumental,/Users/gsretikkaprasad/Desktop/Music Data/data/fma_small/081/081436.mp3,True,3
80002,Folk,/Users/gsretikkaprasad/Desktop/Music Data/data/fma_small/080/080002.mp3,True,2
106458,Folk,/Users/gsretikkaprasad/Desktop/Music Data/data/fma_small/106/106458.mp3,True,2
109144,Experimental,/Users/gsretikkaprasad/Desktop/Music Data/data/fma_small/109/109144.mp3,True,1
138410,Folk,/Users/gsretikkaprasad/Desktop/Music Data/data/fma_small/138/138410.mp3,True,2
115944,Folk,/Users/gsretikkaprasad/Desktop/Music Data/data/fma_small/115/115944.mp3,True,2
7711,Folk,/Users/gsretikkaprasad/Desktop/Music Data/data/fma_small/007/007711.mp3,True,2
46844,Pop,/Users/gsretikkaprasad/Desktop/Music Data/data/fma_small/046/046844.mp3,True,5
11019,Experimental,/Users/gsretikkaprasad/Desktop/Music Data/data/fma_small/011/011019.mp3,True,1
114268,Hip-Hop,/Users/gsretikkaprasad/Desktop/Music Data/data/fma_small/114/114268.mp3,True,6
91162,Pop,/Users/gsretikkaprasad/Desktop/Music Data/data/fma_small/091/091162.mp3,True,5
42911,Pop,/Users/gsretikkaprasad/Desktop/Music Data/data/fma_small/042/042911.mp3,True,5
64590,International,/Users/gsretikkaprasad/Desktop/Music Data/data/fma_small/064/064590.mp3,True,4
141901,Pop,/Users/gsretikkaprasad/Desktop/Music Data/data/fma_small/141/141901.mp3,True,5
126401,Pop,/Users/gsretikkaprasad/Desktop/Music Data/data/fma_small/126/126401.mp3,True,5
94039,Instrumental,/Users/gsretikkaprasad/Desktop/Music Data/data/fma_small/094/094039.mp3,True,3
106502,Instrumental,/Users/gsretikkaprasad/Desktop/Music Data/data/fma_small/106/106502.mp3,True,3
98681,International,/Users/gsretikkaprasad/Desktop/Music Data/data/fma_small/098/098681.mp3,True,4
117628,Folk,/Users/gsretikkaprasad/Desktop/Music Data/data/fma_small/117/117628.mp3,True,2
131942,International,/Users/gsretikkaprasad/Desktop/Music Data/data/fma_small/131/131942.mp3,True,4
46525,Instrumental,/Users/gsretikkaprasad/Desktop/Music Data/data/fma_small/046/046525.mp3,True,3
122261,Experimental,/Users/gsretikkaprasad/Desktop/Music Data/data/fma_small/122/122261.mp3,True,1
105414,Electronic,/Users/gsretikkaprasad/Desktop/Music Data/data/fma_small/105/105414.mp3,True,0
118569,Hip-Hop,/Users/gsretikkaprasad/Desktop/Music Data/data/fma_small/118/118569.mp3,True,6
54152,Instrumental,/Users/gsretikkaprasad/Desktop/Music Data/data/fma_small/054/054152.mp3,True,3
112780,Experimental,/Users/gsretikkaprasad/Desktop/Music Data/data/fma_small/112/112780.mp3,True,1
27805,Pop,/Users/gsretikkaprasad/Desktop/Music Data/data/fma_small/027/027805.mp3,True,5
134928,International,/Users/gsretikkaprasad/Desktop/Music Data/data/fma_small/134/134928.mp3,True,4
103523,Instrumental,/Users/gsretikkaprasad/Desktop/Music Data/data/fma_small/103/103523.mp3,True,3
141617,Electronic,/Users/gsretikkaprasad/Desktop/Music Data/data/fma_small/141/141617.mp3,True,0
125774,Rock,/Users/gsretikkaprasad/Desktop/Music Data/data/fma_small/125/125774.mp3,True,7
72134,Hip-Hop,/Users/gsretikkaprasad/Desktop/Music Data/data/fma_small/072/072134.mp3,True,6
73761,International,/Users/gsretikkaprasad/Desktop/Music Data/data/fma_small/073/073761.mp3,True,4
129405,International,/Users/gsretikkaprasad/Desktop/Music Data/data/fma_small/129/129405.mp3,True,4
75379,Hip-Hop,/Users/gsretikkaprasad/Desktop/Music Data/data/fma_small/075/075379.mp3,True,6
83600,Instrumental,/Users/gsretikkaprasad/Desktop/Music Data/data/fma_small/083/083600.mp3,True,3
129883,International,/Users/gsretikkaprasad/Desktop/Music Data/data/fma_small/129/129883.mp3,True,4
123973,Hip-Hop,/Users/gsretikkaprasad/Desktop/Music Data/data/fma_small/123/123973.mp3,True,6
145606,Rock,/Users/gsretikkaprasad/Desktop/Music Data/data/fma_small/145/145606.mp3,True,7
26302,Folk,/Users/gsretikkaprasad/Desktop/Music Data/data/fma_small/026/026302.mp3,True,2
32686,Hip-Hop,/Users/gsretikkaprasad/Desktop/Music Data/data/fma_small/032/032686.mp3,True,6
68592,Hip-Hop,/Users/gsretikkaprasad/Desktop/Music Data/data/fma_small/068/068592.mp3,True,6
114371,Instrumental,/Users/gsretikkaprasad/Desktop/Music Data/data/fma_small/114/114371.mp3,True,3
109971,Pop,/Users/gsretikkaprasad/Desktop/Music Data/data/fma_small/109/109971.mp3,True,5
126598,Rock,/Users/gsretikkaprasad/Desktop/Music Data/data/fma_small/126/126598.mp3,True,7
1083,Experimental,/Users/gsretikkaprasad/Desktop/Music Data/data/fma_small/001/001083.mp3,True,1
17637,International,/Users/gsretikkaprasad/Desktop/Music Data/data/fma_small/017/017637.mp3,True,4
137720,Rock,/Users/gsretikkaprasad/Desktop/Music Data/data/fma_small/137/137720.mp3,True,7
105919,Folk,/Users/gsretikkaprasad/Desktop/Music Data/data/fma_small/105/105919.mp3,True,2
3920,Folk,/Users/gsretikkaprasad/Desktop/Music Data/data/fma_small/003/003920.mp3,True,2
6370,International,/Users/gsretikkaprasad/Desktop/Music Data/data/fma_small/006/006370.mp3,True,4
29255,Pop,/Users/gsretikkaprasad/Desktop/Music Data/data/fma_small/029/029255.mp3,True,5
2012,Experimental,/Users/gsretikkaprasad/Desktop/Music Data/data/fma_small/002/002012.mp3,True,1
80005,Folk,/Users/gsretikkaprasad/Desktop/Music Data/data/fma_small/080/080005.mp3,True,2
150064,Folk,/Users/gsretikkaprasad/Desktop/Music Data/data/fma_small/150/150064.mp3,True,2
75396,Hip-Hop,/Users/gsretikkaprasad/Desktop/Music Data/data/fma_small/075/075396.mp3,True,6
19415,Pop,/Users/gsretikkaprasad/Desktop/Music Data/data/fma_small/019/019415.mp3,True,5
126221,Experimental,/Users/gsretikkaprasad/Desktop/Music Data/data/fma_small/126/126221.mp3,True,1
147780,Electronic,/Users/gsretikkaprasad/Desktop/Music Data/data/fma_small/147/147780.mp3,True,0
98552,Hip-Hop,/Users/gsretikkaprasad/Desktop/Music Data/data/fma_small/098/098552.mp3,True,6
97589,Folk,/Users/gsretikkaprasad/Desktop/Music Data/data/fma_small/097/097589.mp3,True,2
79975,Experimental,/Users/gsretikkaprasad/Desktop/Music Data/data/fma_small/079/079975.mp3,True,1
73100,Experimental,/Users/gsretikkaprasad/Desktop/Music Data/data/fma_small/073/073100.mp3,True,1
7376,Experimental,/Users/gsretikkaprasad/Desktop/Music Data/data/fma_small/007/007376.mp3,True,1
111390,Pop,/Users/gsretikkaprasad/Desktop/Music Data/data/fma_small/111/111390.mp3,True,5
120504,Instrumental,/Users/gsretikkaprasad/Desktop/Music Data/data/fma_small/120/120504.mp3,True,3
118674,Folk,/Users/gsretikkaprasad/Desktop/Music Data/data/fma_small/118/118674.mp3,True,2
117966,Experimental,/Users/gsretikkaprasad/Desktop/Music Data/data/fma_small/117/117966.mp3,True,1
3492,Rock,/Users/gsretikkaprasad/Desktop/Music Data/data/fma_small/003/003492.mp3,True,7
146478,Rock,/Users/gsretikkaprasad/Desktop/Music Data/data/fma_small/146/146478.mp3,True,7
110267,Hip-Hop,/Users/gsretikkaprasad/Desktop/Music Data/data/fma_small/110/110267.mp3,True,6
54297,Folk,/Users/gsretikkaprasad/Desktop/Music Data/data/fma_small/054/054297.mp3,True,2
131476,Instrumental,/Users/gsretikkaprasad/Desktop/Music Data/data/fma_small/131/131476.mp3,True,3
10541,Experimental,/Users/gsretikkaprasad/Desktop/Music Data/data/fma_small/010/010541.mp3,True,1
133560,Instrumental,/Users/gsretikkaprasad/Desktop/Music Data/data/fma_small/133/133560.mp3,True,3
97283,Instrumental,/Users/gsretikkaprasad/Desktop/Music Data/data/fma_small/097/097283.mp3,True,3
65755,Pop,/Users/gsretikkaprasad/Desktop/Music Data/data/fma_small/065/065755.mp3,True,5
112490,Electronic,/Users/gsretikkaprasad/Desktop/Music Data/data/fma_small/112/112490.mp3,True,0
4232,International,/Users/gsretikkaprasad/Desktop/Music Data/data/fma_small/004/004232.mp3,True,4
129968,Rock,/Users/gsretikkaprasad/Desktop/Music Data/data/fma_small/129/129968.mp3,True,7
146713,Hip-Hop,/Users/gsretikkaprasad/Desktop/Music Data/data/fma_small/146/146713.mp3,True,6
85968,Folk,/Users/gsretikkaprasad/Desktop/Music Data/data/fma_small/085/085968.mp3,True,2
129808,Hip-Hop,/Users/gsretikkaprasad/Desktop/Music Data/data/fma_small/129/129808.mp3,True,6
144549,Folk,/Users/gsretikkaprasad/Desktop/Music Data/data/fma_small/144/144549.mp3,True,2
108969,Rock,/Users/gsretikkaprasad/Desktop/Music Data/data/fma_small/108/108969.mp3,True,7
6368,International,/Users/gsretikkaprasad/Desktop/Music Data/data/fma_small/006/006368.mp3,True,4
95486,Pop,/Users/gsretikkaprasad/Desktop/Music Data/data/fma_small/095/095486.mp3,True,5
123832,Rock,/Users/gsretikkaprasad/Desktop/Music Data/data/fma_small/123/123832.mp3,True,7
126586,Instrumental,/Users/gsretikkaprasad/Desktop/Music Data/data/fma_small/126/126586.mp3,True,3
116491,Instrumental,/Users/gsretikkaprasad/Desktop/Music Data/data/fma_small/116/116491.mp3,True,3
108880,Instrumental,/Users/gsretikkaprasad/Desktop/Music Data/data/fma_small/108/108880.mp3,True,3
126403,Pop,/Users/gsretikkaprasad/Desktop/Music Data/data/fma_small/126/126403.mp3,True,5
81512,Instrumental,/Users/gsretikkaprasad/Desktop/Music Data/data/fma_small/081/081512.mp3,True,3
22150,Experimental,/Users/gsretikkaprasad/Desktop/Music Data/data/fma_small/022/022150.mp3,True,1
84058,Experimental,/Users/gsretikkaprasad/Desktop/Music Data/data/fma_small/084/084058.mp3,True,1
64520,Hip-Hop,/Users/gsretikkaprasad/Desktop/Music Data/data/fma_small/064/064520.mp3,True,6
11199,Pop,/Users/gsretikkaprasad/Desktop/Music Data/data/fma_small/011/011199.mp3,True,5
64991,Hip-Hop,/Users/gsretikkaprasad/Desktop/Music Data/data/fma_small/064/064991.mp3,True,6
98578,Hip-Hop,/Users/gsretikkaprasad/Desktop/Music Data/data/fma_small/098/098578.mp3,True,6
28477,Pop,/Users/gsretikkaprasad/Desktop/Music Data/data/fma_small/028/028477.mp3,True,5
66690,Electronic,/Users/gsretikkaprasad/Desktop/Music Data/data/fma_small/066/066690.mp3,True,0
128799,Experimental,/Users/gsretikkaprasad/Desktop/Music Data/data/fma_small/128/128799.mp3,True,1
114233,Instrumental,/Users/gsretikkaprasad/Desktop/Music Data/data/fma_small/114/114233.mp3,True,3
138212,Hip-Hop,/Users/gsretikkaprasad/Desktop/Music Data/data/fma_small/138/138212.mp3,True,6
143219,Rock,/Users/gsretikkaprasad/Desktop/Music Data/data/fma_small/143/143219.mp3,True,7
48317,Experimental,/Users/gsretikkaprasad/Desktop/Music Data/data/fma_small/048/048317.mp3,True,1
145464,Electronic,/Users/gsretikkaprasad/Desktop/Music Data/data/fma_small/145/145464.mp3,True,0
10678,Folk,/Users/gsretikkaprasad/Desktop/Music Data/data/fma_small/010/010678.mp3,True,2
135342,Pop,/Users/gsretikkaprasad/Desktop/Music Data/data/fma_small/135/135342.mp3,True,5
120775,Instrumental,/Users/gsretikkaprasad/Desktop/Music Data/data/fma_small/120/120775.mp3,True,3
125002,Rock,/Users/gsretikkaprasad/Desktop/Music Data/data/fma_small/125/125002.mp3,True,7
145711,Pop,/Users/gsretikkaprasad/Desktop/Music Data/data/fma_small/145/145711.mp3,True,5
51785,Electronic,/Users/gsretikkaprasad/Desktop/Music Data/data/fma_small/051/051785.mp3,True,0
145041,Electronic,/Users/gsretikkaprasad/Desktop/Music Data/data/fma_small/145/145041.mp3,True,0
113110,Instrumental,/Users/gsretikkaprasad/Desktop/Music Data/data/fma_small/113/113110.mp3,True,3
690,Rock,/Users/gsretikkaprasad/Desktop/Music Data/data/fma_small/000/000690.mp3,True,7
139043,Pop,/Users/gsretikkaprasad/Desktop/Music Data/data/fma_small/139/139043.mp3,True,5
133479,Rock,/Users/gsretikkaprasad/Desktop/Music Data/data/fma_small/133/133479.mp3,True,7
65037,Electronic,/Users/gsretikkaprasad/Desktop/Music Data/data/fma_small/065/065037.mp3,True,0
26021,Hip-Hop,/Users/gsretikkaprasad/Desktop/Music Data/data/fma_small/026/026021.mp3,True,6
82920,Instrumental,/Users/gsretikkaprasad/Desktop/Music Data/data/fma_small/082/082920.mp3,True,3
126716,Instrumental,/Users/gsretikkaprasad/Desktop/Music Data/data/fma_small/126/126716.mp3,True,3
52522,Rock,/Users/gsretikkaprasad/Desktop/Music Data/data/fma_small/052/052522.mp3,True,7
129922,International,/Users/gsretikkaprasad/Desktop/Music Data/data/fma_small/129/129922.mp3,True,4
127271,Pop,/Users/gsretikkaprasad/Desktop/Music Data/data/fma_small/127/127271.mp3,True,5
4069,Folk,/Users/gsretikkaprasad/Desktop/Music Data/data/fma_small/004/004069.mp3,True,2
129742,Electronic,/Users/gsretikkaprasad/Desktop/Music Data/data/fma_small/129/129742.mp3,True,0
122355,Folk,/Users/gsretikkaprasad/Desktop/Music Data/data/fma_small/122/122355.mp3,True,2
84097,Electronic,/Users/gsretikkaprasad/Desktop/Music Data/data/fma_small/084/084097.mp3,True,0
115852,Experimental,/Users/gsretikkaprasad/Desktop/Music Data/data/fma_small/115/115852.mp3,True,1
67557,Rock,/Users/gsretikkaprasad/Desktop/Music Data/data/fma_small/067/067557.mp3,True,7
29272,Experimental,/Users/gsretikkaprasad/Desktop/Music Data/data/fma_small/029/029272.mp3,True,1
91869,Rock,/Users/gsretikkaprasad/Desktop/Music Data/data/fma_small/091/091869.mp3,True,7
108527,Electronic,/Users/gsretikkaprasad/Desktop/Music Data/data/fma_small/108/108527.mp3,True,0
56687,International,/Users/gsretikkaprasad/Desktop/Music Data/data/fma_small/056/056687.mp3,True,4
25234,International,/Users/gsretikkaprasad/Desktop/Music Data/data/fma_small/025/025234.mp3,True,4
43521,International,/Users/gsretikkaprasad/Desktop/Music Data/data/fma_small/043/043521.mp3,True,4
132140,International,/Users/gsretikkaprasad/Desktop/Music Data/data/fma_small/132/132140.mp3,True,4
24428,Hip-Hop,/Users/gsretikkaprasad/Desktop/Music Data/data/fma_small/024/024428.mp3,True,6
37416,Hip-Hop,/Users/gsretikkaprasad/Desktop/Music Data/data/fma_small/037/037416.mp3,True,6
10527,Experimental,/Users/gsretikkaprasad/Desktop/Music Data/data/fma_small/010/010527.mp3,True,1
109905,Folk,/Users/gsretikkaprasad/Desktop/Music Data/data/fma_small/109/109905.mp3,True,2
64864,Experimental,/Users/gsretikkaprasad/Desktop/Music Data/data/fma_small/064/064864.mp3,True,1
91621,Electronic,/Users/gsretikkaprasad/Desktop/Music Data/data/fma_small/091/091621.mp3,True,0
141875,Electronic,/Users/gsretikkaprasad/Desktop/Music Data/data/fma_small/141/141875.mp3,True,0
85482,Folk,/Users/gsretikkaprasad/Desktop/Music Data/data/fma_small/085/085482.mp3,True,2
144810,Experimental,/Users/gsretikkaprasad/Desktop/Music Data/data/fma_small/144/144810.mp3,True,1
110776,Hip-Hop,/Users/gsretikkaprasad/Desktop/Music Data/data/fma_small/110/110776.mp3,True,6
19685,Rock,/Users/gsretikkaprasad/Desktop/Music Data/data/fma_small/019/019685.mp3,True,7
114200,Rock,/Users/gsretikkaprasad/Desktop/Music Data/data/fma_small/114/114200.mp3,True,7
45126,Pop,/Users/gsretikkaprasad/Desktop/Music Data/data/fma_small/045/045126.mp3,True,5
52508,Folk,/Users/gsretikkaprasad/Desktop/Music Data/data/fma_small/052/052508.mp3,True,2
97570,Hip-Hop,/Users/gsretikkaprasad/Desktop/Music Data/data/fma_small/097/097570.mp3,True,6
114412,Rock,/Users/gsretikkaprasad/Desktop/Music Data/data/fma_small/114/114412.mp3,True,7
73822,Experimental,/Users/gsretikkaprasad/Desktop/Music Data/data/fma_small/073/073822.mp3,True,1
66058,Folk,/Users/gsretikkaprasad/Desktop/Music Data/data/fma_small/066/066058.mp3,True,2
63064,Electronic,/Users/gsretikkaprasad/Desktop/Music Data/data/fma_small/063/063064.mp3,True,0
110980,Rock,/Users/gsretikkaprasad/Desktop/Music Data/data/fma_small/110/110980.mp3,True,7
26026,Hip-Hop,/Users/gsretikkaprasad/Desktop/Music Data/data/fma_small/026/026026.mp3,True,6
121346,Experimental,/Users/gsretikkaprasad/Desktop/Music Data/data/fma_small/121/121346.mp3,True,1
3777,International,/Users/gsretikkaprasad/Desktop/Music Data/data/fma_small/003/003777.mp3,True,4
153452,Pop,/Users/gsretikkaprasad/Desktop/Music Data/data/fma_small/153/153452.mp3,True,5
108299,Folk,/Users/gsretikkaprasad/Desktop/Music Data/data/fma_small/108/108299.mp3,True,2
86634,Pop,/Users/gsretikkaprasad/Desktop/Music Data/data/fma_small/086/086634.mp3,True,5
142079,Electronic,/Users/gsretikkaprasad/Desktop/Music Data/data/fma_small/142/142079.mp3,True,0
134943,International,/Users/gsretikkaprasad/Desktop/Music Data/data/fma_small/134/134943.mp3,True,4
141264,Experimental,/Users/gsretikkaprasad/Desktop/Music Data/data/fma_small/141/141264.mp3,True,1
51112,Experimental,/Users/gsretikkaprasad/Desktop/Music Data/data/fma_small/051/051112.mp3,True,1
11861,Hip-Hop,/Users/gsretikkaprasad/Desktop/Music Data/data/fma_small/011/011861.mp3,True,6
141167,Hip-Hop,/Users/gsretikkaprasad/Desktop/Music Data/data/fma_small/141/141167.mp3,True,6
97590,Folk,/Users/gsretikkaprasad/Desktop/Music Data/data/fma_small/097/097590.mp3,True,2
91625,Electronic,/Users/gsretikkaprasad/Desktop/Music Data/data/fma_small/091/091625.mp3,True,0
52953,Folk,/Users/gsretikkaprasad/Desktop/Music Data/data/fma_small/052/052953.mp3,True,2
66538,Rock,/Users/gsretikkaprasad/Desktop/Music Data/data/fma_small/066/066538.mp3,True,7
131410,Experimental,/Users/gsretikkaprasad/Desktop/Music Data/data/fma_small/131/131410.mp3,True,1
93940,Electronic,/Users/gsretikkaprasad/Desktop/Music Data/data/fma_small/093/093940.mp3,True,0
124179,Instrumental,/Users/gsretikkaprasad/Desktop/Music Data/data/fma_small/124/124179.mp3,True,3
139110,Folk,/Users/gsretikkaprasad/Desktop/Music Data/data/fma_small/139/139110.mp3,True,2
63470,Rock,/Users/gsretikkaprasad/Desktop/Music Data/data/fma_small/063/063470.mp3,True,7
117942,International,/Users/gsretikkaprasad/Desktop/Music Data/data/fma_small/117/117942.mp3,True,4
64407,International,/Users/gsretikkaprasad/Desktop/Music Data/data/fma_small/064/064407.mp3,True,4
75438,Instrumental,/Users/gsretikkaprasad/Desktop/Music Data/data/fma_small/075/075438.mp3,True,3
144181,Hip-Hop,/Users/gsretikkaprasad/Desktop/Music Data/data/fma_small/144/144181.mp3,True,6
25030,International,/Users/gsretikkaprasad/Desktop/Music Data/data/fma_small/025/025030.mp3,True,4
48044,Experimental,/Users/gsretikkaprasad/Desktop/Music Data/data/fma_small/048/048044.mp3,True,1
107951,International,/Users/gsretikkaprasad/Desktop/Music Data/data/fma_small/107/107951.mp3,True,4
38895,Experimental,/Users/gsretikkaprasad/Desktop/Music Data/data/fma_small/038/038895.mp3,True,1
122499,Pop,/Users/gsretikkaprasad/Desktop/Music Data/data/fma_small/122/122499.mp3,True,5
142538,International,/Users/gsretikkaprasad/Desktop/Music Data/data/fma_small/142/142538.mp3,True,4
126223,Experimental,/Users/gsretikkaprasad/Desktop/Music Data/data/fma_small/126/126223.mp3,True,1
127185,Pop,/Users/gsretikkaprasad/Desktop/Music Data/data/fma_small/127/127185.mp3,True,5
43518,International,/Users/gsretikkaprasad/Desktop/Music Data/data/fma_small/043/043518.mp3,True,4
126320,Instrumental,/Users/gsretikkaprasad/Desktop/Music Data/data/fma_small/126/126320.mp3,True,3
59676,International,/Users/gsretikkaprasad/Desktop/Music Data/data/fma_small/059/059676.mp3,True,4
9152,Experimental,/Users/gsretikkaprasad/Desktop/Music Data/data/fma_small/009/009152.mp3,True,1
36999,International,/Users/gsretikkaprasad/Desktop/Music Data/data/fma_small/036/036999.mp3,True,4
126104,Pop,/Users/gsretikkaprasad/Desktop/Music Data/data/fma_small/126/126104.mp3,True,5
59669,International,/Users/gsretikkaprasad/Desktop/Music Data/data/fma_small/059/059669.mp3,True,4
58341,Electronic,/Users/gsretikkaprasad/Desktop/Music Data/data/fma_small/058/058341.mp3,True,0
145432,Instrumental,/Users/gsretikkaprasad/Desktop/Music Data/data/fma_small/145/145432.mp3,True,3
109904,Folk,/Users/gsretikkaprasad/Desktop/Music Data/data/fma_small/109/109904.mp3,True,2
75194,Pop,/Users/gsretikkaprasad/Desktop/Music Data/data/fma_small/075/075194.mp3,True,5
111936,Hip-Hop,/Users/gsretikkaprasad/Desktop/Music Data/data/fma_small/111/111936.mp3,True,6
127297,Pop,/Users/gsretikkaprasad/Desktop/Music Data/data/fma_small/127/127297.mp3,True,5
85494,Experimental,/Users/gsretikkaprasad/Desktop/Music Data/data/fma_small/085/085494.mp3,True,1
51117,Experimental,/Users/gsretikkaprasad/Desktop/Music Data/data/fma_small/051/051117.mp3,True,1
43595,International,/Users/gsretikkaprasad/Desktop/Music Data/data/fma_small/043/043595.mp3,True,4
3766,Rock,/Users/gsretikkaprasad/Desktop/Music Data/data/fma_small/003/003766.mp3,True,7
29807,Rock,/Users/gsretikkaprasad/Desktop/Music Data/data/fma_small/029/029807.mp3,True,7
106456,Folk,/Users/gsretikkaprasad/Desktop/Music Data/data/fma_small/106/106456.mp3,True,2
31044,Electronic,/Users/gsretikkaprasad/Desktop/Music Data/data/fma_small/031/031044.mp3,True,0
6380,International,/Users/gsretikkaprasad/Desktop/Music Data/data/fma_small/006/006380.mp3,True,4
129919,Hip-Hop,/Users/gsretikkaprasad/Desktop/Music Data/data/fma_small/129/129919.mp3,True,6
127915,Pop,/Users/gsretikkaprasad/Desktop/Music Data/data/fma_small/127/127915.mp3,True,5
147191,Electronic,/Users/gsretikkaprasad/Desktop/Music Data/data/fma_small/147/147191.mp3,True,0
38784,International,/Users/gsretikkaprasad/Desktop/Music Data/data/fma_small/038/038784.mp3,True,4
7489,Hip-Hop,/Users/gsretikkaprasad/Desktop/Music Data/data/fma_small/007/007489.mp3,True,6
100497,Electronic,/Users/gsretikkaprasad/Desktop/Music Data/data/fma_small/100/100497.mp3,True,0
127159,Electronic,/Users/gsretikkaprasad/Desktop/Music Data/data/fma_small/127/127159.mp3,True,0
6440,Hip-Hop,/Users/gsretikkaprasad/Desktop/Music Data/data/fma_small/006/006440.mp3,True,6
29355,International,/Users/gsretikkaprasad/Desktop/Music Data/data/fma_small/029/029355.mp3,True,4
38353,International,/Users/gsretikkaprasad/Desktop/Music Data/data/fma_small/038/038353.mp3,True,4
107251,International,/Users/gsretikkaprasad/Desktop/Music Data/data/fma_small/107/107251.mp3,True,4
47260,Electronic,/Users/gsretikkaprasad/Desktop/Music Data/data/fma_small/047/047260.mp3,True,0
86419,Rock,/Users/gsretikkaprasad/Desktop/Music Data/data/fma_small/086/086419.mp3,True,7
112252,Folk,/Users/gsretikkaprasad/Desktop/Music Data/data/fma_small/112/112252.mp3,True,2
108343,Electronic,/Users/gsretikkaprasad/Desktop/Music Data/data/fma_small/108/108343.mp3,True,0
125818,Instrumental,/Users/gsretikkaprasad/Desktop/Music Data/data/fma_small/125/125818.mp3,True,3
110449,International,/Users/gsretikkaprasad/Desktop/Music Data/data/fma_small/110/110449.mp3,True,4
133975,Instrumental,/Users/gsretikkaprasad/Desktop/Music Data/data/fma_small/133/133975.mp3,True,3
694,Hip-Hop,/Users/gsretikkaprasad/Desktop/Music Data/data/fma_small/000/000694.mp3,True,6
64855,Experimental,/Users/gsretikkaprasad/Desktop/Music Data/data/fma_small/064/064855.mp3,True,1
38886,Experimental,/Users/gsretikkaprasad/Desktop/Music Data/data/fma_small/038/038886.mp3,True,1
105413,Electronic,/Users/gsretikkaprasad/Desktop/Music Data/data/fma_small/105/105413.mp3,True,0
120304,Instrumental,/Users/gsretikkaprasad/Desktop/Music Data/data/fma_small/120/120304.mp3,True,3
42030,International,/Users/gsretikkaprasad/Desktop/Music Data/data/fma_small/042/042030.mp3,True,4
85823,Electronic,/Users/gsretikkaprasad/Desktop/Music Data/data/fma_small/085/085823.mp3,True,0
63191,Rock,/Users/gsretikkaprasad/Desktop/Music Data/data/fma_small/063/063191.mp3,True,7
42135,Experimental,/Users/gsretikkaprasad/Desktop/Music Data/data/fma_small/042/042135.mp3,True,1
43589,International,/Users/gsretikkaprasad/Desktop/Music Data/data/fma_small/043/043589.mp3,True,4
23063,Experimental,/Users/gsretikkaprasad/Desktop/Music Data/data/fma_small/023/023063.mp3,True,1
126047,Rock,/Users/gsretikkaprasad/Desktop/Music Data/data/fma_small/126/126047.mp3,True,7
48454,Pop,/Users/gsretikkaprasad/Desktop/Music Data/data/fma_small/048/048454.mp3,True,5
88875,Folk,/Users/gsretikkaprasad/Desktop/Music Data/data/fma_small/088/088875.mp3,True,2
49856,Folk,/Users/gsretikkaprasad/Desktop/Music Data/data/fma_small/049/049856.mp3,True,2
69561,Hip-Hop,/Users/gsretikkaprasad/Desktop/Music Data/data/fma_small/069/069561.mp3,True,6
141903,Pop,/Users/gsretikkaprasad/Desktop/Music Data/data/fma_small/141/141903.mp3,True,5
43857,Hip-Hop,/Users/gsretikkaprasad/Desktop/Music Data/data/fma_small/043/043857.mp3,True,6
64521,Hip-Hop,/Users/gsretikkaprasad/Desktop/Music Data/data/fma_small/064/064521.mp3,True,6
126188,Instrumental,/Users/gsretikkaprasad/Desktop/Music Data/data/fma_small/126/126188.mp3,True,3
130702,Hip-Hop,/Users/gsretikkaprasad/Desktop/Music Data/data/fma_small/130/130702.mp3,True,6
110417,Rock,/Users/gsretikkaprasad/Desktop/Music Data/data/fma_small/110/110417.mp3,True,7
113030,Hip-Hop,/Users/gsretikkaprasad/Desktop/Music Data/data/fma_small/113/113030.mp3,True,6
75763,Electronic,/Users/gsretikkaprasad/Desktop/Music Data/data/fma_small/075/075763.mp3,True,0
114062,Electronic,/Users/gsretikkaprasad/Desktop/Music Data/data/fma_small/114/114062.mp3,True,0
130349,Folk,/Users/gsretikkaprasad/Desktop/Music Data/data/fma_small/130/130349.mp3,True,2
17608,International,/Users/gsretikkaprasad/Desktop/Music Data/data/fma_small/017/017608.mp3,True,4
69188,Pop,/Users/gsretikkaprasad/Desktop/Music Data/data/fma_small/069/069188.mp3,True,5
111188,Folk,/Users/gsretikkaprasad/Desktop/Music Data/data/fma_small/111/111188.mp3,True,2
123488,Instrumental,/Users/gsretikkaprasad/Desktop/Music Data/data/fma_small/123/123488.mp3,True,3
142669,Hip-Hop,/Users/gsretikkaprasad/Desktop/Music Data/data/fma_small/142/142669.mp3,True,6
140259,Electronic,/Users/gsretikkaprasad/Desktop/Music Data/data/fma_small/140/140259.mp3,True,0
73172,Folk,/Users/gsretikkaprasad/Desktop/Music Data/data/fma_small/073/073172.mp3,True,2
40243,Folk,/Users/gsretikkaprasad/Desktop/Music Data/data/fma_small/040/040243.mp3,True,2
99345,Rock,/Users/gsretikkaprasad/Desktop/Music Data/data/fma_small/099/099345.mp3,True,7
112790,Experimental,/Users/gsretikkaprasad/Desktop/Music Data/data/fma_small/112/112790.mp3,True,1
71276,Rock,/Users/gsretikkaprasad/Desktop/Music Data/data/fma_small/071/071276.mp3,True,7
131985,Instrumental,/Users/gsretikkaprasad/Desktop/Music Data/data/fma_small/131/131985.mp3,True,3
65063,Electronic,/Users/gsretikkaprasad/Desktop/Music Data/data/fma_small/065/065063.mp3,True,0
98669,International,/Users/gsretikkaprasad/Desktop/Music Data/data/fma_small/098/098669.mp3,True,4
65752,Hip-Hop,/Users/gsretikkaprasad/Desktop/Music Data/data/fma_small/065/065752.mp3,True,6
54033,Pop,/Users/gsretikkaprasad/Desktop/Music Data/data/fma_small/054/054033.mp3,True,5
35007,Experimental,/Users/gsretikkaprasad/Desktop/Music Data/data/fma_small/035/035007.mp3,True,1
86118,Pop,/Users/gsretikkaprasad/Desktop/Music Data/data/fma_small/086/086118.mp3,True,5
27609,International,/Users/gsretikkaprasad/Desktop/Music Data/data/fma_small/027/027609.mp3,True,4
49478,Hip-Hop,/Users/gsretikkaprasad/Desktop/Music Data/data/fma_small/049/049478.mp3,True,6
103522,Instrumental,/Users/gsretikkaprasad/Desktop/Music Data/data/fma_small/103/103522.mp3,True,3
134389,Pop,/Users/gsretikkaprasad/Desktop/Music Data/data/fma_small/134/134389.mp3,True,5
125182,Folk,/Users/gsretikkaprasad/Desktop/Music Data/data/fma_small/125/125182.mp3,True,2
84417,Experimental,/Users/gsretikkaprasad/Desktop/Music Data/data/fma_small/084/084417.mp3,True,1
92950,Instrumental,/Users/gsretikkaprasad/Desktop/Music Data/data/fma_small/092/092950.mp3,True,3
1644,Pop,/Users/gsretikkaprasad/Desktop/Music Data/data/fma_small/001/001644.mp3,True,5
121665,Instrumental,/Users/gsretikkaprasad/Desktop/Music Data/data/fma_small/121/121665.mp3,True,3
63747,Hip-Hop,/Users/gsretikkaprasad/Desktop/Music Data/data/fma_small/063/063747.mp3,True,6
148439,Electronic,/Users/gsretikkaprasad/Desktop/Music Data/data/fma_small/148/148439.mp3,True,0
73469,Pop,/Users/gsretikkaprasad/Desktop/Music Data/data/fma_small/073/073469.mp3,True,5
14568,Instrumental,/Users/gsretikkaprasad/Desktop/Music Data/data/fma_small/014/014568.mp3,True,3
52945,Folk,/Users/gsretikkaprasad/Desktop/Music Data/data/fma_small/052/052945.mp3,True,2
120774,Instrumental,/Users/gsretikkaprasad/Desktop/Music Data/data/fma_small/120/120774.mp3,True,3
27667,Electronic,/Users/gsretikkaprasad/Desktop/Music Data/data/fma_small/027/027667.mp3,True,0
74392,Experimental,/Users/gsretikkaprasad/Desktop/Music Data/data/fma_small/074/074392.mp3,True,1
127203,Pop,/Users/gsretikkaprasad/Desktop/Music Data/data/fma_small/127/127203.mp3,True,5
149416,Rock,/Users/gsretikkaprasad/Desktop/Music Data/data/fma_small/149/149416.mp3,True,7
26765,Pop,/Users/gsretikkaprasad/Desktop/Music Data/data/fma_small/026/026765.mp3,True,5
118958,Experimental,/Users/gsretikkaprasad/Desktop/Music Data/data/fma_small/118/118958.mp3,True,1
111938,Hip-Hop,/Users/gsretikkaprasad/Desktop/Music Data/data/fma_small/111/111938.mp3,True,6
69196,Electronic,/Users/gsretikkaprasad/Desktop/Music Data/data/fma_small/069/069196.mp3,True,0
121976,Experimental,/Users/gsretikkaprasad/Desktop/Music Data/data/fma_small/121/121976.mp3,True,1
51292,Pop,/Users/gsretikkaprasad/Desktop/Music Data/data/fma_small/051/051292.mp3,True,5
75395,Hip-Hop,/Users/gsretikkaprasad/Desktop/Music Data/data/fma_small/075/075395.mp3,True,6
148611,Pop,/Users/gsretikkaprasad/Desktop/Music Data/data/fma_small/148/148611.mp3,True,5
120779,Experimental,/Users/gsretikkaprasad/Desktop/Music Data/data/fma_small/120/120779.mp3,True,1
88856,Folk,/Users/gsretikkaprasad/Desktop/Music Data/data/fma_small/088/088856.mp3,True,2
53675,Experimental,/Users/gsretikkaprasad/Desktop/Music Data/data/fma_small/053/053675.mp3,True,1
86116,Pop,/Users/gsretikkaprasad/Desktop/Music Data/data/fma_small/086/086116.mp3,True,5
126412,Instrumental,/Users/gsretikkaprasad/Desktop/Music Data/data/fma_small/126/126412.mp3,True,3
16338,Pop,/Users/gsretikkaprasad/Desktop/Music Data/data/fma_small/016/016338.mp3,True,5
15773,Electronic,/Users/gsretikkaprasad/Desktop/Music Data/data/fma_small/015/015773.mp3,True,0
128484,Pop,/Users/gsretikkaprasad/Desktop/Music Data/data/fma_small/128/128484.mp3,True,5
122634,Instrumental,/Users/gsretikkaprasad/Desktop/Music Data/data/fma_small/122/122634.mp3,True,3
26035,Hip-Hop,/Users/gsretikkaprasad/Desktop/Music Data/data/fma_small/026/026035.mp3,True,6
140935,Experimental,/Users/gsretikkaprasad/Desktop/Music Data/data/fma_small/140/140935.mp3,True,1
108427,Pop,/Users/gsretikkaprasad/Desktop/Music Data/data/fma_small/108/108427.mp3,True,5
83439,Folk,/Users/gsretikkaprasad/Desktop/Music Data/data/fma_small/083/083439.mp3,True,2
41018,International,/Users/gsretikkaprasad/Desktop/Music Data/data/fma_small/041/041018.mp3,True,4
119900,Instrumental,/Users/gsretikkaprasad/Desktop/Music Data/data/fma_small/119/119900.mp3,True,3
118735,Folk,/Users/gsretikkaprasad/Desktop/Music Data/data/fma_small/118/118735.mp3,True,2
103518,Instrumental,/Users/gsretikkaprasad/Desktop/Music Data/data/fma_small/103/103518.mp3,True,3
65893,Folk,/Users/gsretikkaprasad/Desktop/Music Data/data/fma_small/065/065893.mp3,True,2
60048,International,/Users/gsretikkaprasad/Desktop/Music Data/data/fma_small/060/060048.mp3,True,4
120178,Folk,/Users/gsretikkaprasad/Desktop/Music Data/data/fma_small/120/120178.mp3,True,2
111387,Pop,/Users/gsretikkaprasad/Desktop/Music Data/data/fma_small/111/111387.mp3,True,5
125621,Instrumental,/Users/gsretikkaprasad/Desktop/Music Data/data/fma_small/125/125621.mp3,True,3
149140,Instrumental,/Users/gsretikkaprasad/Desktop/Music Data/data/fma_small/149/149140.mp3,True,3
31568,Electronic,/Users/gsretikkaprasad/Desktop/Music Data/data/fma_small/031/031568.mp3,True,0
19459,International,/Users/gsretikkaprasad/Desktop/Music Data/data/fma_small/019/019459.mp3,True,4
109450,Folk,/Users/gsretikkaprasad/Desktop/Music Data/data/fma_small/109/109450.mp3,True,2
10695,Hip-Hop,/Users/gsretikkaprasad/Desktop/Music Data/data/fma_small/010/010695.mp3,True,6
28376,Experimental,/Users/gsretikkaprasad/Desktop/Music Data/data/fma_small/028/028376.mp3,True,1
84111,Hip-Hop,/Users/gsretikkaprasad/Desktop/Music Data/data/fma_small/084/084111.mp3,True,6
135010,Folk,/Users/gsretikkaprasad/Desktop/Music Data/data/fma_small/135/135010.mp3,True,2
27406,Electronic,/Users/gsretikkaprasad/Desktop/Music Data/data/fma_small/027/027406.mp3,True,0
128709,Rock,/Users/gsretikkaprasad/Desktop/Music Data/data/fma_small/128/128709.mp3,True,7
68853,Folk,/Users/gsretikkaprasad/Desktop/Music Data/data/fma_small/068/068853.mp3,True,2
11770,Hip-Hop,/Users/gsretikkaprasad/Desktop/Music Data/data/fma_small/011/011770.mp3,True,6
127207,Instrumental,/Users/gsretikkaprasad/Desktop/Music Data/data/fma_small/127/127207.mp3,True,3
120208,Pop,/Users/gsretikkaprasad/Desktop/Music Data/data/fma_small/120/120208.mp3,True,5
69744,Pop,/Users/gsretikkaprasad/Desktop/Music Data/data/fma_small/069/069744.mp3,True,5
119991,Hip-Hop,/Users/gsretikkaprasad/Desktop/Music Data/data/fma_small/119/119991.mp3,True,6
130218,Hip-Hop,/Users/gsretikkaprasad/Desktop/Music Data/data/fma_small/130/130218.mp3,True,6
111223,Instrumental,/Users/gsretikkaprasad/Desktop/Music Data/data/fma_small/111/111223.mp3,True,3
46854,Pop,/Users/gsretikkaprasad/Desktop/Music Data/data/fma_small/046/046854.mp3,True,5
105915,Folk,/Users/gsretikkaprasad/Desktop/Music Data/data/fma_small/105/105915.mp3,True,2
67365,Pop,/Users/gsretikkaprasad/Desktop/Music Data/data/fma_small/067/067365.mp3,True,5
64542,Electronic,/Users/gsretikkaprasad/Desktop/Music Data/data/fma_small/064/064542.mp3,True,0
78852,Hip-Hop,/Users/gsretikkaprasad/Desktop/Music Data/data/fma_small/078/078852.mp3,True,6
44853,Experimental,/Users/gsretikkaprasad/Desktop/Music Data/data/fma_small/044/044853.mp3,True,1
42376,Electronic,/Users/gsretikkaprasad/Desktop/Music Data/data/fma_small/042/042376.mp3,True,0
1685,International,/Users/gsretikkaprasad/Desktop/Music Data/data/fma_small/001/001685.mp3,True,4
141180,Pop,/Users/gsretikkaprasad/Desktop/Music Data/data/fma_small/141/141180.mp3,True,5
122504,Pop,/Users/gsretikkaprasad/Desktop/Music Data/data/fma_small/122/122504.mp3,True,5
124231,Experimental,/Users/gsretikkaprasad/Desktop/Music Data/data/fma_small/124/124231.mp3,True,1
71722,Folk,/Users/gsretikkaprasad/Desktop/Music Data/data/fma_small/071/071722.mp3,True,2
119574,Rock,/Users/gsretikkaprasad/Desktop/Music Data/data/fma_small/119/119574.mp3,True,7
126220,Instrumental,/Users/gsretikkaprasad/Desktop/Music Data/data/fma_small/126/126220.mp3,True,3
123097,Folk,/Users/gsretikkaprasad/Desktop/Music Data/data/fma_small/123/123097.mp3,True,2
6608,Hip-Hop,/Users/gsretikkaprasad/Desktop/Music Data/data/fma_small/006/006608.mp3,True,6
62751,Pop,/Users/gsretikkaprasad/Desktop/Music Data/data/fma_small/062/062751.mp3,True,5
59664,International,/Users/gsretikkaprasad/Desktop/Music Data/data/fma_small/059/059664.mp3,True,4
133456,Instrumental,/Users/gsretikkaprasad/Desktop/Music Data/data/fma_small/133/133456.mp3,True,3
141874,Electronic,/Users/gsretikkaprasad/Desktop/Music Data/data/fma_small/141/141874.mp3,True,0
46162,Experimental,/Users/gsretikkaprasad/Desktop/Music Data/data/fma_small/046/046162.mp3,True,1
87157,Electronic,/Users/gsretikkaprasad/Desktop/Music Data/data/fma_small/087/087157.mp3,True,0
84743,Rock,/Users/gsretikkaprasad/Desktop/Music Data/data/fma_small/084/084743.mp3,True,7
111396,Pop,/Users/gsretikkaprasad/Desktop/Music Data/data/fma_small/111/111396.mp3,True,5
24748,International,/Users/gsretikkaprasad/Desktop/Music Data/data/fma_small/024/024748.mp3,True,4
140922,Electronic,/Users/gsretikkaprasad/Desktop/Music Data/data/fma_small/140/140922.mp3,True,0
21995,Pop,/Users/gsretikkaprasad/Desktop/Music Data/data/fma_small/021/021995.mp3,True,5
115470,Instrumental,/Users/gsretikkaprasad/Desktop/Music Data/data/fma_small/115/115470.mp3,True,3
55715,Rock,/Users/gsretikkaprasad/Desktop/Music Data/data/fma_small/055/055715.mp3,True,7
40134,Rock,/Users/gsretikkaprasad/Desktop/Music Data/data/fma_small/040/040134.mp3,True,7
113935,Pop,/Users/gsretikkaprasad/Desktop/Music Data/data/fma_small/113/113935.mp3,True,5
96900,Experimental,/Users/gsretikkaprasad/Desktop/Music Data/data/fma_small/096/096900.mp3,True,1
54149,Instrumental,/Users/gsretikkaprasad/Desktop/Music Data/data/fma_small/054/054149.mp3,True,3
62655,Rock,/Users/gsretikkaprasad/Desktop/Music Data/data/fma_small/062/062655.mp3,True,7
92283,Electronic,/Users/gsretikkaprasad/Desktop/Music Data/data/fma_small/092/092283.mp3,True,0
128441,Hip-Hop,/Users/gsretikkaprasad/Desktop/Music Data/data/fma_small/128/128441.mp3,True,6
111151,Instrumental,/Users/gsretikkaprasad/Desktop/Music Data/data/fma_small/111/111151.mp3,True,3
113305,Rock,/Users/gsretikkaprasad/Desktop/Music Data/data/fma_small/113/113305.mp3,True,7
108504,Rock,/Users/gsretikkaprasad/Desktop/Music Data/data/fma_small/108/108504.mp3,True,7
136134,Folk,/Users/gsretikkaprasad/Desktop/Music Data/data/fma_small/136/136134.mp3,True,2
6366,International,/Users/gsretikkaprasad/Desktop/Music Data/data/fma_small/006/006366.mp3,True,4
11785,Hip-Hop,/Users/gsretikkaprasad/Desktop/Music Data/data/fma_small/011/011785.mp3,True,6
73766,International,/Users/gsretikkaprasad/Desktop/Music Data/data/fma_small/073/073766.mp3,True,4
124185,Rock,/Users/gsretikkaprasad/Desktop/Music Data/data/fma_small/124/124185.mp3,True,7
1732,Experimental,/Users/gsretikkaprasad/Desktop/Music Data/data/fma_small/001/001732.mp3,True,1
100480,Hip-Hop,/Users/gsretikkaprasad/Desktop/Music Data/data/fma_small/100/100480.mp3,True,6
44802,Experimental,/Users/gsretikkaprasad/Desktop/Music Data/data/fma_small/044/044802.mp3,True,1
14663,Pop,/Users/gsretikkaprasad/Desktop/Music Data/data/fma_small/014/014663.mp3,True,5
129882,International,/Users/gsretikkaprasad/Desktop/Music Data/data/fma_small/129/129882.mp3,True,4
110436,Folk,/Users/gsretikkaprasad/Desktop/Music Data/data/fma_small/110/110436.mp3,True,2
4520,Electronic,/Users/gsretikkaprasad/Desktop/Music Data/data/fma_small/004/004520.mp3,True,0
59709,International,/Users/gsretikkaprasad/Desktop/Music Data/data/fma_small/059/059709.mp3,True,4
1891,Rock,/Users/gsretikkaprasad/Desktop/Music Data/data/fma_small/001/001891.mp3,True,7
64035,Rock,/Users/gsretikkaprasad/Desktop/Music Data/data/fma_small/064/064035.mp3,True,7
127357,International,/Users/gsretikkaprasad/Desktop/Music Data/data/fma_small/127/127357.mp3,True,4
3908,Folk,/Users/gsretikkaprasad/Desktop/Music Data/data/fma_small/003/003908.mp3,True,2
73306,Rock,/Users/gsretikkaprasad/Desktop/Music Data/data/fma_small/073/073306.mp3,True,7
142574,International,/Users/gsretikkaprasad/Desktop/Music Data/data/fma_small/142/142574.mp3,True,4
56874,Electronic,/Users/gsretikkaprasad/Desktop/Music Data/data/fma_small/056/056874.mp3,True,0
143309,Instrumental,/Users/gsretikkaprasad/Desktop/Music Data/data/fma_small/143/143309.mp3,True,3
142563,Rock,/Users/gsretikkaprasad/Desktop/Music Data/data/fma_small/142/142563.mp3,True,7
49843,Folk,/Users/gsretikkaprasad/Desktop/Music Data/data/fma_small/049/049843.mp3,True,2
16155,Pop,/Users/gsretikkaprasad/Desktop/Music Data/data/fma_small/016/016155.mp3,True,5
134936,International,/Users/gsretikkaprasad/Desktop/Music Data/data/fma_small/134/134936.mp3,True,4
42018,Electronic,/Users/gsretikkaprasad/Desktop/Music Data/data/fma_small/042/042018.mp3,True,0
119941,Hip-Hop,/Users/gsretikkaprasad/Desktop/Music Data/data/fma_small/119/119941.mp3,True,6
139937,Electronic,/Users/gsretikkaprasad/Desktop/Music Data/data/fma_small/139/139937.mp3,True,0
17632,International,/Users/gsretikkaprasad/Desktop/Music Data/data/fma_small/017/017632.mp3,True,4
10805,Pop,/Users/gsretikkaprasad/Desktop/Music Data/data/fma_small/010/010805.mp3,True,5
12376,Pop,/Users/gsretikkaprasad/Desktop/Music Data/data/fma_small/012/012376.mp3,True,5
138217,Hip-Hop,/Users/gsretikkaprasad/Desktop/Music Data/data/fma_small/138/138217.mp3,True,6
128759,Electronic,/Users/gsretikkaprasad/Desktop/Music Data/data/fma_small/128/128759.mp3,True,0
52639,Electronic,/Users/gsretikkaprasad/Desktop/Music Data/data/fma_small/052/052639.mp3,True,0
144587,Pop,/Users/gsretikkaprasad/Desktop/Music Data/data/fma_small/144/144587.mp3,True,5
22095,Electronic,/Users/gsretikkaprasad/Desktop/Music Data/data/fma_small/022/022095.mp3,True,0
96946,Pop,/Users/gsretikkaprasad/Desktop/Music Data/data/fma_small/096/096946.mp3,True,5
93074,Folk,/Users/gsretikkaprasad/Desktop/Music Data/data/fma_small/093/093074.mp3,True,2
121659,Instrumental,/Users/gsretikkaprasad/Desktop/Music Data/data/fma_small/121/121659.mp3,True,3
6439,Hip-Hop,/Users/gsretikkaprasad/Desktop/Music Data/data/fma_small/006/006439.mp3,True,6
125826,Instrumental,/Users/gsretikkaprasad/Desktop/Music Data/data/fma_small/125/125826.mp3,True,3
149370,Hip-Hop,/Users/gsretikkaprasad/Desktop/Music Data/data/fma_small/149/149370.mp3,True,6
87965,Folk,/Users/gsretikkaprasad/Desktop/Music Data/data/fma_small/087/087965.mp3,True,2
133803,Folk,/Users/gsretikkaprasad/Desktop/Music Data/data/fma_small/133/133803.mp3,True,2
75903,Rock,/Users/gsretikkaprasad/Desktop/Music Data/data/fma_small/075/075903.mp3,True,7
97588,Folk,/Users/gsretikkaprasad/Desktop/Music Data/data/fma_small/097/097588.mp3,True,2
28072,Rock,/Users/gsretikkaprasad/Desktop/Music Data/data/fma_small/028/028072.mp3,True,7
107804,Electronic,/Users/gsretikkaprasad/Desktop/Music Data/data/fma_small/107/107804.mp3,True,0
54151,Instrumental,/Users/gsretikkaprasad/Desktop/Music Data/data/fma_small/054/054151.mp3,True,3
67010,Pop,/Users/gsretikkaprasad/Desktop/Music Data/data/fma_small/067/067010.mp3,True,5
11947,Experimental,/Users/gsretikkaprasad/Desktop/Music Data/data/fma_small/011/011947.mp3,True,1
68851,Folk,/Users/gsretikkaprasad/Desktop/Music Data/data/fma_small/068/068851.mp3,True,2
94631,Pop,/Users/gsretikkaprasad/Desktop/Music Data/data/fma_small/094/094631.mp3,True,5
75435,Instrumental,/Users/gsretikkaprasad/Desktop/Music Data/data/fma_small/075/075435.mp3,True,3
38900,Experimental,/Users/gsretikkaprasad/Desktop/Music Data/data/fma_small/038/038900.mp3,True,1
84757,Rock,/Users/gsretikkaprasad/Desktop/Music Data/data/fma_small/084/084757.mp3,True,7
118738,Folk,/Users/gsretikkaprasad/Desktop/Music Data/data/fma_small/118/118738.mp3,True,2
147309,Instrumental,/Users/gsretikkaprasad/Desktop/Music Data/data/fma_small/147/147309.mp3,True,3
10676,Rock,/Users/gsretikkaprasad/Desktop/Music Data/data/fma_small/010/010676.mp3,True,7
91084,Electronic,/Users/gsretikkaprasad/Desktop/Music Data/data/fma_small/091/091084.mp3,True,0
137167,Instrumental,/Users/gsretikkaprasad/Desktop/Music Data/data/fma_small/137/137167.mp3,True,3
126668,Rock,/Users/gsretikkaprasad/Desktop/Music Data/data/fma_small/126/126668.mp3,True,7
111393,Pop,/Users/gsretikkaprasad/Desktop/Music Data/data/fma_small/111/111393.mp3,True,5
95250,Rock,/Users/gsretikkaprasad/Desktop/Music Data/data/fma_small/095/095250.mp3,True,7
116389,Hip-Hop,/Users/gsretikkaprasad/Desktop/Music Data/data/fma_small/116/116389.mp3,True,6
76659,Electronic,/Users/gsretikkaprasad/Desktop/Music Data/data/fma_small/076/076659.mp3,True,0
122204,Experimental,/Users/gsretikkaprasad/Desktop/Music Data/data/fma_small/122/122204.mp3,True,1
127267,Folk,/Users/gsretikkaprasad/Desktop/Music Data/data/fma_small/127/127267.mp3,True,2
11766,Hip-Hop,/Users/gsretikkaprasad/Desktop/Music Data/data/fma_small/011/011766.mp3,True,6
69765,Folk,/Users/gsretikkaprasad/Desktop/Music Data/data/fma_small/069/069765.mp3,True,2
109900,Folk,/Users/gsretikkaprasad/Desktop/Music Data/data/fma_small/109/109900.mp3,True,2
119063,Experimental,/Users/gsretikkaprasad/Desktop/Music Data/data/fma_small/119/119063.mp3,True,1
59078,Rock,/Users/gsretikkaprasad/Desktop/Music Data/data/fma_small/059/059078.mp3,True,7
7383,Experimental,/Users/gsretikkaprasad/Desktop/Music Data/data/fma_small/007/007383.mp3,True,1
20432,International,/Users/gsretikkaprasad/Desktop/Music Data/data/fma_small/020/020432.mp3,True,4
64249,Experimental,/Users/gsretikkaprasad/Desktop/Music Data/data/fma_small/064/064249.mp3,True,1
16340,Pop,/Users/gsretikkaprasad/Desktop/Music Data/data/fma_small/016/016340.mp3,True,5
136323,Electronic,/Users/gsretikkaprasad/Desktop/Music Data/data/fma_small/136/136323.mp3,True,0
131924,Instrumental,/Users/gsretikkaprasad/Desktop/Music Data/data/fma_small/131/131924.mp3,True,3
53299,International,/Users/gsretikkaprasad/Desktop/Music Data/data/fma_small/053/053299.mp3,True,4
108745,Hip-Hop,/Users/gsretikkaprasad/Desktop/Music Data/data/fma_small/108/108745.mp3,True,6
118504,Experimental,/Users/gsretikkaprasad/Desktop/Music Data/data/fma_small/118/118504.mp3,True,1
134948,International,/Users/gsretikkaprasad/Desktop/Music Data/data/fma_small/134/134948.mp3,True,4
145918,Electronic,/Users/gsretikkaprasad/Desktop/Music Data/data/fma_small/145/145918.mp3,True,0
112821,Experimental,/Users/gsretikkaprasad/Desktop/Music Data/data/fma_small/112/112821.mp3,True,1
12188,Pop,/Users/gsretikkaprasad/Desktop/Music Data/data/fma_small/012/012188.mp3,True,5
72788,Hip-Hop,/Users/gsretikkaprasad/Desktop/Music Data/data/fma_small/072/072788.mp3,True,6
59682,International,/Users/gsretikkaprasad/Desktop/Music Data/data/fma_small/059/059682.mp3,True,4
129396,International,/Users/gsretikkaprasad/Desktop/Music Data/data/fma_small/129/129396.mp3,True,4
107955,International,/Users/gsretikkaprasad/Desktop/Music Data/data/fma_small/107/107955.mp3,True,4
73587,Folk,/Users/gsretikkaprasad/Desktop/Music Data/data/fma_small/073/073587.mp3,True,2
71172,Hip-Hop,/Users/gsretikkaprasad/Desktop/Music Data/data/fma_small/071/071172.mp3,True,6
10385,Folk,/Users/gsretikkaprasad/Desktop/Music Data/data/fma_small/010/010385.mp3,True,2
110774,Hip-Hop,/Users/gsretikkaprasad/Desktop/Music Data/data/fma_small/110/110774.mp3,True,6
55710,Rock,/Users/gsretikkaprasad/Desktop/Music Data/data/fma_small/055/055710.mp3,True,7
54465,International,/Users/gsretikkaprasad/Desktop/Music Data/data/fma_small/054/054465.mp3,True,4
44854,Experimental,/Users/gsretikkaprasad/Desktop/Music Data/data/fma_small/044/044854.mp3,True,1
55711,Rock,/Users/gsretikkaprasad/Desktop/Music Data/data/fma_small/055/055711.mp3,True,7
97962,Electronic,/Users/gsretikkaprasad/Desktop/Music Data/data/fma_small/097/097962.mp3,True,0
122363,Folk,/Users/gsretikkaprasad/Desktop/Music Data/data/fma_small/122/122363.mp3,True,2
127301,Pop,/Users/gsretikkaprasad/Desktop/Music Data/data/fma_small/127/127301.mp3,True,5
122500,Pop,/Users/gsretikkaprasad/Desktop/Music Data/data/fma_small/122/122500.mp3,True,5
131540,Experimental,/Users/gsretikkaprasad/Desktop/Music Data/data/fma_small/131/131540.mp3,True,1
99395,International,/Users/gsretikkaprasad/Desktop/Music Data/data/fma_small/099/099395.mp3,True,4
141137,Instrumental,/Users/gsretikkaprasad/Desktop/Music Data/data/fma_small/141/141137.mp3,True,3
67707,Experimental,/Users/gsretikkaprasad/Desktop/Music Data/data/fma_small/067/067707.mp3,True,1
144542,Folk,/Users/gsretikkaprasad/Desktop/Music Data/data/fma_small/144/144542.mp3,True,2
67457,Experimental,/Users/gsretikkaprasad/Desktop/Music Data/data/fma_small/067/067457.mp3,True,1
138024,Instrumental,/Users/gsretikkaprasad/Desktop/Music Data/data/fma_small/138/138024.mp3,True,3
122398,Rock,/Users/gsretikkaprasad/Desktop/Music Data/data/fma_small/122/122398.mp3,True,7
105144,Rock,/Users/gsretikkaprasad/Desktop/Music Data/data/fma_small/105/105144.mp3,True,7
123969,Hip-Hop,/Users/gsretikkaprasad/Desktop/Music Data/data/fma_small/123/123969.mp3,True,6
51479,Experimental,/Users/gsretikkaprasad/Desktop/Music Data/data/fma_small/051/051479.mp3,True,1
113037,Hip-Hop,/Users/gsretikkaprasad/Desktop/Music Data/data/fma_small/113/113037.mp3,True,6
119893,Instrumental,/Users/gsretikkaprasad/Desktop/Music Data/data/fma_small/119/119893.mp3,True,3
60042,International,/Users/gsretikkaprasad/Desktop/Music Data/data/fma_small/060/060042.mp3,True,4
18033,International,/Users/gsretikkaprasad/Desktop/Music Data/data/fma_small/018/018033.mp3,True,4
5170,Folk,/Users/gsretikkaprasad/Desktop/Music Data/data/fma_small/005/005170.mp3,True,2
55809,Electronic,/Users/gsretikkaprasad/Desktop/Music Data/data/fma_small/055/055809.mp3,True,0
42045,Hip-Hop,/Users/gsretikkaprasad/Desktop/Music Data/data/fma_small/042/042045.mp3,True,6
6782,Folk,/Users/gsretikkaprasad/Desktop/Music Data/data/fma_small/006/006782.mp3,True,2
40984,Rock,/Users/gsretikkaprasad/Desktop/Music Data/data/fma_small/040/040984.mp3,True,7
11839,Hip-Hop,/Users/gsretikkaprasad/Desktop/Music Data/data/fma_small/011/011839.mp3,True,6
814,Folk,/Users/gsretikkaprasad/Desktop/Music Data/data/fma_small/000/000814.mp3,True,2
71508,Electronic,/Users/gsretikkaprasad/Desktop/Music Data/data/fma_small/071/071508.mp3,True,0
118087,Experimental,/Users/gsretikkaprasad/Desktop/Music Data/data/fma_small/118/118087.mp3,True,1
110768,Hip-Hop,/Users/gsretikkaprasad/Desktop/Music Data/data/fma_small/110/110768.mp3,True,6
78839,Hip-Hop,/Users/gsretikkaprasad/Desktop/Music Data/data/fma_small/078/078839.mp3,True,6
20296,Experimental,/Users/gsretikkaprasad/Desktop/Music Data/data/fma_small/020/020296.mp3,True,1
52636,Electronic,/Users/gsretikkaprasad/Desktop/Music Data/data/fma_small/052/052636.mp3,True,0
25324,Experimental,/Users/gsretikkaprasad/Desktop/Music Data/data/fma_small/025/025324.mp3,True,1
67638,Electronic,/Users/gsretikkaprasad/Desktop/Music Data/data/fma_small/067/067638.mp3,True,0
115930,Folk,/Users/gsretikkaprasad/Desktop/Music Data/data/fma_small/115/115930.mp3,True,2
105022,Experimental,/Users/gsretikkaprasad/Desktop/Music Data/data/fma_small/105/105022.mp3,True,1
49068,Experimental,/Users/gsretikkaprasad/Desktop/Music Data/data/fma_small/049/049068.mp3,True,1
98300,International,/Users/gsretikkaprasad/Desktop/Music Data/data/fma_small/098/098300.mp3,True,4
20375,Instrumental,/Users/gsretikkaprasad/Desktop/Music Data/data/fma_small/020/020375.mp3,True,3
72789,Hip-Hop,/Users/gsretikkaprasad/Desktop/Music Data/data/fma_small/072/072789.mp3,True,6
84486,Electronic,/Users/gsretikkaprasad/Desktop/Music Data/data/fma_small/084/084486.mp3,True,0
119830,Instrumental,/Users/gsretikkaprasad/Desktop/Music Data/data/fma_small/119/119830.mp3,True,3
73771,International,/Users/gsretikkaprasad/Desktop/Music Data/data/fma_small/073/073771.mp3,True,4
11782,Hip-Hop,/Users/gsretikkaprasad/Desktop/Music Data/data/fma_small/011/011782.mp3,True,6
129885,International,/Users/gsretikkaprasad/Desktop/Music Data/data/fma_small/129/129885.mp3,True,4
99437,Rock,/Users/gsretikkaprasad/Desktop/Music Data/data/fma_small/099/099437.mp3,True,7
119257,Rock,/Users/gsretikkaprasad/Desktop/Music Data/data/fma_small/119/119257.mp3,True,7
16994,Rock,/Users/gsretikkaprasad/Desktop/Music Data/data/fma_small/016/016994.mp3,True,7
141283,Instrumental,/Users/gsretikkaprasad/Desktop/Music Data/data/fma_small/141/141283.mp3,True,3
3264,Folk,/Users/gsretikkaprasad/Desktop/Music Data/data/fma_small/003/003264.mp3,True,2
122934,Folk,/Users/gsretikkaprasad/Desktop/Music Data/data/fma_small/122/122934.mp3,True,2
129439,Folk,/Users/gsretikkaprasad/Desktop/Music Data/data/fma_small/129/129439.mp3,True,2
138282,Rock,/Users/gsretikkaprasad/Desktop/Music Data/data/fma_small/138/138282.mp3,True,7
30316,Experimental,/Users/gsretikkaprasad/Desktop/Music Data/data/fma_small/030/030316.mp3,True,1
14684,Folk,/Users/gsretikkaprasad/Desktop/Music Data/data/fma_small/014/014684.mp3,True,2
129096,Rock,/Users/gsretikkaprasad/Desktop/Music Data/data/fma_small/129/129096.mp3,True,7
47072,Electronic,/Users/gsretikkaprasad/Desktop/Music Data/data/fma_small/047/047072.mp3,True,0
21232,Pop,/Users/gsretikkaprasad/Desktop/Music Data/data/fma_small/021/021232.mp3,True,5
57180,Pop,/Users/gsretikkaprasad/Desktop/Music Data/data/fma_small/057/057180.mp3,True,5
24912,Experimental,/Users/gsretikkaprasad/Desktop/Music Data/data/fma_small/024/024912.mp3,True,1
108290,Rock,/Users/gsretikkaprasad/Desktop/Music Data/data/fma_small/108/108290.mp3,True,7
143290,Hip-Hop,/Users/gsretikkaprasad/Desktop/Music Data/data/fma_small/143/143290.mp3,True,6
64989,Hip-Hop,/Users/gsretikkaprasad/Desktop/Music Data/data/fma_small/064/064989.mp3,True,6
81803,Instrumental,/Users/gsretikkaprasad/Desktop/Music Data/data/fma_small/081/081803.mp3,True,3
148516,Pop,/Users/gsretikkaprasad/Desktop/Music Data/data/fma_small/148/148516.mp3,True,5
122475,Pop,/Users/gsretikkaprasad/Desktop/Music Data/data/fma_small/122/122475.mp3,True,5
75788,Rock,/Users/gsretikkaprasad/Desktop/Music Data/data/fma_small/075/075788.mp3,True,7
143106,Rock,/Users/gsretikkaprasad/Desktop/Music Data/data/fma_small/143/143106.mp3,True,7
115699,Electronic,/Users/gsretikkaprasad/Desktop/Music Data/data/fma_small/115/115699.mp3,True,0
131934,International,/Users/gsretikkaprasad/Desktop/Music Data/data/fma_small/131/131934.mp3,True,4
114050,Hip-Hop,/Users/gsretikkaprasad/Desktop/Music Data/data/fma_small/114/114050.mp3,True,6
5156,Folk,/Users/gsretikkaprasad/Desktop/Music Data/data/fma_small/005/005156.mp3,True,2
9511,Rock,/Users/gsretikkaprasad/Desktop/Music Data/data/fma_small/009/009511.mp3,True,7
13197,Pop,/Users/gsretikkaprasad/Desktop/Music Data/data/fma_small/013/013197.mp3,True,5
119579,Experimental,/Users/gsretikkaprasad/Desktop/Music Data/data/fma_small/119/119579.mp3,True,1
46732,Pop,/Users/gsretikkaprasad/Desktop/Music Data/data/fma_small/046/046732.mp3,True,5
72612,Folk,/Users/gsretikkaprasad/Desktop/Music Data/data/fma_small/072/072612.mp3,True,2
124425,Folk,/Users/gsretikkaprasad/Desktop/Music Data/data/fma_small/124/124425.mp3,True,2
54376,Hip-Hop,/Users/gsretikkaprasad/Desktop/Music Data/data/fma_small/054/054376.mp3,True,6
84484,Electronic,/Users/gsretikkaprasad/Desktop/Music Data/data/fma_small/084/084484.mp3,True,0
122635,Instrumental,/Users/gsretikkaprasad/Desktop/Music Data/data/fma_small/122/122635.mp3,True,3
134935,International,/Users/gsretikkaprasad/Desktop/Music Data/data/fma_small/134/134935.mp3,True,4
59706,International,/Users/gsretikkaprasad/Desktop/Music Data/data/fma_small/059/059706.mp3,True,4
38822,International,/Users/gsretikkaprasad/Desktop/Music Data/data/fma_small/038/038822.mp3,True,4
27195,International,/Users/gsretikkaprasad/Desktop/Music Data/data/fma_small/027/027195.mp3,True,4
80695,International,/Users/gsretikkaprasad/Desktop/Music Data/data/fma_small/080/080695.mp3,True,4
131936,International,/Users/gsretikkaprasad/Desktop/Music Data/data/fma_small/131/131936.mp3,True,4
94101,Rock,/Users/gsretikkaprasad/Desktop/Music Data/data/fma_small/094/094101.mp3,True,7
6684,Experimental,/Users/gsretikkaprasad/Desktop/Music Data/data/fma_small/006/006684.mp3,True,1
141902,Pop,/Users/gsretikkaprasad/Desktop/Music Data/data/fma_small/141/141902.mp3,True,5
49073,Experimental,/Users/gsretikkaprasad/Desktop/Music Data/data/fma_small/049/049073.mp3,True,1
69732,Electronic,/Users/gsretikkaprasad/Desktop/Music Data/data/fma_small/069/069732.mp3,True,0
67763,Folk,/Users/gsretikkaprasad/Desktop/Music Data/data/fma_small/067/067763.mp3,True,2
53302,International,/Users/gsretikkaprasad/Desktop/Music Data/data/fma_small/053/053302.mp3,True,4
21403,Pop,/Users/gsretikkaprasad/Desktop/Music Data/data/fma_small/021/021403.mp3,True,5
23039,Pop,/Users/gsretikkaprasad/Desktop/Music Data/data/fma_small/023/023039.mp3,True,5
133446,Instrumental,/Users/gsretikkaprasad/Desktop/Music Data/data/fma_small/133/133446.mp3,True,3
59720,International,/Users/gsretikkaprasad/Desktop/Music Data/data/fma_small/059/059720.mp3,True,4
113282,International,/Users/gsretikkaprasad/Desktop/Music Data/data/fma_small/113/113282.mp3,True,4
42377,Electronic,/Users/gsretikkaprasad/Desktop/Music Data/data/fma_small/042/042377.mp3,True,0
61821,Rock,/Users/gsretikkaprasad/Desktop/Music Data/data/fma_small/061/061821.mp3,True,7
10806,Pop,/Users/gsretikkaprasad/Desktop/Music Data/data/fma_small/010/010806.mp3,True,5
38911,Experimental,/Users/gsretikkaprasad/Desktop/Music Data/data/fma_small/038/038911.mp3,True,1
6367,International,/Users/gsretikkaprasad/Desktop/Music Data/data/fma_small/006/006367.mp3,True,4
51655,Folk,/Users/gsretikkaprasad/Desktop/Music Data/data/fma_small/051/051655.mp3,True,2
60776,International,/Users/gsretikkaprasad/Desktop/Music Data/data/fma_small/060/060776.mp3,True,4
115722,Electronic,/Users/gsretikkaprasad/Desktop/Music Data/data/fma_small/115/115722.mp3,True,0
10384,Folk,/Users/gsretikkaprasad/Desktop/Music Data/data/fma_small/010/010384.mp3,True,2
72289,Rock,/Users/gsretikkaprasad/Desktop/Music Data/data/fma_small/072/072289.mp3,True,7
140043,Rock,/Users/gsretikkaprasad/Desktop/Music Data/data/fma_small/140/140043.mp3,True,7
146149,Hip-Hop,/Users/gsretikkaprasad/Desktop/Music Data/data/fma_small/146/146149.mp3,True,6
89482,Folk,/Users/gsretikkaprasad/Desktop/Music Data/data/fma_small/089/089482.mp3,True,2
42236,International,/Users/gsretikkaprasad/Desktop/Music Data/data/fma_small/042/042236.mp3,True,4
133293,Experimental,/Users/gsretikkaprasad/Desktop/Music Data/data/fma_small/133/133293.mp3,True,1
26174,Pop,/Users/gsretikkaprasad/Desktop/Music Data/data/fma_small/026/026174.mp3,True,5
108341,Electronic,/Users/gsretikkaprasad/Desktop/Music Data/data/fma_small/108/108341.mp3,True,0
124393,Rock,/Users/gsretikkaprasad/Desktop/Music Data/data/fma_small/124/124393.mp3,True,7
71622,Rock,/Users/gsretikkaprasad/Desktop/Music Data/data/fma_small/071/071622.mp3,True,7
134937,International,/Users/gsretikkaprasad/Desktop/Music Data/data/fma_small/134/134937.mp3,True,4
75925,Hip-Hop,/Users/gsretikkaprasad/Desktop/Music Data/data/fma_small/075/075925.mp3,True,6
126229,Instrumental,/Users/gsretikkaprasad/Desktop/Music Data/data/fma_small/126/126229.mp3,True,3
50446,Rock,/Users/gsretikkaprasad/Desktop/Music Data/data/fma_small/050/050446.mp3,True,7
7554,Experimental,/Users/gsretikkaprasad/Desktop/Music Data/data/fma_small/007/007554.mp3,True,1
32689,Hip-Hop,/Users/gsretikkaprasad/Desktop/Music Data/data/fma_small/032/032689.mp3,True,6
111153,Instrumental,/Users/gsretikkaprasad/Desktop/Music Data/data/fma_small/111/111153.mp3,True,3
70207,Hip-Hop,/Users/gsretikkaprasad/Desktop/Music Data/data/fma_small/070/070207.mp3,True,6
131982,Instrumental,/Users/gsretikkaprasad/Desktop/Music Data/data/fma_small/131/131982.mp3,True,3
85426,Pop,/Users/gsretikkaprasad/Desktop/Music Data/data/fma_small/085/085426.mp3,True,5
60548,International,/Users/gsretikkaprasad/Desktop/Music Data/data/fma_small/060/060548.mp3,True,4
28480,Pop,/Users/gsretikkaprasad/Desktop/Music Data/data/fma_small/028/028480.mp3,True,5
11792,Hip-Hop,/Users/gsretikkaprasad/Desktop/Music Data/data/fma_small/011/011792.mp3,True,6
87186,Pop,/Users/gsretikkaprasad/Desktop/Music Data/data/fma_small/087/087186.mp3,True,5
128760,Electronic,/Users/gsretikkaprasad/Desktop/Music Data/data/fma_small/128/128760.mp3,True,0
64893,Experimental,/Users/gsretikkaprasad/Desktop/Music Data/data/fma_small/064/064893.mp3,True,1
63472,Rock,/Users/gsretikkaprasad/Desktop/Music Data/data/fma_small/063/063472.mp3,True,7
88877,Folk,/Users/gsretikkaprasad/Desktop/Music Data/data/fma_small/088/088877.mp3,True,2
51261,Pop,/Users/gsretikkaprasad/Desktop/Music Data/data/fma_small/051/051261.mp3,True,5
112215,Experimental,/Users/gsretikkaprasad/Desktop/Music Data/data/fma_small/112/112215.mp3,True,1
4781,Rock,/Users/gsretikkaprasad/Desktop/Music Data/data/fma_small/004/004781.mp3,True,7
47074,Electronic,/Users/gsretikkaprasad/Desktop/Music Data/data/fma_small/047/047074.mp3,True,0
42138,Experimental,/Users/gsretikkaprasad/Desktop/Music Data/data/fma_small/042/042138.mp3,True,1
145728,Hip-Hop,/Users/gsretikkaprasad/Desktop/Music Data/data/fma_small/145/145728.mp3,True,6
47075,Electronic,/Users/gsretikkaprasad/Desktop/Music Data/data/fma_small/047/047075.mp3,True,0
142572,International,/Users/gsretikkaprasad/Desktop/Music Data/data/fma_small/142/142572.mp3,True,4
115764,Rock,/Users/gsretikkaprasad/Desktop/Music Data/data/fma_small/115/115764.mp3,True,7
69197,Electronic,/Users/gsretikkaprasad/Desktop/Music Data/data/fma_small/069/069197.mp3,True,0
43585,International,/Users/gsretikkaprasad/Desktop/Music Data/data/fma_small/043/043585.mp3,True,4
55430,Pop,/Users/gsretikkaprasad/Desktop/Music Data/data/fma_small/055/055430.mp3,True,5
71372,Rock,/Users/gsretikkaprasad/Desktop/Music Data/data/fma_small/071/071372.mp3,True,7
138406,Folk,/Users/gsretikkaprasad/Desktop/Music Data/data/fma_small/138/138406.mp3,True,2
147413,Rock,/Users/gsretikkaprasad/Desktop/Music Data/data/fma_small/147/147413.mp3,True,7
62527,International,/Users/gsretikkaprasad/Desktop/Music Data/data/fma_small/062/062527.mp3,True,4
11262,Electronic,/Users/gsretikkaprasad/Desktop/Music Data/data/fma_small/011/011262.mp3,True,0
114391,Electronic,/Users/gsretikkaprasad/Desktop/Music Data/data/fma_small/114/114391.mp3,True,0
141972,Experimental,/Users/gsretikkaprasad/Desktop/Music Data/data/fma_small/141/141972.mp3,True,1
67760,Pop,/Users/gsretikkaprasad/Desktop/Music Data/data/fma_small/067/067760.mp3,True,5
71157,Hip-Hop,/Users/gsretikkaprasad/Desktop/Music Data/data/fma_small/071/071157.mp3,True,6
143308,Instrumental,/Users/gsretikkaprasad/Desktop/Music Data/data/fma_small/143/143308.mp3,True,3
60170,Folk,/Users/gsretikkaprasad/Desktop/Music Data/data/fma_small/060/060170.mp3,True,2
37730,Rock,/Users/gsretikkaprasad/Desktop/Music Data/data/fma_small/037/037730.mp3,True,7
116872,Folk,/Users/gsretikkaprasad/Desktop/Music Data/data/fma_small/116/116872.mp3,True,2
94423,Pop,/Users/gsretikkaprasad/Desktop/Music Data/data/fma_small/094/094423.mp3,True,5
117631,Folk,/Users/gsretikkaprasad/Desktop/Music Data/data/fma_small/117/117631.mp3,True,2
124971,Experimental,/Users/gsretikkaprasad/Desktop/Music Data/data/fma_small/124/124971.mp3,True,1
26034,Hip-Hop,/Users/gsretikkaprasad/Desktop/Music Data/data/fma_small/026/026034.mp3,True,6
63908,Hip-Hop,/Users/gsretikkaprasad/Desktop/Music Data/data/fma_small/063/063908.mp3,True,6
52449,Instrumental,/Users/gsretikkaprasad/Desktop/Music Data/data/fma_small/052/052449.mp3,True,3
69833,Hip-Hop,/Users/gsretikkaprasad/Desktop/Music Data/data/fma_small/069/069833.mp3,True,6
57360,Experimental,/Users/gsretikkaprasad/Desktop/Music Data/data/fma_small/057/057360.mp3,True,1
85831,Electronic,/Users/gsretikkaprasad/Desktop/Music Data/data/fma_small/085/085831.mp3,True,0
42463,Folk,/Users/gsretikkaprasad/Desktop/Music Data/data/fma_small/042/042463.mp3,True,2
256,Rock,/Users/gsretikkaprasad/Desktop/Music Data/data/fma_small/000/000256.mp3,True,7
89484,Folk,/Users/gsretikkaprasad/Desktop/Music Data/data/fma_small/089/089484.mp3,True,2
143220,Rock,/Users/gsretikkaprasad/Desktop/Music Data/data/fma_small/143/143220.mp3,True,7
63922,Rock,/Users/gsretikkaprasad/Desktop/Music Data/data/fma_small/063/063922.mp3,True,7
62189,International,/Users/gsretikkaprasad/Desktop/Music Data/data/fma_small/062/062189.mp3,True,4
106339,Folk,/Users/gsretikkaprasad/Desktop/Music Data/data/fma_small/106/106339.mp3,True,2
84159,Folk,/Users/gsretikkaprasad/Desktop/Music Data/data/fma_small/084/084159.mp3,True,2
43867,Hip-Hop,/Users/gsretikkaprasad/Desktop/Music Data/data/fma_small/043/043867.mp3,True,6
121251,Rock,/Users/gsretikkaprasad/Desktop/Music Data/data/fma_small/121/121251.mp3,True,7
71507,Electronic,/Users/gsretikkaprasad/Desktop/Music Data/data/fma_small/071/071507.mp3,True,0
71692,Hip-Hop,/Users/gsretikkaprasad/Desktop/Music Data/data/fma_small/071/071692.mp3,True,6
129904,Hip-Hop,/Users/gsretikkaprasad/Desktop/Music Data/data/fma_small/129/129904.mp3,True,6
126675,Rock,/Users/gsretikkaprasad/Desktop/Music Data/data/fma_small/126/126675.mp3,True,7
3761,Rock,/Users/gsretikkaprasad/Desktop/Music Data/data/fma_small/003/003761.mp3,True,7
11237,Experimental,/Users/gsretikkaprasad/Desktop/Music Data/data/fma_small/011/011237.mp3,True,1
546,Folk,/Users/gsretikkaprasad/Desktop/Music Data/data/fma_small/000/000546.mp3,True,2
73768,International,/Users/gsretikkaprasad/Desktop/Music Data/data/fma_small/073/073768.mp3,True,4
80693,International,/Users/gsretikkaprasad/Desktop/Music Data/data/fma_small/080/080693.mp3,True,4
12537,Pop,/Users/gsretikkaprasad/Desktop/Music Data/data/fma_small/012/012537.mp3,True,5
23155,International,/Users/gsretikkaprasad/Desktop/Music Data/data/fma_small/023/023155.mp3,True,4
88870,Folk,/Users/gsretikkaprasad/Desktop/Music Data/data/fma_small/088/088870.mp3,True,2
148303,Experimental,/Users/gsretikkaprasad/Desktop/Music Data/data/fma_small/148/148303.mp3,True,1
64252,Experimental,/Users/gsretikkaprasad/Desktop/Music Data/data/fma_small/064/064252.mp3,True,1
122077,Rock,/Users/gsretikkaprasad/Desktop/Music Data/data/fma_small/122/122077.mp3,True,7
134797,Instrumental,/Users/gsretikkaprasad/Desktop/Music Data/data/fma_small/134/134797.mp3,True,3
64994,Hip-Hop,/Users/gsretikkaprasad/Desktop/Music Data/data/fma_small/064/064994.mp3,True,6
84405,Experimental,/Users/gsretikkaprasad/Desktop/Music Data/data/fma_small/084/084405.mp3,True,1
32337,Pop,/Users/gsretikkaprasad/Desktop/Music Data/data/fma_small/032/032337.mp3,True,5
48492,International,/Users/gsretikkaprasad/Desktop/Music Data/data/fma_small/048/048492.mp3,True,4
87098,Instrumental,/Users/gsretikkaprasad/Desktop/Music Data/data/fma_small/087/087098.mp3,True,3
143239,Instrumental,/Users/gsretikkaprasad/Desktop/Music Data/data/fma_small/143/143239.mp3,True,3
146458,Electronic,/Users/gsretikkaprasad/Desktop/Music Data/data/fma_small/146/146458.mp3,True,0
23371,Folk,/Users/gsretikkaprasad/Desktop/Music Data/data/fma_small/023/023371.mp3,True,2
108968,Rock,/Users/gsretikkaprasad/Desktop/Music Data/data/fma_small/108/108968.mp3,True,7
126103,Pop,/Users/gsretikkaprasad/Desktop/Music Data/data/fma_small/126/126103.mp3,True,5
109203,Rock,/Users/gsretikkaprasad/Desktop/Music Data/data/fma_small/109/109203.mp3,True,7
115473,Instrumental,/Users/gsretikkaprasad/Desktop/Music Data/data/fma_small/115/115473.mp3,True,3
154305,Hip-Hop,/Users/gsretikkaprasad/Desktop/Music Data/data/fma_small/154/154305.mp3,True,6
69194,Electronic,/Users/gsretikkaprasad/Desktop/Music Data/data/fma_small/069/069194.mp3,True,0
14320,International,/Users/gsretikkaprasad/Desktop/Music Data/data/fma_small/014/014320.mp3,True,4
129044,Instrumental,/Users/gsretikkaprasad/Desktop/Music Data/data/fma_small/129/129044.mp3,True,3
113035,Hip-Hop,/Users/gsretikkaprasad/Desktop/Music Data/data/fma_small/113/113035.mp3,True,6
19187,Rock,/Users/gsretikkaprasad/Desktop/Music Data/data/fma_small/019/019187.mp3,True,7
154307,Hip-Hop,/Users/gsretikkaprasad/Desktop/Music Data/data/fma_small/154/154307.mp3,True,6
40240,Folk,/Users/gsretikkaprasad/Desktop/Music Data/data/fma_small/040/040240.mp3,True,2
42374,Electronic,/Users/gsretikkaprasad/Desktop/Music Data/data/fma_small/042/042374.mp3,True,0
22000,Pop,/Users/gsretikkaprasad/Desktop/Music Data/data/fma_small/022/022000.mp3,True,5
57177,Folk,/Users/gsretikkaprasad/Desktop/Music Data/data/fma_small/057/057177.mp3,True,2
120299,Instrumental,/Users/gsretikkaprasad/Desktop/Music Data/data/fma_small/120/120299.mp3,True,3
100949,Hip-Hop,/Users/gsretikkaprasad/Desktop/Music Data/data/fma_small/100/100949.mp3,True,6
127349,Electronic,/Users/gsretikkaprasad/Desktop/Music Data/data/fma_small/127/127349.mp3,True,0
131426,Hip-Hop,/Users/gsretikkaprasad/Desktop/Music Data/data/fma_small/131/131426.mp3,True,6
111377,Pop,/Users/gsretikkaprasad/Desktop/Music Data/data/fma_small/111/111377.mp3,True,5
48865,Experimental,/Users/gsretikkaprasad/Desktop/Music Data/data/fma_small/048/048865.mp3,True,1
75783,Rock,/Users/gsretikkaprasad/Desktop/Music Data/data/fma_small/075/075783.mp3,True,7
64333,Electronic,/Users/gsretikkaprasad/Desktop/Music Data/data/fma_small/064/064333.mp3,True,0
107596,Folk,/Users/gsretikkaprasad/Desktop/Music Data/data/fma_small/107/107596.mp3,True,2
83437,Folk,/Users/gsretikkaprasad/Desktop/Music Data/data/fma_small/083/083437.mp3,True,2
138067,Pop,/Users/gsretikkaprasad/Desktop/Music Data/data/fma_small/138/138067.mp3,True,5
91851,Rock,/Users/gsretikkaprasad/Desktop/Music Data/data/fma_small/091/091851.mp3,True,7
73772,International,/Users/gsretikkaprasad/Desktop/Music Data/data/fma_small/073/073772.mp3,True,4
122534,Pop,/Users/gsretikkaprasad/Desktop/Music Data/data/fma_small/122/122534.mp3,True,5
127299,Pop,/Users/gsretikkaprasad/Desktop/Music Data/data/fma_small/127/127299.mp3,True,5
30521,Electronic,/Users/gsretikkaprasad/Desktop/Music Data/data/fma_small/030/030521.mp3,True,0
107183,International,/Users/gsretikkaprasad/Desktop/Music Data/data/fma_small/107/107183.mp3,True,4
25227,International,/Users/gsretikkaprasad/Desktop/Music Data/data/fma_small/025/025227.mp3,True,4
67364,Pop,/Users/gsretikkaprasad/Desktop/Music Data/data/fma_small/067/067364.mp3,True,5
91937,Folk,/Users/gsretikkaprasad/Desktop/Music Data/data/fma_small/091/091937.mp3,True,2
110711,Experimental,/Users/gsretikkaprasad/Desktop/Music Data/data/fma_small/110/110711.mp3,True,1
139523,Folk,/Users/gsretikkaprasad/Desktop/Music Data/data/fma_small/139/139523.mp3,True,2
37423,Hip-Hop,/Users/gsretikkaprasad/Desktop/Music Data/data/fma_small/037/037423.mp3,True,6
32334,Pop,/Users/gsretikkaprasad/Desktop/Music Data/data/fma_small/032/032334.mp3,True,5
125779,Rock,/Users/gsretikkaprasad/Desktop/Music Data/data/fma_small/125/125779.mp3,True,7
66074,Electronic,/Users/gsretikkaprasad/Desktop/Music Data/data/fma_small/066/066074.mp3,True,0
36261,Electronic,/Users/gsretikkaprasad/Desktop/Music Data/data/fma_small/036/036261.mp3,True,0
109711,Experimental,/Users/gsretikkaprasad/Desktop/Music Data/data/fma_small/109/109711.mp3,True,1
129444,Folk,/Users/gsretikkaprasad/Desktop/Music Data/data/fma_small/129/129444.mp3,True,2
73675,Folk,/Users/gsretikkaprasad/Desktop/Music Data/data/fma_small/073/073675.mp3,True,2
30520,Electronic,/Users/gsretikkaprasad/Desktop/Music Data/data/fma_small/030/030520.mp3,True,0
133274,Rock,/Users/gsretikkaprasad/Desktop/Music Data/data/fma_small/133/133274.mp3,True,7
113810,Pop,/Users/gsretikkaprasad/Desktop/Music Data/data/fma_small/113/113810.mp3,True,5
20376,Instrumental,/Users/gsretikkaprasad/Desktop/Music Data/data/fma_small/020/020376.mp3,True,3
75419,Hip-Hop,/Users/gsretikkaprasad/Desktop/Music Data/data/fma_small/075/075419.mp3,True,6
152261,International,/Users/gsretikkaprasad/Desktop/Music Data/data/fma_small/152/152261.mp3,True,4
88874,Folk,/Users/gsretikkaprasad/Desktop/Music Data/data/fma_small/088/088874.mp3,True,2
128887,Instrumental,/Users/gsretikkaprasad/Desktop/Music Data/data/fma_small/128/128887.mp3,True,3
143995,Rock,/Users/gsretikkaprasad/Desktop/Music Data/data/fma_small/143/143995.mp3,True,7
44918,Rock,/Users/gsretikkaprasad/Desktop/Music Data/data/fma_small/044/044918.mp3,True,7
92538,Folk,/Users/gsretikkaprasad/Desktop/Music Data/data/fma_small/092/092538.mp3,True,2
140871,Folk,/Users/gsretikkaprasad/Desktop/Music Data/data/fma_small/140/140871.mp3,True,2
57943,Experimental,/Users/gsretikkaprasad/Desktop/Music Data/data/fma_small/057/057943.mp3,True,1
75782,Rock,/Users/gsretikkaprasad/Desktop/Music Data/data/fma_small/075/075782.mp3,True,7
59446,Pop,/Users/gsretikkaprasad/Desktop/Music Data/data/fma_small/059/059446.mp3,True,5
75612,Instrumental,/Users/gsretikkaprasad/Desktop/Music Data/data/fma_small/075/075612.mp3,True,3
98580,Hip-Hop,/Users/gsretikkaprasad/Desktop/Music Data/data/fma_small/098/098580.mp3,True,6
134094,Experimental,/Users/gsretikkaprasad/Desktop/Music Data/data/fma_small/134/134094.mp3,True,1
56517,Folk,/Users/gsretikkaprasad/Desktop/Music Data/data/fma_small/056/056517.mp3,True,2
124470,Rock,/Users/gsretikkaprasad/Desktop/Music Data/data/fma_small/124/124470.mp3,True,7
145608,Rock,/Users/gsretikkaprasad/Desktop/Music Data/data/fma_small/145/145608.mp3,True,7
59719,International,/Users/gsretikkaprasad/Desktop/Music Data/data/fma_small/059/059719.mp3,True,4
125193,Folk,/Users/gsretikkaprasad/Desktop/Music Data/data/fma_small/125/125193.mp3,True,2
94411,Electronic,/Users/gsretikkaprasad/Desktop/Music Data/data/fma_small/094/094411.mp3,True,0
43022,International,/Users/gsretikkaprasad/Desktop/Music Data/data/fma_small/043/043022.mp3,True,4
116487,Instrumental,/Users/gsretikkaprasad/Desktop/Music Data/data/fma_small/116/116487.mp3,True,3
118257,Experimental,/Users/gsretikkaprasad/Desktop/Music Data/data/fma_small/118/118257.mp3,True,1
150063,Folk,/Users/gsretikkaprasad/Desktop/Music Data/data/fma_small/150/150063.mp3,True,2
35182,Pop,/Users/gsretikkaprasad/Desktop/Music Data/data/fma_small/035/035182.mp3,True,5
35535,Rock,/Users/gsretikkaprasad/Desktop/Music Data/data/fma_small/035/035535.mp3,True,7
13735,Hip-Hop,/Users/gsretikkaprasad/Desktop/Music Data/data/fma_small/013/013735.mp3,True,6
85038,Electronic,/Users/gsretikkaprasad/Desktop/Music Data/data/fma_small/085/085038.mp3,True,0
149417,Rock,/Users/gsretikkaprasad/Desktop/Music Data/data/fma_small/149/149417.mp3,True,7
137170,Instrumental,/Users/gsretikkaprasad/Desktop/Music Data/data/fma_small/137/137170.mp3,True,3
80755,International,/Users/gsretikkaprasad/Desktop/Music Data/data/fma_small/080/080755.mp3,True,4
114297,Electronic,/Users/gsretikkaprasad/Desktop/Music Data/data/fma_small/114/114297.mp3,True,0
147261,Hip-Hop,/Users/gsretikkaprasad/Desktop/Music Data/data/fma_small/147/147261.mp3,True,6
125154,Electronic,/Users/gsretikkaprasad/Desktop/Music Data/data/fma_small/125/125154.mp3,True,0
127211,Instrumental,/Users/gsretikkaprasad/Desktop/Music Data/data/fma_small/127/127211.mp3,True,3
822,Pop,/Users/gsretikkaprasad/Desktop/Music Data/data/fma_small/000/000822.mp3,True,5
14577,Instrumental,/Users/gsretikkaprasad/Desktop/Music Data/data/fma_small/014/014577.mp3,True,3
21842,Electronic,/Users/gsretikkaprasad/Desktop/Music Data/data/fma_small/021/021842.mp3,True,0
52037,Pop,/Users/gsretikkaprasad/Desktop/Music Data/data/fma_small/052/052037.mp3,True,5
62192,International,/Users/gsretikkaprasad/Desktop/Music Data/data/fma_small/062/062192.mp3,True,4
54475,International,/Users/gsretikkaprasad/Desktop/Music Data/data/fma_small/054/054475.mp3,True,4
3535,Pop,/Users/gsretikkaprasad/Desktop/Music Data/data/fma_small/003/003535.mp3,True,5
12514,Folk,/Users/gsretikkaprasad/Desktop/Music Data/data/fma_small/012/012514.mp3,True,2
36096,Electronic,/Users/gsretikkaprasad/Desktop/Music Data/data/fma_small/036/036096.mp3,True,0
123147,Hip-Hop,/Users/gsretikkaprasad/Desktop/Music Data/data/fma_small/123/123147.mp3,True,6
137719,Rock,/Users/gsretikkaprasad/Desktop/Music Data/data/fma_small/137/137719.mp3,True,7
81938,Folk,/Users/gsretikkaprasad/Desktop/Music Data/data/fma_small/081/081938.mp3,True,2
10442,Folk,/Users/gsretikkaprasad/Desktop/Music Data/data/fma_small/010/010442.mp3,True,2
112527,Rock,/Users/gsretikkaprasad/Desktop/Music Data/data/fma_small/112/112527.mp3,True,7
80766,International,/Users/gsretikkaprasad/Desktop/Music Data/data/fma_small/080/080766.mp3,True,4
1930,Rock,/Users/gsretikkaprasad/Desktop/Music Data/data/fma_small/001/001930.mp3,True,7
127359,International,/Users/gsretikkaprasad/Desktop/Music Data/data/fma_small/127/127359.mp3,True,4
7388,Experimental,/Users/gsretikkaprasad/Desktop/Music Data/data/fma_small/007/007388.mp3,True,1
63065,Electronic,/Users/gsretikkaprasad/Desktop/Music Data/data/fma_small/063/063065.mp3,True,0
99375,International,/Users/gsretikkaprasad/Desktop/Music Data/data/fma_small/099/099375.mp3,True,4
145259,Rock,/Users/gsretikkaprasad/Desktop/Music Data/data/fma_small/145/145259.mp3,True,7
82778,Hip-Hop,/Users/gsretikkaprasad/Desktop/Music Data/data/fma_small/082/082778.mp3,True,6
39661,Pop,/Users/gsretikkaprasad/Desktop/Music Data/data/fma_small/039/039661.mp3,True,5
91082,Electronic,/Users/gsretikkaprasad/Desktop/Music Data/data/fma_small/091/091082.mp3,True,0
142570,International,/Users/gsretikkaprasad/Desktop/Music Data/data/fma_small/142/142570.mp3,True,4
86724,Experimental,/Users/gsretikkaprasad/Desktop/Music Data/data/fma_small/086/086724.mp3,True,1
123439,Hip-Hop,/Users/gsretikkaprasad/Desktop/Music Data/data/fma_small/123/123439.mp3,True,6
111150,Instrumental,/Users/gsretikkaprasad/Desktop/Music Data/data/fma_small/111/111150.mp3,True,3
30636,Experimental,/Users/gsretikkaprasad/Desktop/Music Data/data/fma_small/030/030636.mp3,True,1
130923,Electronic,/Users/gsretikkaprasad/Desktop/Music Data/data/fma_small/130/130923.mp3,True,0
114292,Electronic,/Users/gsretikkaprasad/Desktop/Music Data/data/fma_small/114/114292.mp3,True,0
85027,Rock,/Users/gsretikkaprasad/Desktop/Music Data/data/fma_small/085/085027.mp3,True,7
41962,Rock,/Users/gsretikkaprasad/Desktop/Music Data/data/fma_small/041/041962.mp3,True,7
43534,International,/Users/gsretikkaprasad/Desktop/Music Data/data/fma_small/043/043534.mp3,True,4
114386,Electronic,/Users/gsretikkaprasad/Desktop/Music Data/data/fma_small/114/114386.mp3,True,0
18877,Experimental,/Users/gsretikkaprasad/Desktop/Music Data/data/fma_small/018/018877.mp3,True,1
108499,Hip-Hop,/Users/gsretikkaprasad/Desktop/Music Data/data/fma_small/108/108499.mp3,True,6
130710,Hip-Hop,/Users/gsretikkaprasad/Desktop/Music Data/data/fma_small/130/130710.mp3,True,6
140924,Electronic,/Users/gsretikkaprasad/Desktop/Music Data/data/fma_small/140/140924.mp3,True,0
60317,Experimental,/Users/gsretikkaprasad/Desktop/Music Data/data/fma_small/060/060317.mp3,True,1
39666,Pop,/Users/gsretikkaprasad/Desktop/Music Data/data/fma_small/039/039666.mp3,True,5
132789,Pop,/Users/gsretikkaprasad/Desktop/Music Data/data/fma_small/132/132789.mp3,True,5
141304,Hip-Hop,/Users/gsretikkaprasad/Desktop/Music Data/data/fma_small/141/141304.mp3,True,6
97845,Electronic,/Users/gsretikkaprasad/Desktop/Music Data/data/fma_small/097/097845.mp3,True,0
146020,Instrumental,/Users/gsretikkaprasad/Desktop/Music Data/data/fma_small/146/146020.mp3,True,3
141297,Instrumental,/Users/gsretikkaprasad/Desktop/Music Data/data/fma_small/141/141297.mp3,True,3
67640,Electronic,/Users/gsretikkaprasad/Desktop/Music Data/data/fma_small/067/067640.mp3,True,0
126317,Instrumental,/Users/gsretikkaprasad/Desktop/Music Data/data/fma_small/126/126317.mp3,True,3
4017,Folk,/Users/gsretikkaprasad/Desktop/Music Data/data/fma_small/004/004017.mp3,True,2
116344,Electronic,/Users/gsretikkaprasad/Desktop/Music Data/data/fma_small/116/116344.mp3,True,0
108906,Instrumental,/Users/gsretikkaprasad/Desktop/Music Data/data/fma_small/108/108906.mp3,True,3
61491,Rock,/Users/gsretikkaprasad/Desktop/Music Data/data/fma_small/061/061491.mp3,True,7
73368,Electronic,/Users/gsretikkaprasad/Desktop/Music Data/data/fma_small/073/073368.mp3,True,0
59677,International,/Users/gsretikkaprasad/Desktop/Music Data/data/fma_small/059/059677.mp3,True,4
12146,Pop,/Users/gsretikkaprasad/Desktop/Music Data/data/fma_small/012/012146.mp3,True,5
106274,Rock,/Users/gsretikkaprasad/Desktop/Music Data/data/fma_small/106/106274.mp3,True,7
107476,Rock,/Users/gsretikkaprasad/Desktop/Music Data/data/fma_small/107/107476.mp3,True,7
52632,Electronic,/Users/gsretikkaprasad/Desktop/Music Data/data/fma_small/052/052632.mp3,True,0
46930,Pop,/Users/gsretikkaprasad/Desktop/Music Data/data/fma_small/046/046930.mp3,True,5
149623,Hip-Hop,/Users/gsretikkaprasad/Desktop/Music Data/data/fma_small/149/149623.mp3,True,6
141303,Instrumental,/Users/gsretikkaprasad/Desktop/Music Data/data/fma_small/141/141303.mp3,True,3
115850,Experimental,/Users/gsretikkaprasad/Desktop/Music Data/data/fma_small/115/115850.mp3,True,1
3833,Rock,/Users/gsretikkaprasad/Desktop/Music Data/data/fma_small/003/003833.mp3,True,7
131019,Hip-Hop,/Users/gsretikkaprasad/Desktop/Music Data/data/fma_small/131/131019.mp3,True,6
62188,International,/Users/gsretikkaprasad/Desktop/Music Data/data/fma_small/062/062188.mp3,True,4
97794,Experimental,/Users/gsretikkaprasad/Desktop/Music Data/data/fma_small/097/097794.mp3,True,1
72210,Electronic,/Users/gsretikkaprasad/Desktop/Music Data/data/fma_small/072/072210.mp3,True,0
130371,Pop,/Users/gsretikkaprasad/Desktop/Music Data/data/fma_small/130/130371.mp3,True,5
109957,Pop,/Users/gsretikkaprasad/Desktop/Music Data/data/fma_small/109/109957.mp3,True,5
112487,Hip-Hop,/Users/gsretikkaprasad/Desktop/Music Data/data/fma_small/112/112487.mp3,True,6
149075,Pop,/Users/gsretikkaprasad/Desktop/Music Data/data/fma_small/149/149075.mp3,True,5
96692,Folk,/Users/gsretikkaprasad/Desktop/Music Data/data/fma_small/096/096692.mp3,True,2
41605,Experimental,/Users/gsretikkaprasad/Desktop/Music Data/data/fma_small/041/041605.mp3,True,1
4103,International,/Users/gsretikkaprasad/Desktop/Music Data/data/fma_small/004/004103.mp3,True,4
40236,Folk,/Users/gsretikkaprasad/Desktop/Music Data/data/fma_small/040/040236.mp3,True,2
98237,Instrumental,/Users/gsretikkaprasad/Desktop/Music Data/data/fma_small/098/098237.mp3,True,3
126413,Instrumental,/Users/gsretikkaprasad/Desktop/Music Data/data/fma_small/126/126413.mp3,True,3
142539,International,/Users/gsretikkaprasad/Desktop/Music Data/data/fma_small/142/142539.mp3,True,4
141290,Instrumental,/Users/gsretikkaprasad/Desktop/Music Data/data/fma_small/141/141290.mp3,True,3
32437,Electronic,/Users/gsretikkaprasad/Desktop/Music Data/data/fma_small/032/032437.mp3,True,0
113808,Pop,/Users/gsretikkaprasad/Desktop/Music Data/data/fma_small/113/113808.mp3,True,5
80402,Instrumental,/Users/gsretikkaprasad/Desktop/Music Data/data/fma_small/080/080402.mp3,True,3
82231,Experimental,/Users/gsretikkaprasad/Desktop/Music Data/data/fma_small/082/082231.mp3,True,1
10382,Folk,/Users/gsretikkaprasad/Desktop/Music Data/data/fma_small/010/010382.mp3,True,2
29739,Experimental,/Users/gsretikkaprasad/Desktop/Music Data/data/fma_small/029/029739.mp3,True,1
80687,International,/Users/gsretikkaprasad/Desktop/Music Data/data/fma_small/080/080687.mp3,True,4
145458,Instrumental,/Users/gsretikkaprasad/Desktop/Music Data/data/fma_small/145/145458.mp3,True,3
39359,Rock,/Users/gsretikkaprasad/Desktop/Music Data/data/fma_small/039/039359.mp3,True,7
39607,Electronic,/Users/gsretikkaprasad/Desktop/Music Data/data/fma_small/039/039607.mp3,True,0
116517,Experimental,/Users/gsretikkaprasad/Desktop/Music Data/data/fma_small/116/116517.mp3,True,1
88868,Folk,/Users/gsretikkaprasad/Desktop/Music Data/data/fma_small/088/088868.mp3,True,2
118059,Instrumental,/Users/gsretikkaprasad/Desktop/Music Data/data/fma_small/118/118059.mp3,True,3
111397,Pop,/Users/gsretikkaprasad/Desktop/Music Data/data/fma_small/111/111397.mp3,True,5
1683,International,/Users/gsretikkaprasad/Desktop/Music Data/data/fma_small/001/001683.mp3,True,4
27549,Pop,/Users/gsretikkaprasad/Desktop/Music Data/data/fma_small/027/027549.mp3,True,5
58162,Pop,/Users/gsretikkaprasad/Desktop/Music Data/data/fma_small/058/058162.mp3,True,5
25028,International,/Users/gsretikkaprasad/Desktop/Music Data/data/fma_small/025/025028.mp3,True,4
55287,Pop,/Users/gsretikkaprasad/Desktop/Music Data/data/fma_small/055/055287.mp3,True,5
111226,Instrumental,/Users/gsretikkaprasad/Desktop/Music Data/data/fma_small/111/111226.mp3,True,3
121813,Rock,/Users/gsretikkaprasad/Desktop/Music Data/data/fma_small/121/121813.mp3,True,7
72930,Experimental,/Users/gsretikkaprasad/Desktop/Music Data/data/fma_small/072/072930.mp3,True,1
73551,Hip-Hop,/Users/gsretikkaprasad/Desktop/Music Data/data/fma_small/073/073551.mp3,True,6
115817,Experimental,/Users/gsretikkaprasad/Desktop/Music Data/data/fma_small/115/115817.mp3,True,1
126786,Folk,/Users/gsretikkaprasad/Desktop/Music Data/data/fma_small/126/126786.mp3,True,2
86562,Rock,/Users/gsretikkaprasad/Desktop/Music Data/data/fma_small/086/086562.mp3,True,7
25606,International,/Users/gsretikkaprasad/Desktop/Music Data/data/fma_small/025/025606.mp3,True,4
73658,Folk,/Users/gsretikkaprasad/Desktop/Music Data/data/fma_small/073/073658.mp3,True,2
54469,International,/Users/gsretikkaprasad/Desktop/Music Data/data/fma_small/054/054469.mp3,True,4
27866,Experimental,/Users/gsretikkaprasad/Desktop/Music Data/data/fma_small/027/027866.mp3,True,1
12485,Folk,/Users/gsretikkaprasad/Desktop/Music Data/data/fma_small/012/012485.mp3,True,2
98573,Hip-Hop,/Users/gsretikkaprasad/Desktop/Music Data/data/fma_small/098/098573.mp3,True,6
28483,Pop,/Users/gsretikkaprasad/Desktop/Music Data/data/fma_small/028/028483.mp3,True,5
16337,Pop,/Users/gsretikkaprasad/Desktop/Music Data/data/fma_small/016/016337.mp3,True,5
83612,Instrumental,/Users/gsretikkaprasad/Desktop/Music Data/data/fma_small/083/083612.mp3,True,3
137484,Experimental,/Users/gsretikkaprasad/Desktop/Music Data/data/fma_small/137/137484.mp3,True,1
3533,Pop,/Users/gsretikkaprasad/Desktop/Music Data/data/fma_small/003/003533.mp3,True,5
84485,Electronic,/Users/gsretikkaprasad/Desktop/Music Data/data/fma_small/084/084485.mp3,True,0
130921,Electronic,/Users/gsretikkaprasad/Desktop/Music Data/data/fma_small/130/130921.mp3,True,0
38884,Experimental,/Users/gsretikkaprasad/Desktop/Music Data/data/fma_small/038/038884.mp3,True,1
145042,Electronic,/Users/gsretikkaprasad/Desktop/Music Data/data/fma_small/145/145042.mp3,True,0
92886,Experimental,/Users/gsretikkaprasad/Desktop/Music Data/data/fma_small/092/092886.mp3,True,1
37592,Rock,/Users/gsretikkaprasad/Desktop/Music Data/data/fma_small/037/037592.mp3,True,7
41381,Pop,/Users/gsretikkaprasad/Desktop/Music Data/data/fma_small/041/041381.mp3,True,5
75372,Hip-Hop,/Users/gsretikkaprasad/Desktop/Music Data/data/fma_small/075/075372.mp3,True,6
137418,Rock,/Users/gsretikkaprasad/Desktop/Music Data/data/fma_small/137/137418.mp3,True,7
29602,Hip-Hop,/Users/gsretikkaprasad/Desktop/Music Data/data/fma_small/029/029602.mp3,True,6
8259,Folk,/Users/gsretikkaprasad/Desktop/Music Data/data/fma_small/008/008259.mp3,True,2
55828,International,/Users/gsretikkaprasad/Desktop/Music Data/data/fma_small/055/055828.mp3,True,4
97424,Electronic,/Users/gsretikkaprasad/Desktop/Music Data/data/fma_small/097/097424.mp3,True,0
117173,Instrumental,/Users/gsretikkaprasad/Desktop/Music Data/data/fma_small/117/117173.mp3,True,3
87099,Instrumental,/Users/gsretikkaprasad/Desktop/Music Data/data/fma_small/087/087099.mp3,True,3
17635,International,/Users/gsretikkaprasad/Desktop/Music Data/data/fma_small/017/017635.mp3,True,4
81638,Instrumental,/Users/gsretikkaprasad/Desktop/Music Data/data/fma_small/081/081638.mp3,True,3
93918,Instrumental,/Users/gsretikkaprasad/Desktop/Music Data/data/fma_small/093/093918.mp3,True,3
6611,Hip-Hop,/Users/gsretikkaprasad/Desktop/Music Data/data/fma_small/006/006611.mp3,True,6
86761,Rock,/Users/gsretikkaprasad/Desktop/Music Data/data/fma_small/086/086761.mp3,True,7
126219,Instrumental,/Users/gsretikkaprasad/Desktop/Music Data/data/fma_small/126/126219.mp3,True,3
138015,Folk,/Users/gsretikkaprasad/Desktop/Music Data/data/fma_small/138/138015.mp3,True,2
83969,Rock,/Users/gsretikkaprasad/Desktop/Music Data/data/fma_small/083/083969.mp3,True,7
43866,Hip-Hop,/Users/gsretikkaprasad/Desktop/Music Data/data/fma_small/043/043866.mp3,True,6
54464,International,/Users/gsretikkaprasad/Desktop/Music Data/data/fma_small/054/054464.mp3,True,4
27798,Electronic,/Users/gsretikkaprasad/Desktop/Music Data/data/fma_small/027/027798.mp3,True,0
133833,Rock,/Users/gsretikkaprasad/Desktop/Music Data/data/fma_small/133/133833.mp3,True,7
62458,Rock,/Users/gsretikkaprasad/Desktop/Music Data/data/fma_small/062/062458.mp3,True,7
139329,Experimental,/Users/gsretikkaprasad/Desktop/Music Data/data/fma_small/139/139329.mp3,True,1
149102,Pop,/Users/gsretikkaprasad/Desktop/Music Data/data/fma_small/149/149102.mp3,True,5
108496,Hip-Hop,/Users/gsretikkaprasad/Desktop/Music Data/data/fma_small/108/108496.mp3,True,6
74937,Folk,/Users/gsretikkaprasad/Desktop/Music Data/data/fma_small/074/074937.mp3,True,2
69181,Pop,/Users/gsretikkaprasad/Desktop/Music Data/data/fma_small/069/069181.mp3,True,5
53154,International,/Users/gsretikkaprasad/Desktop/Music Data/data/fma_small/053/053154.mp3,True,4
59561,Rock,/Users/gsretikkaprasad/Desktop/Music Data/data/fma_small/059/059561.mp3,True,7
94035,Instrumental,/Users/gsretikkaprasad/Desktop/Music Data/data/fma_small/094/094035.mp3,True,3
139770,Rock,/Users/gsretikkaprasad/Desktop/Music Data/data/fma_small/139/139770.mp3,True,7
87100,Instrumental,/Users/gsretikkaprasad/Desktop/Music Data/data/fma_small/087/087100.mp3,True,3
10810,Pop,/Users/gsretikkaprasad/Desktop/Music Data/data/fma_small/010/010810.mp3,True,5
135341,Pop,/Users/gsretikkaprasad/Desktop/Music Data/data/fma_small/135/135341.mp3,True,5
137176,Instrumental,/Users/gsretikkaprasad/Desktop/Music Data/data/fma_small/137/137176.mp3,True,3
69001,Experimental,/Users/gsretikkaprasad/Desktop/Music Data/data/fma_small/069/069001.mp3,True,1
33221,Electronic,/Users/gsretikkaprasad/Desktop/Music Data/data/fma_small/033/033221.mp3,True,0
128443,Hip-Hop,/Users/gsretikkaprasad/Desktop/Music Data/data/fma_small/128/128443.mp3,True,6
71216,Hip-Hop,/Users/gsretikkaprasad/Desktop/Music Data/data/fma_small/071/071216.mp3,True,6
10697,Hip-Hop,/Users/gsretikkaprasad/Desktop/Music Data/data/fma_small/010/010697.mp3,True,6
61174,Hip-Hop,/Users/gsretikkaprasad/Desktop/Music Data/data/fma_small/061/061174.mp3,True,6
81792,Instrumental,/Users/gsretikkaprasad/Desktop/Music Data/data/fma_small/081/081792.mp3,True,3
24426,Hip-Hop,/Users/gsretikkaprasad/Desktop/Music Data/data/fma_small/024/024426.mp3,True,6
142358,Hip-Hop,/Users/gsretikkaprasad/Desktop/Music Data/data/fma_small/142/142358.mp3,True,6
22478,Pop,/Users/gsretikkaprasad/Desktop/Music Data/data/fma_small/022/022478.mp3,True,5
80776,International,/Users/gsretikkaprasad/Desktop/Music Data/data/fma_small/080/080776.mp3,True,4
72927,Experimental,/Users/gsretikkaprasad/Desktop/Music Data/data/fma_small/072/072927.mp3,True,1
36380,Electronic,/Users/gsretikkaprasad/Desktop/Music Data/data/fma_small/036/036380.mp3,True,0
132134,Electronic,/Users/gsretikkaprasad/Desktop/Music Data/data/fma_small/132/132134.mp3,True,0
111416,Electronic,/Users/gsretikkaprasad/Desktop/Music Data/data/fma_small/111/111416.mp3,True,0
76363,Instrumental,/Users/gsretikkaprasad/Desktop/Music Data/data/fma_small/076/076363.mp3,True,3
24431,Hip-Hop,/Users/gsretikkaprasad/Desktop/Music Data/data/fma_small/024/024431.mp3,True,6
132141,International,/Users/gsretikkaprasad/Desktop/Music Data/data/fma_small/132/132141.mp3,True,4
139993,Electronic,/Users/gsretikkaprasad/Desktop/Music Data/data/fma_small/139/139993.mp3,True,0
93917,Instrumental,/Users/gsretikkaprasad/Desktop/Music Data/data/fma_small/093/093917.mp3,True,3
55830,International,/Users/gsretikkaprasad/Desktop/Music Data/data/fma_small/055/055830.mp3,True,4
108866,International,/Users/gsretikkaprasad/Desktop/Music Data/data/fma_small/108/108866.mp3,True,4
38898,Experimental,/Users/gsretikkaprasad/Desktop/Music Data/data/fma_small/038/038898.mp3,True,1
28482,Pop,/Users/gsretikkaprasad/Desktop/Music Data/data/fma_small/028/028482.mp3,True,5
124392,Rock,/Users/gsretikkaprasad/Desktop/Music Data/data/fma_small/124/124392.mp3,True,7
28548,Electronic,/Users/gsretikkaprasad/Desktop/Music Data/data/fma_small/028/028548.mp3,True,0
46855,Pop,/Users/gsretikkaprasad/Desktop/Music Data/data/fma_small/046/046855.mp3,True,5
122083,Rock,/Users/gsretikkaprasad/Desktop/Music Data/data/fma_small/122/122083.mp3,True,7
117630,Folk,/Users/gsretikkaprasad/Desktop/Music Data/data/fma_small/117/117630.mp3,True,2
44777,Folk,/Users/gsretikkaprasad/Desktop/Music Data/data/fma_small/044/044777.mp3,True,2
141590,International,/Users/gsretikkaprasad/Desktop/Music Data/data/fma_small/141/141590.mp3,True,4
98625,Hip-Hop,/Users/gsretikkaprasad/Desktop/Music Data/data/fma_small/098/098625.mp3,True,6
11778,Hip-Hop,/Users/gsretikkaprasad/Desktop/Music Data/data/fma_small/011/011778.mp3,True,6
112528,Rock,/Users/gsretikkaprasad/Desktop/Music Data/data/fma_small/112/112528.mp3,True,7
105914,Folk,/Users/gsretikkaprasad/Desktop/Music Data/data/fma_small/105/105914.mp3,True,2
119193,Pop,/Users/gsretikkaprasad/Desktop/Music Data/data/fma_small/119/119193.mp3,True,5
127495,Instrumental,/Users/gsretikkaprasad/Desktop/Music Data/data/fma_small/127/127495.mp3,True,3
6382,International,/Users/gsretikkaprasad/Desktop/Music Data/data/fma_small/006/006382.mp3,True,4
6358,International,/Users/gsretikkaprasad/Desktop/Music Data/data/fma_small/006/006358.mp3,True,4
116261,Experimental,/Users/gsretikkaprasad/Desktop/Music Data/data/fma_small/116/116261.mp3,True,1
132566,Instrumental,/Users/gsretikkaprasad/Desktop/Music Data/data/fma_small/132/132566.mp3,True,3
10673,Rock,/Users/gsretikkaprasad/Desktop/Music Data/data/fma_small/010/010673.mp3,True,7
120314,Instrumental,/Users/gsretikkaprasad/Desktop/Music Data/data/fma_small/120/120314.mp3,True,3
113696,International,/Users/gsretikkaprasad/Desktop/Music Data/data/fma_small/113/113696.mp3,True,4
114049,Hip-Hop,/Users/gsretikkaprasad/Desktop/Music Data/data/fma_small/114/114049.mp3,True,6
38906,Experimental,/Users/gsretikkaprasad/Desktop/Music Data/data/fma_small/038/038906.mp3,True,1
62001,Hip-Hop,/Users/gsretikkaprasad/Desktop/Music Data/data/fma_small/062/062001.mp3,True,6
126291,Instrumental,/Users/gsretikkaprasad/Desktop/Music Data/data/fma_small/126/126291.mp3,True,3
35204,Experimental,/Users/gsretikkaprasad/Desktop/Music Data/data/fma_small/035/035204.mp3,True,1
148444,Electronic,/Users/gsretikkaprasad/Desktop/Music Data/data/fma_small/148/148444.mp3,True,0
132045,Folk,/Users/gsretikkaprasad/Desktop/Music Data/data/fma_small/132/132045.mp3,True,2
11776,Hip-Hop,/Users/gsretikkaprasad/Desktop/Music Data/data/fma_small/011/011776.mp3,True,6
67237,Rock,/Users/gsretikkaprasad/Desktop/Music Data/data/fma_small/067/067237.mp3,True,7
123974,Hip-Hop,/Users/gsretikkaprasad/Desktop/Music Data/data/fma_small/123/123974.mp3,True,6
45518,Folk,/Users/gsretikkaprasad/Desktop/Music Data/data/fma_small/045/045518.mp3,True,2
82918,Instrumental,/Users/gsretikkaprasad/Desktop/Music Data/data/fma_small/082/082918.mp3,True,3
68844,Folk,/Users/gsretikkaprasad/Desktop/Music Data/data/fma_small/068/068844.mp3,True,2
2097,Folk,/Users/gsretikkaprasad/Desktop/Music Data/data/fma_small/002/002097.mp3,True,2
29816,Electronic,/Users/gsretikkaprasad/Desktop/Music Data/data/fma_small/029/029816.mp3,True,0
37119,Instrumental,/Users/gsretikkaprasad/Desktop/Music Data/data/fma_small/037/037119.mp3,True,3
75383,Hip-Hop,/Users/gsretikkaprasad/Desktop/Music Data/data/fma_small/075/075383.mp3,True,6
110765,Hip-Hop,/Users/gsretikkaprasad/Desktop/Music Data/data/fma_small/110/110765.mp3,True,6
59654,International,/Users/gsretikkaprasad/Desktop/Music Data/data/fma_small/059/059654.mp3,True,4
70301,Electronic,/Users/gsretikkaprasad/Desktop/Music Data/data/fma_small/070/070301.mp3,True,0
140565,Electronic,/Users/gsretikkaprasad/Desktop/Music Data/data/fma_small/140/140565.mp3,True,0
107027,Hip-Hop,/Users/gsretikkaprasad/Desktop/Music Data/data/fma_small/107/107027.mp3,True,6
36277,International,/Users/gsretikkaprasad/Desktop/Music Data/data/fma_small/036/036277.mp3,True,4
80834,Electronic,/Users/gsretikkaprasad/Desktop/Music Data/data/fma_small/080/080834.mp3,True,0
11787,Hip-Hop,/Users/gsretikkaprasad/Desktop/Music Data/data/fma_small/011/011787.mp3,True,6
50276,Folk,/Users/gsretikkaprasad/Desktop/Music Data/data/fma_small/050/050276.mp3,True,2
87642,Electronic,/Users/gsretikkaprasad/Desktop/Music Data/data/fma_small/087/087642.mp3,True,0
109925,Electronic,/Users/gsretikkaprasad/Desktop/Music Data/data/fma_small/109/109925.mp3,True,0
85423,Pop,/Users/gsretikkaprasad/Desktop/Music Data/data/fma_small/085/085423.mp3,True,5
12349,Folk,/Users/gsretikkaprasad/Desktop/Music Data/data/fma_small/012/012349.mp3,True,2
19759,Pop,/Users/gsretikkaprasad/Desktop/Music Data/data/fma_small/019/019759.mp3,True,5
129095,Rock,/Users/gsretikkaprasad/Desktop/Music Data/data/fma_small/129/129095.mp3,True,7
93518,Electronic,/Users/gsretikkaprasad/Desktop/Music Data/data/fma_small/093/093518.mp3,True,0
107426,Electronic,/Users/gsretikkaprasad/Desktop/Music Data/data/fma_small/107/107426.mp3,True,0
123641,Hip-Hop,/Users/gsretikkaprasad/Desktop/Music Data/data/fma_small/123/123641.mp3,True,6
13561,Hip-Hop,/Users/gsretikkaprasad/Desktop/Music Data/data/fma_small/013/013561.mp3,True,6
62748,Pop,/Users/gsretikkaprasad/Desktop/Music Data/data/fma_small/062/062748.mp3,True,5
144550,Folk,/Users/gsretikkaprasad/Desktop/Music Data/data/fma_small/144/144550.mp3,True,2
146727,Hip-Hop,/Users/gsretikkaprasad/Desktop/Music Data/data/fma_small/146/146727.mp3,True,6
11242,Experimental,/Users/gsretikkaprasad/Desktop/Music Data/data/fma_small/011/011242.mp3,True,1
121922,International,/Users/gsretikkaprasad/Desktop/Music Data/data/fma_small/121/121922.mp3,True,4
82881,Experimental,/Users/gsretikkaprasad/Desktop/Music Data/data/fma_small/082/082881.mp3,True,1
3895,International,/Users/gsretikkaprasad/Desktop/Music Data/data/fma_small/003/003895.mp3,True,4
85596,Pop,/Users/gsretikkaprasad/Desktop/Music Data/data/fma_small/085/085596.mp3,True,5
109686,Hip-Hop,/Users/gsretikkaprasad/Desktop/Music Data/data/fma_small/109/109686.mp3,True,6
75439,Instrumental,/Users/gsretikkaprasad/Desktop/Music Data/data/fma_small/075/075439.mp3,True,3
149523,Rock,/Users/gsretikkaprasad/Desktop/Music Data/data/fma_small/149/149523.mp3,True,7
18043,International,/Users/gsretikkaprasad/Desktop/Music Data/data/fma_small/018/018043.mp3,True,4
110261,Hip-Hop,/Users/gsretikkaprasad/Desktop/Music Data/data/fma_small/110/110261.mp3,True,6
27612,International,/Users/gsretikkaprasad/Desktop/Music Data/data/fma_small/027/027612.mp3,True,4
40509,Experimental,/Users/gsretikkaprasad/Desktop/Music Data/data/fma_small/040/040509.mp3,True,1
73486,Rock,/Users/gsretikkaprasad/Desktop/Music Data/data/fma_small/073/073486.mp3,True,7
138351,Rock,/Users/gsretikkaprasad/Desktop/Music Data/data/fma_small/138/138351.mp3,True,7
60144,International,/Users/gsretikkaprasad/Desktop/Music Data/data/fma_small/060/060144.mp3,True,4
123614,Hip-Hop,/Users/gsretikkaprasad/Desktop/Music Data/data/fma_small/123/123614.mp3,True,6
3266,Folk,/Users/gsretikkaprasad/Desktop/Music Data/data/fma_small/003/003266.mp3,True,2
120326,Instrumental,/Users/gsretikkaprasad/Desktop/Music Data/data/fma_small/120/120326.mp3,True,3
61493,Rock,/Users/gsretikkaprasad/Desktop/Music Data/data/fma_small/061/061493.mp3,True,7
122511,Instrumental,/Users/gsretikkaprasad/Desktop/Music Data/data/fma_small/122/122511.mp3,True,3
1701,Folk,/Users/gsretikkaprasad/Desktop/Music Data/data/fma_small/001/001701.mp3,True,2
87108,Instrumental,/Users/gsretikkaprasad/Desktop/Music Data/data/fma_small/087/087108.mp3,True,3
40123,Experimental,/Users/gsretikkaprasad/Desktop/Music Data/data/fma_small/040/040123.mp3,True,1
98031,International,/Users/gsretikkaprasad/Desktop/Music Data/data/fma_small/098/098031.mp3,True,4
113303,Rock,/Users/gsretikkaprasad/Desktop/Music Data/data/fma_small/113/113303.mp3,True,7
123964,Hip-Hop,/Users/gsretikkaprasad/Desktop/Music Data/data/fma_small/123/123964.mp3,True,6
40843,Electronic,/Users/gsretikkaprasad/Desktop/Music Data/data/fma_small/040/040843.mp3,True,0
112668,Experimental,/Users/gsretikkaprasad/Desktop/Music Data/data/fma_small/112/112668.mp3,True,1
55291,Pop,/Users/gsretikkaprasad/Desktop/Music Data/data/fma_small/055/055291.mp3,True,5
143095,Rock,/Users/gsretikkaprasad/Desktop/Music Data/data/fma_small/143/143095.mp3,True,7
121985,Experimental,/Users/gsretikkaprasad/Desktop/Music Data/data/fma_small/121/121985.mp3,True,1
114880,International,/Users/gsretikkaprasad/Desktop/Music Data/data/fma_small/114/114880.mp3,True,4
136708,Rock,/Users/gsretikkaprasad/Desktop/Music Data/data/fma_small/136/136708.mp3,True,7
130990,Instrumental,/Users/gsretikkaprasad/Desktop/Music Data/data/fma_small/130/130990.mp3,True,3
146689,Hip-Hop,/Users/gsretikkaprasad/Desktop/Music Data/data/fma_small/146/146689.mp3,True,6
62185,International,/Users/gsretikkaprasad/Desktop/Music Data/data/fma_small/062/062185.mp3,True,4
121651,Instrumental,/Users/gsretikkaprasad/Desktop/Music Data/data/fma_small/121/121651.mp3,True,3
79606,Electronic,/Users/gsretikkaprasad/Desktop/Music Data/data/fma_small/079/079606.mp3,True,0
43018,International,/Users/gsretikkaprasad/Desktop/Music Data/data/fma_small/043/043018.mp3,True,4
122354,Folk,/Users/gsretikkaprasad/Desktop/Music Data/data/fma_small/122/122354.mp3,True,2
73371,Electronic,/Users/gsretikkaprasad/Desktop/Music Data/data/fma_small/073/073371.mp3,True,0
77564,Pop,/Users/gsretikkaprasad/Desktop/Music Data/data/fma_small/077/077564.mp3,True,5
143300,Instrumental,/Users/gsretikkaprasad/Desktop/Music Data/data/fma_small/143/143300.mp3,True,3
35734,Folk,/Users/gsretikkaprasad/Desktop/Music Data/data/fma_small/035/035734.mp3,True,2
114942,International,/Users/gsretikkaprasad/Desktop/Music Data/data/fma_small/114/114942.mp3,True,4
36099,Electronic,/Users/gsretikkaprasad/Desktop/Music Data/data/fma_small/036/036099.mp3,True,0
105670,Electronic,/Users/gsretikkaprasad/Desktop/Music Data/data/fma_small/105/105670.mp3,True,0
142093,Hip-Hop,/Users/gsretikkaprasad/Desktop/Music Data/data/fma_small/142/142093.mp3,True,6
116458,Folk,/Users/gsretikkaprasad/Desktop/Music Data/data/fma_small/116/116458.mp3,True,2
78038,Experimental,/Users/gsretikkaprasad/Desktop/Music Data/data/fma_small/078/078038.mp3,True,1
49479,Hip-Hop,/Users/gsretikkaprasad/Desktop/Music Data/data/fma_small/049/049479.mp3,True,6
142094,Instrumental,/Users/gsretikkaprasad/Desktop/Music Data/data/fma_small/142/142094.mp3,True,3
85816,Rock,/Users/gsretikkaprasad/Desktop/Music Data/data/fma_small/085/085816.mp3,True,7
116759,Instrumental,/Users/gsretikkaprasad/Desktop/Music Data/data/fma_small/116/116759.mp3,True,3
75417,Hip-Hop,/Users/gsretikkaprasad/Desktop/Music Data/data/fma_small/075/075417.mp3,True,6
11674,International,/Users/gsretikkaprasad/Desktop/Music Data/data/fma_small/011/011674.mp3,True,4
115176,Instrumental,/Users/gsretikkaprasad/Desktop/Music Data/data/fma_small/115/115176.mp3,True,3
40938,Rock,/Users/gsretikkaprasad/Desktop/Music Data/data/fma_small/040/040938.mp3,True,7
124477,Pop,/Users/gsretikkaprasad/Desktop/Music Data/data/fma_small/124/124477.mp3,True,5
116464,Experimental,/Users/gsretikkaprasad/Desktop/Music Data/data/fma_small/116/116464.mp3,True,1
45101,Electronic,/Users/gsretikkaprasad/Desktop/Music Data/data/fma_small/045/045101.mp3,True,0
72287,Rock,/Users/gsretikkaprasad/Desktop/Music Data/data/fma_small/072/072287.mp3,True,7
126416,Instrumental,/Users/gsretikkaprasad/Desktop/Music Data/data/fma_small/126/126416.mp3,True,3
52501,Folk,/Users/gsretikkaprasad/Desktop/Music Data/data/fma_small/052/052501.mp3,True,2
89447,Hip-Hop,/Users/gsretikkaprasad/Desktop/Music Data/data/fma_small/089/089447.mp3,True,6
72783,Hip-Hop,/Users/gsretikkaprasad/Desktop/Music Data/data/fma_small/072/072783.mp3,True,6
148532,Folk,/Users/gsretikkaprasad/Desktop/Music Data/data/fma_small/148/148532.mp3,True,2
106568,Rock,/Users/gsretikkaprasad/Desktop/Music Data/data/fma_small/106/106568.mp3,True,7
130989,Instrumental,/Users/gsretikkaprasad/Desktop/Music Data/data/fma_small/130/130989.mp3,True,3
27856,Folk,/Users/gsretikkaprasad/Desktop/Music Data/data/fma_small/027/027856.mp3,True,2
133027,Electronic,/Users/gsretikkaprasad/Desktop/Music Data/data/fma_small/133/133027.mp3,True,0
84091,Electronic,/Users/gsretikkaprasad/Desktop/Music Data/data/fma_small/084/084091.mp3,True,0
69827,Hip-Hop,/Users/gsretikkaprasad/Desktop/Music Data/data/fma_small/069/069827.mp3,True,6
98346,International,/Users/gsretikkaprasad/Desktop/Music Data/data/fma_small/098/098346.mp3,True,4
48489,International,/Users/gsretikkaprasad/Desktop/Music Data/data/fma_small/048/048489.mp3,True,4
69825,Hip-Hop,/Users/gsretikkaprasad/Desktop/Music Data/data/fma_small/069/069825.mp3,True,6
130945,Folk,/Users/gsretikkaprasad/Desktop/Music Data/data/fma_small/130/130945.mp3,True,2
7011,Electronic,/Users/gsretikkaprasad/Desktop/Music Data/data/fma_small/007/007011.mp3,True,0
134580,Instrumental,/Users/gsretikkaprasad/Desktop/Music Data/data/fma_small/134/134580.mp3,True,3
114274,Hip-Hop,/Users/gsretikkaprasad/Desktop/Music Data/data/fma_small/114/114274.mp3,True,6
39298,Rock,/Users/gsretikkaprasad/Desktop/Music Data/data/fma_small/039/039298.mp3,True,7
150017,Pop,/Users/gsretikkaprasad/Desktop/Music Data/data/fma_small/150/150017.mp3,True,5
84095,Electronic,/Users/gsretikkaprasad/Desktop/Music Data/data/fma_small/084/084095.mp3,True,0
124426,Folk,/Users/gsretikkaprasad/Desktop/Music Data/data/fma_small/124/124426.mp3,True,2
68680,Electronic,/Users/gsretikkaprasad/Desktop/Music Data/data/fma_small/068/068680.mp3,True,0
145074,Experimental,/Users/gsretikkaprasad/Desktop/Music Data/data/fma_small/145/145074.mp3,True,1
43698,International,/Users/gsretikkaprasad/Desktop/Music Data/data/fma_small/043/043698.mp3,True,4
45514,Folk,/Users/gsretikkaprasad/Desktop/Music Data/data/fma_small/045/045514.mp3,True,2
126404,Pop,/Users/gsretikkaprasad/Desktop/Music Data/data/fma_small/126/126404.mp3,True,5
92887,Experimental,/Users/gsretikkaprasad/Desktop/Music Data/data/fma_small/092/092887.mp3,True,1
120196,Pop,/Users/gsretikkaprasad/Desktop/Music Data/data/fma_small/120/120196.mp3,True,5
51291,Pop,/Users/gsretikkaprasad/Desktop/Music Data/data/fma_small/051/051291.mp3,True,5
121454,Electronic,/Users/gsretikkaprasad/Desktop/Music Data/data/fma_small/121/121454.mp3,True,0
21707,Folk,/Users/gsretikkaprasad/Desktop/Music Data/data/fma_small/021/021707.mp3,True,2
11239,Experimental,/Users/gsretikkaprasad/Desktop/Music Data/data/fma_small/011/011239.mp3,True,1
59726,International,/Users/gsretikkaprasad/Desktop/Music Data/data/fma_small/059/059726.mp3,True,4
136709,Rock,/Users/gsretikkaprasad/Desktop/Music Data/data/fma_small/136/136709.mp3,True,7
124394,Rock,/Users/gsretikkaprasad/Desktop/Music Data/data/fma_small/124/124394.mp3,True,7
52036,Pop,/Users/gsretikkaprasad/Desktop/Music Data/data/fma_small/052/052036.mp3,True,5
12692,International,/Users/gsretikkaprasad/Desktop/Music Data/data/fma_small/012/012692.mp3,True,4
141282,Instrumental,/Users/gsretikkaprasad/Desktop/Music Data/data/fma_small/141/141282.mp3,True,3
55831,International,/Users/gsretikkaprasad/Desktop/Music Data/data/fma_small/055/055831.mp3,True,4
145707,Pop,/Users/gsretikkaprasad/Desktop/Music Data/data/fma_small/145/145707.mp3,True,5
98301,International,/Users/gsretikkaprasad/Desktop/Music Data/data/fma_small/098/098301.mp3,True,4
59702,International,/Users/gsretikkaprasad/Desktop/Music Data/data/fma_small/059/059702.mp3,True,4
10668,Rock,/Users/gsretikkaprasad/Desktop/Music Data/data/fma_small/010/010668.mp3,True,7
29961,Hip-Hop,/Users/gsretikkaprasad/Desktop/Music Data/data/fma_small/029/029961.mp3,True,6
96678,Hip-Hop,/Users/gsretikkaprasad/Desktop/Music Data/data/fma_small/096/096678.mp3,True,6
144454,Instrumental,/Users/gsretikkaprasad/Desktop/Music Data/data/fma_small/144/144454.mp3,True,3
96168,International,/Users/gsretikkaprasad/Desktop/Music Data/data/fma_small/096/096168.mp3,True,4
117614,Instrumental,/Users/gsretikkaprasad/Desktop/Music Data/data/fma_small/117/117614.mp3,True,3
115592,Experimental,/Users/gsretikkaprasad/Desktop/Music Data/data/fma_small/115/115592.mp3,True,1
127869,International,/Users/gsretikkaprasad/Desktop/Music Data/data/fma_small/127/127869.mp3,True,4
31041,Electronic,/Users/gsretikkaprasad/Desktop/Music Data/data/fma_small/031/031041.mp3,True,0
107588,Folk,/Users/gsretikkaprasad/Desktop/Music Data/data/fma_small/107/107588.mp3,True,2
14363,Hip-Hop,/Users/gsretikkaprasad/Desktop/Music Data/data/fma_small/014/014363.mp3,True,6
90074,Electronic,/Users/gsretikkaprasad/Desktop/Music Data/data/fma_small/090/090074.mp3,True,0
97847,Electronic,/Users/gsretikkaprasad/Desktop/Music Data/data/fma_small/097/097847.mp3,True,0
46238,Experimental,/Users/gsretikkaprasad/Desktop/Music Data/data/fma_small/046/046238.mp3,True,1
48466,Electronic,/Users/gsretikkaprasad/Desktop/Music Data/data/fma_small/048/048466.mp3,True,0
26657,Electronic,/Users/gsretikkaprasad/Desktop/Music Data/data/fma_small/026/026657.mp3,True,0
107127,Electronic,/Users/gsretikkaprasad/Desktop/Music Data/data/fma_small/107/107127.mp3,True,0
123442,Hip-Hop,/Users/gsretikkaprasad/Desktop/Music Data/data/fma_small/123/123442.mp3,True,6
68875,Experimental,/Users/gsretikkaprasad/Desktop/Music Data/data/fma_small/068/068875.mp3,True,1
19425,Pop,/Users/gsretikkaprasad/Desktop/Music Data/data/fma_small/019/019425.mp3,True,5
33064,Electronic,/Users/gsretikkaprasad/Desktop/Music Data/data/fma_small/033/033064.mp3,True,0
127190,Folk,/Users/gsretikkaprasad/Desktop/Music Data/data/fma_small/127/127190.mp3,True,2
145027,Rock,/Users/gsretikkaprasad/Desktop/Music Data/data/fma_small/145/145027.mp3,True,7
126316,Instrumental,/Users/gsretikkaprasad/Desktop/Music Data/data/fma_small/126/126316.mp3,True,3
7488,Hip-Hop,/Users/gsretikkaprasad/Desktop/Music Data/data/fma_small/007/007488.mp3,True,6
125003,Rock,/Users/gsretikkaprasad/Desktop/Music Data/data/fma_small/125/125003.mp3,True,7
35543,Rock,/Users/gsretikkaprasad/Desktop/Music Data/data/fma_small/035/035543.mp3,True,7
113277,International,/Users/gsretikkaprasad/Desktop/Music Data/data/fma_small/113/113277.mp3,True,4
9155,Experimental,/Users/gsretikkaprasad/Desktop/Music Data/data/fma_small/009/009155.mp3,True,1
2099,Pop,/Users/gsretikkaprasad/Desktop/Music Data/data/fma_small/002/002099.mp3,True,5
85317,Electronic,/Users/gsretikkaprasad/Desktop/Music Data/data/fma_small/085/085317.mp3,True,0
125237,Experimental,/Users/gsretikkaprasad/Desktop/Music Data/data/fma_small/125/125237.mp3,True,1
59727,International,/Users/gsretikkaprasad/Desktop/Music Data/data/fma_small/059/059727.mp3,True,4
108313,Experimental,/Users/gsretikkaprasad/Desktop/Music Data/data/fma_small/108/108313.mp3,True,1
43696,International,/Users/gsretikkaprasad/Desktop/Music Data/data/fma_small/043/043696.mp3,True,4
113933,Pop,/Users/gsretikkaprasad/Desktop/Music Data/data/fma_small/113/113933.mp3,True,5
111220,Instrumental,/Users/gsretikkaprasad/Desktop/Music Data/data/fma_small/111/111220.mp3,True,3
7481,Hip-Hop,/Users/gsretikkaprasad/Desktop/Music Data/data/fma_small/007/007481.mp3,True,6
36304,Hip-Hop,/Users/gsretikkaprasad/Desktop/Music Data/data/fma_small/036/036304.mp3,True,6
13709,Electronic,/Users/gsretikkaprasad/Desktop/Music Data/data/fma_small/013/013709.mp3,True,0
58161,Pop,/Users/gsretikkaprasad/Desktop/Music Data/data/fma_small/058/058161.mp3,True,5
123980,Hip-Hop,/Users/gsretikkaprasad/Desktop/Music Data/data/fma_small/123/123980.mp3,True,6
111401,Pop,/Users/gsretikkaprasad/Desktop/Music Data/data/fma_small/111/111401.mp3,True,5
62534,International,/Users/gsretikkaprasad/Desktop/Music Data/data/fma_small/062/062534.mp3,True,4
21859,Rock,/Users/gsretikkaprasad/Desktop/Music Data/data/fma_small/021/021859.mp3,True,7
15094,Experimental,/Users/gsretikkaprasad/Desktop/Music Data/data/fma_small/015/015094.mp3,True,1
86725,Experimental,/Users/gsretikkaprasad/Desktop/Music Data/data/fma_small/086/086725.mp3,True,1
42375,Electronic,/Users/gsretikkaprasad/Desktop/Music Data/data/fma_small/042/042375.mp3,True,0
133102,Instrumental,/Users/gsretikkaprasad/Desktop/Music Data/data/fma_small/133/133102.mp3,True,3
68892,Electronic,/Users/gsretikkaprasad/Desktop/Music Data/data/fma_small/068/068892.mp3,True,0
131553,Rock,/Users/gsretikkaprasad/Desktop/Music Data/data/fma_small/131/131553.mp3,True,7
6605,Hip-Hop,/Users/gsretikkaprasad/Desktop/Music Data/data/fma_small/006/006605.mp3,True,6
29480,Folk,/Users/gsretikkaprasad/Desktop/Music Data/data/fma_small/029/029480.mp3,True,2
44800,Experimental,/Users/gsretikkaprasad/Desktop/Music Data/data/fma_small/044/044800.mp3,True,1
64009,Pop,/Users/gsretikkaprasad/Desktop/Music Data/data/fma_small/064/064009.mp3,True,5
11059,Folk,/Users/gsretikkaprasad/Desktop/Music Data/data/fma_small/011/011059.mp3,True,2
29243,Pop,/Users/gsretikkaprasad/Desktop/Music Data/data/fma_small/029/029243.mp3,True,5
29745,Experimental,/Users/gsretikkaprasad/Desktop/Music Data/data/fma_small/029/029745.mp3,True,1
59374,Rock,/Users/gsretikkaprasad/Desktop/Music Data/data/fma_small/059/059374.mp3,True,7
142576,International,/Users/gsretikkaprasad/Desktop/Music Data/data/fma_small/142/142576.mp3,True,4
74391,Experimental,/Users/gsretikkaprasad/Desktop/Music Data/data/fma_small/074/074391.mp3,True,1
127330,Rock,/Users/gsretikkaprasad/Desktop/Music Data/data/fma_small/127/127330.mp3,True,7
122085,Rock,/Users/gsretikkaprasad/Desktop/Music Data/data/fma_small/122/122085.mp3,True,7
104086,Rock,/Users/gsretikkaprasad/Desktop/Music Data/data/fma_small/104/104086.mp3,True,7
37779,Experimental,/Users/gsretikkaprasad/Desktop/Music Data/data/fma_small/037/037779.mp3,True,1
116457,Folk,/Users/gsretikkaprasad/Desktop/Music Data/data/fma_small/116/116457.mp3,True,2
125293,Electronic,/Users/gsretikkaprasad/Desktop/Music Data/data/fma_small/125/125293.mp3,True,0
51992,International,/Users/gsretikkaprasad/Desktop/Music Data/data/fma_small/051/051992.mp3,True,4
70879,Pop,/Users/gsretikkaprasad/Desktop/Music Data/data/fma_small/070/070879.mp3,True,5
143058,Electronic,/Users/gsretikkaprasad/Desktop/Music Data/data/fma_small/143/143058.mp3,True,0
62426,Folk,/Users/gsretikkaprasad/Desktop/Music Data/data/fma_small/062/062426.mp3,True,2
23505,Electronic,/Users/gsretikkaprasad/Desktop/Music Data/data/fma_small/023/023505.mp3,True,0
48465,Electronic,/Users/gsretikkaprasad/Desktop/Music Data/data/fma_small/048/048465.mp3,True,0
144216,Hip-Hop,/Users/gsretikkaprasad/Desktop/Music Data/data/fma_small/144/144216.mp3,True,6
62183,International,/Users/gsretikkaprasad/Desktop/Music Data/data/fma_small/062/062183.mp3,True,4
59673,International,/Users/gsretikkaprasad/Desktop/Music Data/data/fma_small/059/059673.mp3,True,4
22481,Pop,/Users/gsretikkaprasad/Desktop/Music Data/data/fma_small/022/022481.mp3,True,5
129040,Instrumental,/Users/gsretikkaprasad/Desktop/Music Data/data/fma_small/129/129040.mp3,True,3
124201,Rock,/Users/gsretikkaprasad/Desktop/Music Data/data/fma_small/124/124201.mp3,True,7
60549,International,/Users/gsretikkaprasad/Desktop/Music Data/data/fma_small/060/060549.mp3,True,4
115773,Instrumental,/Users/gsretikkaprasad/Desktop/Music Data/data/fma_small/115/115773.mp3,True,3
126290,Instrumental,/Users/gsretikkaprasad/Desktop/Music Data/data/fma_small/126/126290.mp3,True,3
54468,International,/Users/gsretikkaprasad/Desktop/Music Data/data/fma_small/054/054468.mp3,True,4
56799,Electronic,/Users/gsretikkaprasad/Desktop/Music Data/data/fma_small/056/056799.mp3,True,0
127186,Pop,/Users/gsretikkaprasad/Desktop/Music Data/data/fma_small/127/127186.mp3,True,5
91102,Folk,/Users/gsretikkaprasad/Desktop/Music Data/data/fma_small/091/091102.mp3,True,2
132041,Folk,/Users/gsretikkaprasad/Desktop/Music Data/data/fma_small/132/132041.mp3,True,2
114941,International,/Users/gsretikkaprasad/Desktop/Music Data/data/fma_small/114/114941.mp3,True,4
88858,Folk,/Users/gsretikkaprasad/Desktop/Music Data/data/fma_small/088/088858.mp3,True,2
3776,International,/Users/gsretikkaprasad/Desktop/Music Data/data/fma_small/003/003776.mp3,True,4
114536,Instrumental,/Users/gsretikkaprasad/Desktop/Music Data/data/fma_small/114/114536.mp3,True,3
57417,Electronic,/Users/gsretikkaprasad/Desktop/Music Data/data/fma_small/057/057417.mp3,True,0
15469,Experimental,/Users/gsretikkaprasad/Desktop/Music Data/data/fma_small/015/015469.mp3,True,1
74942,Folk,/Users/gsretikkaprasad/Desktop/Music Data/data/fma_small/074/074942.mp3,True,2
68893,Electronic,/Users/gsretikkaprasad/Desktop/Music Data/data/fma_small/068/068893.mp3,True,0
130650,Hip-Hop,/Users/gsretikkaprasad/Desktop/Music Data/data/fma_small/130/130650.mp3,True,6
11268,Rock,/Users/gsretikkaprasad/Desktop/Music Data/data/fma_small/011/011268.mp3,True,7
115293,Instrumental,/Users/gsretikkaprasad/Desktop/Music Data/data/fma_small/115/115293.mp3,True,3
74375,Experimental,/Users/gsretikkaprasad/Desktop/Music Data/data/fma_small/074/074375.mp3,True,1
26629,Electronic,/Users/gsretikkaprasad/Desktop/Music Data/data/fma_small/026/026629.mp3,True,0
99364,International,/Users/gsretikkaprasad/Desktop/Music Data/data/fma_small/099/099364.mp3,True,4
26659,Electronic,/Users/gsretikkaprasad/Desktop/Music Data/data/fma_small/026/026659.mp3,True,0
87968,Folk,/Users/gsretikkaprasad/Desktop/Music Data/data/fma_small/087/087968.mp3,True,2
115269,International,/Users/gsretikkaprasad/Desktop/Music Data/data/fma_small/115/115269.mp3,True,4
91319,Hip-Hop,/Users/gsretikkaprasad/Desktop/Music Data/data/fma_small/091/091319.mp3,True,6
138306,Rock,/Users/gsretikkaprasad/Desktop/Music Data/data/fma_small/138/138306.mp3,True,7
132775,Electronic,/Users/gsretikkaprasad/Desktop/Music Data/data/fma_small/132/132775.mp3,True,0
55100,Hip-Hop,/Users/gsretikkaprasad/Desktop/Music Data/data/fma_small/055/055100.mp3,True,6
1069,Experimental,/Users/gsretikkaprasad/Desktop/Music Data/data/fma_small/001/001069.mp3,True,1
40161,Experimental,/Users/gsretikkaprasad/Desktop/Music Data/data/fma_small/040/040161.mp3,True,1
33992,Rock,/Users/gsretikkaprasad/Desktop/Music Data/data/fma_small/033/033992.mp3,True,7
56474,International,/Users/gsretikkaprasad/Desktop/Music Data/data/fma_small/056/056474.mp3,True,4
142381,Instrumental,/Users/gsretikkaprasad/Desktop/Music Data/data/fma_small/142/142381.mp3,True,3
96944,Pop,/Users/gsretikkaprasad/Desktop/Music Data/data/fma_small/096/096944.mp3,True,5
98569,Hip-Hop,/Users/gsretikkaprasad/Desktop/Music Data/data/fma_small/098/098569.mp3,True,6
10447,Folk,/Users/gsretikkaprasad/Desktop/Music Data/data/fma_small/010/010447.mp3,True,2
6329,International,/Users/gsretikkaprasad/Desktop/Music Data/data/fma_small/006/006329.mp3,True,4
55549,Hip-Hop,/Users/gsretikkaprasad/Desktop/Music Data/data/fma_small/055/055549.mp3,True,6
98202,Electronic,/Users/gsretikkaprasad/Desktop/Music Data/data/fma_small/098/098202.mp3,True,0
80765,International,/Users/gsretikkaprasad/Desktop/Music Data/data/fma_small/080/080765.mp3,True,4
43516,International,/Users/gsretikkaprasad/Desktop/Music Data/data/fma_small/043/043516.mp3,True,4
40235,Folk,/Users/gsretikkaprasad/Desktop/Music Data/data/fma_small/040/040235.mp3,True,2
69211,Electronic,/Users/gsretikkaprasad/Desktop/Music Data/data/fma_small/069/069211.mp3,True,0
103520,Instrumental,/Users/gsretikkaprasad/Desktop/Music Data/data/fma_small/103/103520.mp3,True,3
118953,Instrumental,/Users/gsretikkaprasad/Desktop/Music Data/data/fma_small/118/118953.mp3,True,3
145747,Hip-Hop,/Users/gsretikkaprasad/Desktop/Music Data/data/fma_small/145/145747.mp3,True,6
91185,International,/Users/gsretikkaprasad/Desktop/Music Data/data/fma_small/091/091185.mp3,True,4
68444,Electronic,/Users/gsretikkaprasad/Desktop/Music Data/data/fma_small/068/068444.mp3,True,0
47895,Pop,/Users/gsretikkaprasad/Desktop/Music Data/data/fma_small/047/047895.mp3,True,5
138060,Rock,/Users/gsretikkaprasad/Desktop/Music Data/data/fma_small/138/138060.mp3,True,7
125622,Instrumental,/Users/gsretikkaprasad/Desktop/Music Data/data/fma_small/125/125622.mp3,True,3
122362,Folk,/Users/gsretikkaprasad/Desktop/Music Data/data/fma_small/122/122362.mp3,True,2
63250,Folk,/Users/gsretikkaprasad/Desktop/Music Data/data/fma_small/063/063250.mp3,True,2
122082,Rock,/Users/gsretikkaprasad/Desktop/Music Data/data/fma_small/122/122082.mp3,True,7
47071,Electronic,/Users/gsretikkaprasad/Desktop/Music Data/data/fma_small/047/047071.mp3,True,0
56033,Experimental,/Users/gsretikkaprasad/Desktop/Music Data/data/fma_small/056/056033.mp3,True,1
1893,Folk,/Users/gsretikkaprasad/Desktop/Music Data/data/fma_small/001/001893.mp3,True,2
4684,Hip-Hop,/Users/gsretikkaprasad/Desktop/Music Data/data/fma_small/004/004684.mp3,True,6
108302,Folk,/Users/gsretikkaprasad/Desktop/Music Data/data/fma_small/108/108302.mp3,True,2
109974,Pop,/Users/gsretikkaprasad/Desktop/Music Data/data/fma_small/109/109974.mp3,True,5
71243,Hip-Hop,/Users/gsretikkaprasad/Desktop/Music Data/data/fma_small/071/071243.mp3,True,6
87151,Rock,/Users/gsretikkaprasad/Desktop/Music Data/data/fma_small/087/087151.mp3,True,7
99093,Hip-Hop,/Users/gsretikkaprasad/Desktop/Music Data/data/fma_small/099/099093.mp3,True,6
126507,Experimental,/Users/gsretikkaprasad/Desktop/Music Data/data/fma_small/126/126507.mp3,True,1
124517,Experimental,/Users/gsretikkaprasad/Desktop/Music Data/data/fma_small/124/124517.mp3,True,1
82462,Rock,/Users/gsretikkaprasad/Desktop/Music Data/data/fma_small/082/082462.mp3,True,7
54463,International,/Users/gsretikkaprasad/Desktop/Music Data/data/fma_small/054/054463.mp3,True,4
144551,Folk,/Users/gsretikkaprasad/Desktop/Music Data/data/fma_small/144/144551.mp3,True,2
141566,Hip-Hop,/Users/gsretikkaprasad/Desktop/Music Data/data/fma_small/141/141566.mp3,True,6
32336,Pop,/Users/gsretikkaprasad/Desktop/Music Data/data/fma_small/032/032336.mp3,True,5
131897,Folk,/Users/gsretikkaprasad/Desktop/Music Data/data/fma_small/131/131897.mp3,True,2
76375,Experimental,/Users/gsretikkaprasad/Desktop/Music Data/data/fma_small/076/076375.mp3,True,1
11795,Hip-Hop,/Users/gsretikkaprasad/Desktop/Music Data/data/fma_small/011/011795.mp3,True,6
117169,Instrumental,/Users/gsretikkaprasad/Desktop/Music Data/data/fma_small/117/117169.mp3,True,3
131791,Instrumental,/Users/gsretikkaprasad/Desktop/Music Data/data/fma_small/131/131791.mp3,True,3
28546,Electronic,/Users/gsretikkaprasad/Desktop/Music Data/data/fma_small/028/028546.mp3,True,0
65683,Folk,/Users/gsretikkaprasad/Desktop/Music Data/data/fma_small/065/065683.mp3,True,2
143215,Rock,/Users/gsretikkaprasad/Desktop/Music Data/data/fma_small/143/143215.mp3,True,7
113973,Electronic,/Users/gsretikkaprasad/Desktop/Music Data/data/fma_small/113/113973.mp3,True,0
142098,Instrumental,/Users/gsretikkaprasad/Desktop/Music Data/data/fma_small/142/142098.mp3,True,3
129442,Folk,/Users/gsretikkaprasad/Desktop/Music Data/data/fma_small/129/129442.mp3,True,2
38781,International,/Users/gsretikkaprasad/Desktop/Music Data/data/fma_small/038/038781.mp3,True,4
69949,Rock,/Users/gsretikkaprasad/Desktop/Music Data/data/fma_small/069/069949.mp3,True,7
11868,Hip-Hop,/Users/gsretikkaprasad/Desktop/Music Data/data/fma_small/011/011868.mp3,True,6
122399,Rock,/Users/gsretikkaprasad/Desktop/Music Data/data/fma_small/122/122399.mp3,True,7
33422,International,/Users/gsretikkaprasad/Desktop/Music Data/data/fma_small/033/033422.mp3,True,4
67163,Rock,/Users/gsretikkaprasad/Desktop/Music Data/data/fma_small/067/067163.mp3,True,7
64523,Hip-Hop,/Users/gsretikkaprasad/Desktop/Music Data/data/fma_small/064/064523.mp3,True,6
60038,International,/Users/gsretikkaprasad/Desktop/Music Data/data/fma_small/060/060038.mp3,True,4
33068,International,/Users/gsretikkaprasad/Desktop/Music Data/data/fma_small/033/033068.mp3,True,4
144170,Hip-Hop,/Users/gsretikkaprasad/Desktop/Music Data/data/fma_small/144/144170.mp3,True,6
51659,Folk,/Users/gsretikkaprasad/Desktop/Music Data/data/fma_small/051/051659.mp3,True,2
42761,Rock,/Users/gsretikkaprasad/Desktop/Music Data/data/fma_small/042/042761.mp3,True,7
42844,Rock,/Users/gsretikkaprasad/Desktop/Music Data/data/fma_small/042/042844.mp3,True,7
81543,Instrumental,/Users/gsretikkaprasad/Desktop/Music Data/data/fma_small/081/081543.mp3,True,3
63251,Folk,/Users/gsretikkaprasad/Desktop/Music Data/data/fma_small/063/063251.mp3,True,2
115289,Instrumental,/Users/gsretikkaprasad/Desktop/Music Data/data/fma_small/115/115289.mp3,True,3
131767,Pop,/Users/gsretikkaprasad/Desktop/Music Data/data/fma_small/131/131767.mp3,True,5
91938,Folk,/Users/gsretikkaprasad/Desktop/Music Data/data/fma_small/091/091938.mp3,True,2
98556,Hip-Hop,/Users/gsretikkaprasad/Desktop/Music Data/data/fma_small/098/098556.mp3,True,6
85966,Folk,/Users/gsretikkaprasad/Desktop/Music Data/data/fma_small/085/085966.mp3,True,2
114541,Instrumental,/Users/gsretikkaprasad/Desktop/Music Data/data/fma_small/114/114541.mp3,True,3
128992,Experimental,/Users/gsretikkaprasad/Desktop/Music Data/data/fma_small/128/128992.mp3,True,1
49061,Experimental,/Users/gsretikkaprasad/Desktop/Music Data/data/fma_small/049/049061.mp3,True,1
139123,Rock,/Users/gsretikkaprasad/Desktop/Music Data/data/fma_small/139/139123.mp3,True,7
126883,Instrumental,/Users/gsretikkaprasad/Desktop/Music Data/data/fma_small/126/126883.mp3,True,3
113790,Instrumental,/Users/gsretikkaprasad/Desktop/Music Data/data/fma_small/113/113790.mp3,True,3
63471,Rock,/Users/gsretikkaprasad/Desktop/Music Data/data/fma_small/063/063471.mp3,True,7
112065,Rock,/Users/gsretikkaprasad/Desktop/Music Data/data/fma_small/112/112065.mp3,True,7
91894,Experimental,/Users/gsretikkaprasad/Desktop/Music Data/data/fma_small/091/091894.mp3,True,1
17606,International,/Users/gsretikkaprasad/Desktop/Music Data/data/fma_small/017/017606.mp3,True,4
5171,Folk,/Users/gsretikkaprasad/Desktop/Music Data/data/fma_small/005/005171.mp3,True,2
131933,International,/Users/gsretikkaprasad/Desktop/Music Data/data/fma_small/131/131933.mp3,True,4
126430,Pop,/Users/gsretikkaprasad/Desktop/Music Data/data/fma_small/126/126430.mp3,True,5
95726,Instrumental,/Users/gsretikkaprasad/Desktop/Music Data/data/fma_small/095/095726.mp3,True,3
424,Experimental,/Users/gsretikkaprasad/Desktop/Music Data/data/fma_small/000/000424.mp3,True,1
125814,Instrumental,/Users/gsretikkaprasad/Desktop/Music Data/data/fma_small/125/125814.mp3,True,3
75862,Folk,/Users/gsretikkaprasad/Desktop/Music Data/data/fma_small/075/075862.mp3,True,2
148113,Instrumental,/Users/gsretikkaprasad/Desktop/Music Data/data/fma_small/148/148113.mp3,True,3
114199,Rock,/Users/gsretikkaprasad/Desktop/Music Data/data/fma_small/114/114199.mp3,True,7
94628,Pop,/Users/gsretikkaprasad/Desktop/Music Data/data/fma_small/094/094628.mp3,True,5
81554,Instrumental,/Users/gsretikkaprasad/Desktop/Music Data/data/fma_small/081/081554.mp3,True,3
88869,Folk,/Users/gsretikkaprasad/Desktop/Music Data/data/fma_small/088/088869.mp3,True,2
108060,Experimental,/Users/gsretikkaprasad/Desktop/Music Data/data/fma_small/108/108060.mp3,True,1
19192,Experimental,/Users/gsretikkaprasad/Desktop/Music Data/data/fma_small/019/019192.mp3,True,1
126506,Experimental,/Users/gsretikkaprasad/Desktop/Music Data/data/fma_small/126/126506.mp3,True,1
137563,Experimental,/Users/gsretikkaprasad/Desktop/Music Data/data/fma_small/137/137563.mp3,True,1
124154,Experimental,/Users/gsretikkaprasad/Desktop/Music Data/data/fma_small/124/124154.mp3,True,1
89195,Hip-Hop,/Users/gsretikkaprasad/Desktop/Music Data/data/fma_small/089/089195.mp3,True,6
80793,Electronic,/Users/gsretikkaprasad/Desktop/Music Data/data/fma_small/080/080793.mp3,True,0
98620,Hip-Hop,/Users/gsretikkaprasad/Desktop/Music Data/data/fma_small/098/098620.mp3,True,6
76654,Electronic,/Users/gsretikkaprasad/Desktop/Music Data/data/fma_small/076/076654.mp3,True,0
136331,Instrumental,/Users/gsretikkaprasad/Desktop/Music Data/data/fma_small/136/136331.mp3,True,3
26906,Electronic,/Users/gsretikkaprasad/Desktop/Music Data/data/fma_small/026/026906.mp3,True,0
23372,Electronic,/Users/gsretikkaprasad/Desktop/Music Data/data/fma_small/023/023372.mp3,True,0
85787,Rock,/Users/gsretikkaprasad/Desktop/Music Data/data/fma_small/085/085787.mp3,True,7
130130,Electronic,/Users/gsretikkaprasad/Desktop/Music Data/data/fma_small/130/130130.mp3,True,0
126979,Folk,/Users/gsretikkaprasad/Desktop/Music Data/data/fma_small/126/126979.mp3,True,2
60510,Hip-Hop,/Users/gsretikkaprasad/Desktop/Music Data/data/fma_small/060/060510.mp3,True,6
26859,Electronic,/Users/gsretikkaprasad/Desktop/Music Data/data/fma_small/026/026859.mp3,True,0
142081,Electronic,/Users/gsretikkaprasad/Desktop/Music Data/data/fma_small/142/142081.mp3,True,0
45128,Pop,/Users/gsretikkaprasad/Desktop/Music Data/data/fma_small/045/045128.mp3,True,5
998,Experimental,/Users/gsretikkaprasad/Desktop/Music Data/data/fma_small/000/000998.mp3,True,1
9512,International,/Users/gsretikkaprasad/Desktop/Music Data/data/fma_small/009/009512.mp3,True,4
127268,Pop,/Users/gsretikkaprasad/Desktop/Music Data/data/fma_small/127/127268.mp3,True,5
119993,Hip-Hop,/Users/gsretikkaprasad/Desktop/Music Data/data/fma_small/119/119993.mp3,True,6
108300,Folk,/Users/gsretikkaprasad/Desktop/Music Data/data/fma_small/108/108300.mp3,True,2
118062,Instrumental,/Users/gsretikkaprasad/Desktop/Music Data/data/fma_small/118/118062.mp3,True,3
114395,Rock,/Users/gsretikkaprasad/Desktop/Music Data/data/fma_small/114/114395.mp3,True,7
106571,Rock,/Users/gsretikkaprasad/Desktop/Music Data/data/fma_small/106/106571.mp3,True,7
110082,Hip-Hop,/Users/gsretikkaprasad/Desktop/Music Data/data/fma_small/110/110082.mp3,True,6
49062,Experimental,/Users/gsretikkaprasad/Desktop/Music Data/data/fma_small/049/049062.mp3,True,1
61884,Hip-Hop,/Users/gsretikkaprasad/Desktop/Music Data/data/fma_small/061/061884.mp3,True,6
46078,Hip-Hop,/Users/gsretikkaprasad/Desktop/Music Data/data/fma_small/046/046078.mp3,True,6
853,International,/Users/gsretikkaprasad/Desktop/Music Data/data/fma_small/000/000853.mp3,True,4
148190,Folk,/Users/gsretikkaprasad/Desktop/Music Data/data/fma_small/148/148190.mp3,True,2
88867,Folk,/Users/gsretikkaprasad/Desktop/Music Data/data/fma_small/088/088867.mp3,True,2
148289,Pop,/Users/gsretikkaprasad/Desktop/Music Data/data/fma_small/148/148289.mp3,True,5
107578,Folk,/Users/gsretikkaprasad/Desktop/Music Data/data/fma_small/107/107578.mp3,True,2
91163,Pop,/Users/gsretikkaprasad/Desktop/Music Data/data/fma_small/091/091163.mp3,True,5
112199,Experimental,/Users/gsretikkaprasad/Desktop/Music Data/data/fma_small/112/112199.mp3,True,1
74445,Folk,/Users/gsretikkaprasad/Desktop/Music Data/data/fma_small/074/074445.mp3,True,2
97404,Electronic,/Users/gsretikkaprasad/Desktop/Music Data/data/fma_small/097/097404.mp3,True,0
43773,Pop,/Users/gsretikkaprasad/Desktop/Music Data/data/fma_small/043/043773.mp3,True,5
126427,Pop,/Users/gsretikkaprasad/Desktop/Music Data/data/fma_small/126/126427.mp3,True,5
40121,Experimental,/Users/gsretikkaprasad/Desktop/Music Data/data/fma_small/040/040121.mp3,True,1
620,Folk,/Users/gsretikkaprasad/Desktop/Music Data/data/fma_small/000/000620.mp3,True,2
116878,Electronic,/Users/gsretikkaprasad/Desktop/Music Data/data/fma_small/116/116878.mp3,True,0
116526,Instrumental,/Users/gsretikkaprasad/Desktop/Music Data/data/fma_small/116/116526.mp3,True,3
126402,Pop,/Users/gsretikkaprasad/Desktop/Music Data/data/fma_small/126/126402.mp3,True,5
74347,Experimental,/Users/gsretikkaprasad/Desktop/Music Data/data/fma_small/074/074347.mp3,True,1
109349,Rock,/Users/gsretikkaprasad/Desktop/Music Data/data/fma_small/109/109349.mp3,True,7
91238,Folk,/Users/gsretikkaprasad/Desktop/Music Data/data/fma_small/091/091238.mp3,True,2
146724,Hip-Hop,/Users/gsretikkaprasad/Desktop/Music Data/data/fma_small/146/146724.mp3,True,6
126186,Instrumental,/Users/gsretikkaprasad/Desktop/Music Data/data/fma_small/126/126186.mp3,True,3
110688,Electronic,/Users/gsretikkaprasad/Desktop/Music Data/data/fma_small/110/110688.mp3,True,0
117057,Experimental,/Users/gsretikkaprasad/Desktop/Music Data/data/fma_small/117/117057.mp3,True,1
144809,Experimental,/Users/gsretikkaprasad/Desktop/Music Data/data/fma_small/144/144809.mp3,True,1
78845,Hip-Hop,/Users/gsretikkaprasad/Desktop/Music Data/data/fma_small/078/078845.mp3,True,6
120329,Instrumental,/Users/gsretikkaprasad/Desktop/Music Data/data/fma_small/120/120329.mp3,True,3
100802,Rock,/Users/gsretikkaprasad/Desktop/Music Data/data/fma_small/100/100802.mp3,True,7
127184,Pop,/Users/gsretikkaprasad/Desktop/Music Data/data/fma_small/127/127184.mp3,True,5
11020,Experimental,/Users/gsretikkaprasad/Desktop/Music Data/data/fma_small/011/011020.mp3,True,1
97586,Folk,/Users/gsretikkaprasad/Desktop/Music Data/data/fma_small/097/097586.mp3,True,2
149776,Experimental,/Users/gsretikkaprasad/Desktop/Music Data/data/fma_small/149/149776.mp3,True,1
128927,Hip-Hop,/Users/gsretikkaprasad/Desktop/Music Data/data/fma_small/128/128927.mp3,True,6
46718,Experimental,/Users/gsretikkaprasad/Desktop/Music Data/data/fma_small/046/046718.mp3,True,1
16747,International,/Users/gsretikkaprasad/Desktop/Music Data/data/fma_small/016/016747.mp3,True,4
69198,Electronic,/Users/gsretikkaprasad/Desktop/Music Data/data/fma_small/069/069198.mp3,True,0
87190,Pop,/Users/gsretikkaprasad/Desktop/Music Data/data/fma_small/087/087190.mp3,True,5
64854,Experimental,/Users/gsretikkaprasad/Desktop/Music Data/data/fma_small/064/064854.mp3,True,1
86799,Rock,/Users/gsretikkaprasad/Desktop/Music Data/data/fma_small/086/086799.mp3,True,7
124752,Electronic,/Users/gsretikkaprasad/Desktop/Music Data/data/fma_small/124/124752.mp3,True,0
153956,Pop,/Users/gsretikkaprasad/Desktop/Music Data/data/fma_small/153/153956.mp3,True,5
131624,Experimental,/Users/gsretikkaprasad/Desktop/Music Data/data/fma_small/131/131624.mp3,True,1
55238,International,/Users/gsretikkaprasad/Desktop/Music Data/data/fma_small/055/055238.mp3,True,4
115767,Instrumental,/Users/gsretikkaprasad/Desktop/Music Data/data/fma_small/115/115767.mp3,True,3
120468,Electronic,/Users/gsretikkaprasad/Desktop/Music Data/data/fma_small/120/120468.mp3,True,0
38351,International,/Users/gsretikkaprasad/Desktop/Music Data/data/fma_small/038/038351.mp3,True,4
13199,Hip-Hop,/Users/gsretikkaprasad/Desktop/Music Data/data/fma_small/013/013199.mp3,True,6
105713,Folk,/Users/gsretikkaprasad/Desktop/Music Data/data/fma_small/105/105713.mp3,True,2
84152,Experimental,/Users/gsretikkaprasad/Desktop/Music Data/data/fma_small/084/084152.mp3,True,1
122473,Pop,/Users/gsretikkaprasad/Desktop/Music Data/data/fma_small/122/122473.mp3,True,5
146685,Hip-Hop,/Users/gsretikkaprasad/Desktop/Music Data/data/fma_small/146/146685.mp3,True,6
122533,Pop,/Users/gsretikkaprasad/Desktop/Music Data/data/fma_small/122/122533.mp3,True,5
116372,Experimental,/Users/gsretikkaprasad/Desktop/Music Data/data/fma_small/116/116372.mp3,True,1
133537,Instrumental,/Users/gsretikkaprasad/Desktop/Music Data/data/fma_small/133/133537.mp3,True,3
70813,Rock,/Users/gsretikkaprasad/Desktop/Music Data/data/fma_small/070/070813.mp3,True,7
110262,Hip-Hop,/Users/gsretikkaprasad/Desktop/Music Data/data/fma_small/110/110262.mp3,True,6
111230,Instrumental,/Users/gsretikkaprasad/Desktop/Music Data/data/fma_small/111/111230.mp3,True,3
109355,Rock,/Users/gsretikkaprasad/Desktop/Music Data/data/fma_small/109/109355.mp3,True,7
141310,Electronic,/Users/gsretikkaprasad/Desktop/Music Data/data/fma_small/141/141310.mp3,True,0
143055,Electronic,/Users/gsretikkaprasad/Desktop/Music Data/data/fma_small/143/143055.mp3,True,0
144592,Electronic,/Users/gsretikkaprasad/Desktop/Music Data/data/fma_small/144/144592.mp3,True,0
71693,Hip-Hop,/Users/gsretikkaprasad/Desktop/Music Data/data/fma_small/071/071693.mp3,True,6
84201,Electronic,/Users/gsretikkaprasad/Desktop/Music Data/data/fma_small/084/084201.mp3,True,0
135039,Folk,/Users/gsretikkaprasad/Desktop/Music Data/data/fma_small/135/135039.mp3,True,2
144212,Hip-Hop,/Users/gsretikkaprasad/Desktop/Music Data/data/fma_small/144/144212.mp3,True,6
30120,Experimental,/Users/gsretikkaprasad/Desktop/Music Data/data/fma_small/030/030120.mp3,True,1
113266,International,/Users/gsretikkaprasad/Desktop/Music Data/data/fma_small/113/113266.mp3,True,4
119745,Experimental,/Users/gsretikkaprasad/Desktop/Music Data/data/fma_small/119/119745.mp3,True,1
39378,Experimental,/Users/gsretikkaprasad/Desktop/Music Data/data/fma_small/039/039378.mp3,True,1
132455,Folk,/Users/gsretikkaprasad/Desktop/Music Data/data/fma_small/132/132455.mp3,True,2
80003,Folk,/Users/gsretikkaprasad/Desktop/Music Data/data/fma_small/080/080003.mp3,True,2
133793,Folk,/Users/gsretikkaprasad/Desktop/Music Data/data/fma_small/133/133793.mp3,True,2
55437,Pop,/Users/gsretikkaprasad/Desktop/Music Data/data/fma_small/055/055437.mp3,True,5
110610,Experimental,/Users/gsretikkaprasad/Desktop/Music Data/data/fma_small/110/110610.mp3,True,1
7385,Experimental,/Users/gsretikkaprasad/Desktop/Music Data/data/fma_small/007/007385.mp3,True,1
98348,International,/Users/gsretikkaprasad/Desktop/Music Data/data/fma_small/098/098348.mp3,True,4
118891,Folk,/Users/gsretikkaprasad/Desktop/Music Data/data/fma_small/118/118891.mp3,True,2
80519,Instrumental,/Users/gsretikkaprasad/Desktop/Music Data/data/fma_small/080/080519.mp3,True,3
109901,Folk,/Users/gsretikkaprasad/Desktop/Music Data/data/fma_small/109/109901.mp3,True,2
133576,Instrumental,/Users/gsretikkaprasad/Desktop/Music Data/data/fma_small/133/133576.mp3,True,3
125239,Experimental,/Users/gsretikkaprasad/Desktop/Music Data/data/fma_small/125/125239.mp3,True,1
42238,International,/Users/gsretikkaprasad/Desktop/Music Data/data/fma_small/042/042238.mp3,True,4
121320,Hip-Hop,/Users/gsretikkaprasad/Desktop/Music Data/data/fma_small/121/121320.mp3,True,6
9513,Rock,/Users/gsretikkaprasad/Desktop/Music Data/data/fma_small/009/009513.mp3,True,7
148131,Instrumental,/Users/gsretikkaprasad/Desktop/Music Data/data/fma_small/148/148131.mp3,True,3
11772,Hip-Hop,/Users/gsretikkaprasad/Desktop/Music Data/data/fma_small/011/011772.mp3,True,6
75211,Rock,/Users/gsretikkaprasad/Desktop/Music Data/data/fma_small/075/075211.mp3,True,7
64630,Hip-Hop,/Users/gsretikkaprasad/Desktop/Music Data/data/fma_small/064/064630.mp3,True,6
145476,Instrumental,/Users/gsretikkaprasad/Desktop/Music Data/data/fma_small/145/145476.mp3,True,3
125188,Folk,/Users/gsretikkaprasad/Desktop/Music Data/data/fma_small/125/125188.mp3,True,2
29742,Experimental,/Users/gsretikkaprasad/Desktop/Music Data/data/fma_small/029/029742.mp3,True,1
74385,Experimental,/Users/gsretikkaprasad/Desktop/Music Data/data/fma_small/074/074385.mp3,True,1
113016,Pop,/Users/gsretikkaprasad/Desktop/Music Data/data/fma_small/113/113016.mp3,True,5
4835,Rock,/Users/gsretikkaprasad/Desktop/Music Data/data/fma_small/004/004835.mp3,True,7
101893,Experimental,/Users/gsretikkaprasad/Desktop/Music Data/data/fma_small/101/101893.mp3,True,1
61452,Hip-Hop,/Users/gsretikkaprasad/Desktop/Music Data/data/fma_small/061/061452.mp3,True,6
58543,Rock,/Users/gsretikkaprasad/Desktop/Music Data/data/fma_small/058/058543.mp3,True,7
73171,Folk,/Users/gsretikkaprasad/Desktop/Music Data/data/fma_small/073/073171.mp3,True,2
64859,Experimental,/Users/gsretikkaprasad/Desktop/Music Data/data/fma_small/064/064859.mp3,True,1
126669,Rock,/Users/gsretikkaprasad/Desktop/Music Data/data/fma_small/126/126669.mp3,True,7
105411,Electronic,/Users/gsretikkaprasad/Desktop/Music Data/data/fma_small/105/105411.mp3,True,0
11503,Folk,/Users/gsretikkaprasad/Desktop/Music Data/data/fma_small/011/011503.mp3,True,2
130933,Instrumental,/Users/gsretikkaprasad/Desktop/Music Data/data/fma_small/130/130933.mp3,True,3
43063,Experimental,/Users/gsretikkaprasad/Desktop/Music Data/data/fma_small/043/043063.mp3,True,1
145702,Pop,/Users/gsretikkaprasad/Desktop/Music Data/data/fma_small/145/145702.mp3,True,5
110441,Folk,/Users/gsretikkaprasad/Desktop/Music Data/data/fma_small/110/110441.mp3,True,2
71173,Hip-Hop,/Users/gsretikkaprasad/Desktop/Music Data/data/fma_small/071/071173.mp3,True,6
62595,International,/Users/gsretikkaprasad/Desktop/Music Data/data/fma_small/062/062595.mp3,True,4
1642,Pop,/Users/gsretikkaprasad/Desktop/Music Data/data/fma_small/001/001642.mp3,True,5
69824,Hip-Hop,/Users/gsretikkaprasad/Desktop/Music Data/data/fma_small/069/069824.mp3,True,6
84290,Rock,/Users/gsretikkaprasad/Desktop/Music Data/data/fma_small/084/084290.mp3,True,7
88899,Rock,/Users/gsretikkaprasad/Desktop/Music Data/data/fma_small/088/088899.mp3,True,7
368,Rock,/Users/gsretikkaprasad/Desktop/Music Data/data/fma_small/000/000368.mp3,True,7
69766,Folk,/Users/gsretikkaprasad/Desktop/Music Data/data/fma_small/069/069766.mp3,True,2
116490,Instrumental,/Users/gsretikkaprasad/Desktop/Music Data/data/fma_small/116/116490.mp3,True,3
85691,Folk,/Users/gsretikkaprasad/Desktop/Music Data/data/fma_small/085/085691.mp3,True,2
32525,Pop,/Users/gsretikkaprasad/Desktop/Music Data/data/fma_small/032/032525.mp3,True,5
18044,International,/Users/gsretikkaprasad/Desktop/Music Data/data/fma_small/018/018044.mp3,True,4
21231,Pop,/Users/gsretikkaprasad/Desktop/Music Data/data/fma_small/021/021231.mp3,True,5
26025,Hip-Hop,/Users/gsretikkaprasad/Desktop/Music Data/data/fma_small/026/026025.mp3,True,6
94034,Instrumental,/Users/gsretikkaprasad/Desktop/Music Data/data/fma_small/094/094034.mp3,True,3
121929,International,/Users/gsretikkaprasad/Desktop/Music Data/data/fma_small/121/121929.mp3,True,4
137715,Rock,/Users/gsretikkaprasad/Desktop/Music Data/data/fma_small/137/137715.mp3,True,7
41983,Instrumental,/Users/gsretikkaprasad/Desktop/Music Data/data/fma_small/041/041983.mp3,True,3
142097,Instrumental,/Users/gsretikkaprasad/Desktop/Music Data/data/fma_small/142/142097.mp3,True,3
32331,Pop,/Users/gsretikkaprasad/Desktop/Music Data/data/fma_small/032/032331.mp3,True,5
14734,Rock,/Users/gsretikkaprasad/Desktop/Music Data/data/fma_small/014/014734.mp3,True,7
132040,Folk,/Users/gsretikkaprasad/Desktop/Music Data/data/fma_small/132/132040.mp3,True,2
89815,Electronic,/Users/gsretikkaprasad/Desktop/Music Data/data/fma_small/089/089815.mp3,True,0
4099,International,/Users/gsretikkaprasad/Desktop/Music Data/data/fma_small/004/004099.mp3,True,4
70768,Hip-Hop,/Users/gsretikkaprasad/Desktop/Music Data/data/fma_small/070/070768.mp3,True,6
132784,Pop,/Users/gsretikkaprasad/Desktop/Music Data/data/fma_small/132/132784.mp3,True,5
89848,Hip-Hop,/Users/gsretikkaprasad/Desktop/Music Data/data/fma_small/089/089848.mp3,True,6
66534,Rock,/Users/gsretikkaprasad/Desktop/Music Data/data/fma_small/066/066534.mp3,True,7
149369,Hip-Hop,/Users/gsretikkaprasad/Desktop/Music Data/data/fma_small/149/149369.mp3,True,6
129098,Rock,/Users/gsretikkaprasad/Desktop/Music Data/data/fma_small/129/129098.mp3,True,7
133448,Instrumental,/Users/gsretikkaprasad/Desktop/Music Data/data/fma_small/133/133448.mp3,True,3
29530,Electronic,/Users/gsretikkaprasad/Desktop/Music Data/data/fma_small/029/029530.mp3,True,0
92539,Folk,/Users/gsretikkaprasad/Desktop/Music Data/data/fma_small/092/092539.mp3,True,2
67784,Hip-Hop,/Users/gsretikkaprasad/Desktop/Music Data/data/fma_small/067/067784.mp3,True,6
27613,International,/Users/gsretikkaprasad/Desktop/Music Data/data/fma_small/027/027613.mp3,True,4
22479,Pop,/Users/gsretikkaprasad/Desktop/Music Data/data/fma_small/022/022479.mp3,True,5
114406,Rock,/Users/gsretikkaprasad/Desktop/Music Data/data/fma_small/114/114406.mp3,True,7
125299,Electronic,/Users/gsretikkaprasad/Desktop/Music Data/data/fma_small/125/125299.mp3,True,0
62533,International,/Users/gsretikkaprasad/Desktop/Music Data/data/fma_small/062/062533.mp3,True,4
141168,Hip-Hop,/Users/gsretikkaprasad/Desktop/Music Data/data/fma_small/141/141168.mp3,True,6
72069,Electronic,/Users/gsretikkaprasad/Desktop/Music Data/data/fma_small/072/072069.mp3,True,0
534,Folk,/Users/gsretikkaprasad/Desktop/Music Data/data/fma_small/000/000534.mp3,True,2
1259,Experimental,/Users/gsretikkaprasad/Desktop/Music Data/data/fma_small/001/001259.mp3,True,1
123504,Electronic,/Users/gsretikkaprasad/Desktop/Music Data/data/fma_small/123/123504.mp3,True,0
107912,Electronic,/Users/gsretikkaprasad/Desktop/Music Data/data/fma_small/107/107912.mp3,True,0
69822,Hip-Hop,/Users/gsretikkaprasad/Desktop/Music Data/data/fma_small/069/069822.mp3,True,6
52122,International,/Users/gsretikkaprasad/Desktop/Music Data/data/fma_small/052/052122.mp3,True,4
100745,Electronic,/Users/gsretikkaprasad/Desktop/Music Data/data/fma_small/100/100745.mp3,True,0
3906,Folk,/Users/gsretikkaprasad/Desktop/Music Data/data/fma_small/003/003906.mp3,True,2
107534,Instrumental,/Users/gsretikkaprasad/Desktop/Music Data/data/fma_small/107/107534.mp3,True,3
38833,International,/Users/gsretikkaprasad/Desktop/Music Data/data/fma_small/038/038833.mp3,True,4
113164,Rock,/Users/gsretikkaprasad/Desktop/Music Data/data/fma_small/113/113164.mp3,True,7
133455,Instrumental,/Users/gsretikkaprasad/Desktop/Music Data/data/fma_small/133/133455.mp3,True,3
91620,Electronic,/Users/gsretikkaprasad/Desktop/Music Data/data/fma_small/091/091620.mp3,True,0
110772,Hip-Hop,/Users/gsretikkaprasad/Desktop/Music Data/data/fma_small/110/110772.mp3,True,6
42245,International,/Users/gsretikkaprasad/Desktop/Music Data/data/fma_small/042/042245.mp3,True,4
42751,Pop,/Users/gsretikkaprasad/Desktop/Music Data/data/fma_small/042/042751.mp3,True,5
6779,Folk,/Users/gsretikkaprasad/Desktop/Music Data/data/fma_small/006/006779.mp3,True,2
49067,Experimental,/Users/gsretikkaprasad/Desktop/Music Data/data/fma_small/049/049067.mp3,True,1
11671,International,/Users/gsretikkaprasad/Desktop/Music Data/data/fma_small/011/011671.mp3,True,4
58225,Rock,/Users/gsretikkaprasad/Desktop/Music Data/data/fma_small/058/058225.mp3,True,7
137561,Experimental,/Users/gsretikkaprasad/Desktop/Music Data/data/fma_small/137/137561.mp3,True,1
133022,Electronic,/Users/gsretikkaprasad/Desktop/Music Data/data/fma_small/133/133022.mp3,True,0
16822,Rock,/Users/gsretikkaprasad/Desktop/Music Data/data/fma_small/016/016822.mp3,True,7
73521,Rock,/Users/gsretikkaprasad/Desktop/Music Data/data/fma_small/073/073521.mp3,True,7
129886,International,/Users/gsretikkaprasad/Desktop/Music Data/data/fma_small/129/129886.mp3,True,4
92565,Experimental,/Users/gsretikkaprasad/Desktop/Music Data/data/fma_small/092/092565.mp3,True,1
82237,Experimental,/Users/gsretikkaprasad/Desktop/Music Data/data/fma_small/082/082237.mp3,True,1
112088,Experimental,/Users/gsretikkaprasad/Desktop/Music Data/data/fma_small/112/112088.mp3,True,1
130440,Hip-Hop,/Users/gsretikkaprasad/Desktop/Music Data/data/fma_small/130/130440.mp3,True,6
75378,Hip-Hop,/Users/gsretikkaprasad/Desktop/Music Data/data/fma_small/075/075378.mp3,True,6
37725,Rock,/Users/gsretikkaprasad/Desktop/Music Data/data/fma_small/037/037725.mp3,True,7
81084,Folk,/Users/gsretikkaprasad/Desktop/Music Data/data/fma_small/081/081084.mp3,True,2
116868,Instrumental,/Users/gsretikkaprasad/Desktop/Music Data/data/fma_small/116/116868.mp3,True,3
4094,International,/Users/gsretikkaprasad/Desktop/Music Data/data/fma_small/004/004094.mp3,True,4
136465,Hip-Hop,/Users/gsretikkaprasad/Desktop/Music Data/data/fma_small/136/136465.mp3,True,6
129393,Pop,/Users/gsretikkaprasad/Desktop/Music Data/data/fma_small/129/129393.mp3,True,5
111937,Hip-Hop,/Users/gsretikkaprasad/Desktop/Music Data/data/fma_small/111/111937.mp3,True,6
111225,Instrumental,/Users/gsretikkaprasad/Desktop/Music Data/data/fma_small/111/111225.mp3,True,3
144941,Pop,/Users/gsretikkaprasad/Desktop/Music Data/data/fma_small/144/144941.mp3,True,5
129695,Folk,/Users/gsretikkaprasad/Desktop/Music Data/data/fma_small/129/129695.mp3,True,2
68860,Folk,/Users/gsretikkaprasad/Desktop/Music Data/data/fma_small/068/068860.mp3,True,2
93522,Electronic,/Users/gsretikkaprasad/Desktop/Music Data/data/fma_small/093/093522.mp3,True,0
71513,Electronic,/Users/gsretikkaprasad/Desktop/Music Data/data/fma_small/071/071513.mp3,True,0
22091,Hip-Hop,/Users/gsretikkaprasad/Desktop/Music Data/data/fma_small/022/022091.mp3,True,6
89843,Hip-Hop,/Users/gsretikkaprasad/Desktop/Music Data/data/fma_small/089/089843.mp3,True,6
75762,Electronic,/Users/gsretikkaprasad/Desktop/Music Data/data/fma_small/075/075762.mp3,True,0
50444,Rock,/Users/gsretikkaprasad/Desktop/Music Data/data/fma_small/050/050444.mp3,True,7
135375,Rock,/Users/gsretikkaprasad/Desktop/Music Data/data/fma_small/135/135375.mp3,True,7
100975,Electronic,/Users/gsretikkaprasad/Desktop/Music Data/data/fma_small/100/100975.mp3,True,0
45513,Folk,/Users/gsretikkaprasad/Desktop/Music Data/data/fma_small/045/045513.mp3,True,2
145199,Rock,/Users/gsretikkaprasad/Desktop/Music Data/data/fma_small/145/145199.mp3,True,7
14580,Instrumental,/Users/gsretikkaprasad/Desktop/Music Data/data/fma_small/014/014580.mp3,True,3
142086,Hip-Hop,/Users/gsretikkaprasad/Desktop/Music Data/data/fma_small/142/142086.mp3,True,6
112133,Experimental,/Users/gsretikkaprasad/Desktop/Music Data/data/fma_small/112/112133.mp3,True,1
108423,Electronic,/Users/gsretikkaprasad/Desktop/Music Data/data/fma_small/108/108423.mp3,True,0
139769,Rock,/Users/gsretikkaprasad/Desktop/Music Data/data/fma_small/139/139769.mp3,True,7
129048,Pop,/Users/gsretikkaprasad/Desktop/Music Data/data/fma_small/129/129048.mp3,True,5
113024,Pop,/Users/gsretikkaprasad/Desktop/Music Data/data/fma_small/113/113024.mp3,True,5
40658,Instrumental,/Users/gsretikkaprasad/Desktop/Music Data/data/fma_small/040/040658.mp3,True,3
49817,Rock,/Users/gsretikkaprasad/Desktop/Music Data/data/fma_small/049/049817.mp3,True,7
26651,Electronic,/Users/gsretikkaprasad/Desktop/Music Data/data/fma_small/026/026651.mp3,True,0
97547,Electronic,/Users/gsretikkaprasad/Desktop/Music Data/data/fma_small/097/097547.mp3,True,0
72050,Folk,/Users/gsretikkaprasad/Desktop/Music Data/data/fma_small/072/072050.mp3,True,2
121472,Instrumental,/Users/gsretikkaprasad/Desktop/Music Data/data/fma_small/121/121472.mp3,True,3
114065,Electronic,/Users/gsretikkaprasad/Desktop/Music Data/data/fma_small/114/114065.mp3,True,0
75389,Hip-Hop,/Users/gsretikkaprasad/Desktop/Music Data/data/fma_small/075/075389.mp3,True,6
125659,Instrumental,/Users/gsretikkaprasad/Desktop/Music Data/data/fma_small/125/125659.mp3,True,3
107249,International,/Users/gsretikkaprasad/Desktop/Music Data/data/fma_small/107/107249.mp3,True,4
73365,Electronic,/Users/gsretikkaprasad/Desktop/Music Data/data/fma_small/073/073365.mp3,True,0
108459,Pop,/Users/gsretikkaprasad/Desktop/Music Data/data/fma_small/108/108459.mp3,True,5
61591,Pop,/Users/gsretikkaprasad/Desktop/Music Data/data/fma_small/061/061591.mp3,True,5
1736,Experimental,/Users/gsretikkaprasad/Desktop/Music Data/data/fma_small/001/001736.mp3,True,1
17496,Hip-Hop,/Users/gsretikkaprasad/Desktop/Music Data/data/fma_small/017/017496.mp3,True,6
126520,Experimental,/Users/gsretikkaprasad/Desktop/Music Data/data/fma_small/126/126520.mp3,True,1
113281,International,/Users/gsretikkaprasad/Desktop/Music Data/data/fma_small/113/113281.mp3,True,4
4846,International,/Users/gsretikkaprasad/Desktop/Music Data/data/fma_small/004/004846.mp3,True,4
67121,Rock,/Users/gsretikkaprasad/Desktop/Music Data/data/fma_small/067/067121.mp3,True,7
108962,Rock,/Users/gsretikkaprasad/Desktop/Music Data/data/fma_small/108/108962.mp3,True,7
99392,International,/Users/gsretikkaprasad/Desktop/Music Data/data/fma_small/099/099392.mp3,True,4
113343,Folk,/Users/gsretikkaprasad/Desktop/Music Data/data/fma_small/113/113343.mp3,True,2
56798,Electronic,/Users/gsretikkaprasad/Desktop/Music Data/data/fma_small/056/056798.mp3,True,0
21997,Pop,/Users/gsretikkaprasad/Desktop/Music Data/data/fma_small/021/021997.mp3,True,5
99501,Hip-Hop,/Users/gsretikkaprasad/Desktop/Music Data/data/fma_small/099/099501.mp3,True,6
145554,Folk,/Users/gsretikkaprasad/Desktop/Music Data/data/fma_small/145/145554.mp3,True,2
3762,Rock,/Users/gsretikkaprasad/Desktop/Music Data/data/fma_small/003/003762.mp3,True,7
94630,Pop,/Users/gsretikkaprasad/Desktop/Music Data/data/fma_small/094/094630.mp3,True,5
126600,Experimental,/Users/gsretikkaprasad/Desktop/Music Data/data/fma_small/126/126600.mp3,True,1
53807,Rock,/Users/gsretikkaprasad/Desktop/Music Data/data/fma_small/053/053807.mp3,True,7
4688,Hip-Hop,/Users/gsretikkaprasad/Desktop/Music Data/data/fma_small/004/004688.mp3,True,6
141375,Hip-Hop,/Users/gsretikkaprasad/Desktop/Music Data/data/fma_small/141/141375.mp3,True,6
122799,Pop,/Users/gsretikkaprasad/Desktop/Music Data/data/fma_small/122/122799.mp3,True,5
109071,Experimental,/Users/gsretikkaprasad/Desktop/Music Data/data/fma_small/109/109071.mp3,True,1
119901,Instrumental,/Users/gsretikkaprasad/Desktop/Music Data/data/fma_small/119/119901.mp3,True,3
24963,Experimental,/Users/gsretikkaprasad/Desktop/Music Data/data/fma_small/024/024963.mp3,True,1
118060,Instrumental,/Users/gsretikkaprasad/Desktop/Music Data/data/fma_small/118/118060.mp3,True,3
75750,Hip-Hop,/Users/gsretikkaprasad/Desktop/Music Data/data/fma_small/075/075750.mp3,True,6
6603,Hip-Hop,/Users/gsretikkaprasad/Desktop/Music Data/data/fma_small/006/006603.mp3,True,6
121736,Pop,/Users/gsretikkaprasad/Desktop/Music Data/data/fma_small/121/121736.mp3,True,5
24521,Experimental,/Users/gsretikkaprasad/Desktop/Music Data/data/fma_small/024/024521.mp3,True,1
114070,Instrumental,/Users/gsretikkaprasad/Desktop/Music Data/data/fma_small/114/114070.mp3,True,3
115815,Electronic,/Users/gsretikkaprasad/Desktop/Music Data/data/fma_small/115/115815.mp3,True,0
121666,Instrumental,/Users/gsretikkaprasad/Desktop/Music Data/data/fma_small/121/121666.mp3,True,3
127298,Pop,/Users/gsretikkaprasad/Desktop/Music Data/data/fma_small/127/127298.mp3,True,5
24699,International,/Users/gsretikkaprasad/Desktop/Music Data/data/fma_small/024/024699.mp3,True,4
114398,Rock,/Users/gsretikkaprasad/Desktop/Music Data/data/fma_small/114/114398.mp3,True,7
99390,International,/Users/gsretikkaprasad/Desktop/Music Data/data/fma_small/099/099390.mp3,True,4
123503,Electronic,/Users/gsretikkaprasad/Desktop/Music Data/data/fma_small/123/123503.mp3,True,0
38955,Pop,/Users/gsretikkaprasad/Desktop/Music Data/data/fma_small/038/038955.mp3,True,5
24842,International,/Users/gsretikkaprasad/Desktop/Music Data/data/fma_small/024/024842.mp3,True,4
54665,Pop,/Users/gsretikkaprasad/Desktop/Music Data/data/fma_small/054/054665.mp3,True,5
116707,Folk,/Users/gsretikkaprasad/Desktop/Music Data/data/fma_small/116/116707.mp3,True,2
139491,Instrumental,/Users/gsretikkaprasad/Desktop/Music Data/data/fma_small/139/139491.mp3,True,3
122360,Folk,/Users/gsretikkaprasad/Desktop/Music Data/data/fma_small/122/122360.mp3,True,2
997,Experimental,/Users/gsretikkaprasad/Desktop/Music Data/data/fma_small/000/000997.mp3,True,1
134586,Instrumental,/Users/gsretikkaprasad/Desktop/Music Data/data/fma_small/134/134586.mp3,True,3
108018,Instrumental,/Users/gsretikkaprasad/Desktop/Music Data/data/fma_small/108/108018.mp3,True,3
20365,Instrumental,/Users/gsretikkaprasad/Desktop/Music Data/data/fma_small/020/020365.mp3,True,3
115392,Electronic,/Users/gsretikkaprasad/Desktop/Music Data/data/fma_small/115/115392.mp3,True,0
72135,Hip-Hop,/Users/gsretikkaprasad/Desktop/Music Data/data/fma_small/072/072135.mp3,True,6
114044,Hip-Hop,/Users/gsretikkaprasad/Desktop/Music Data/data/fma_small/114/114044.mp3,True,6
27164,Pop,/Users/gsretikkaprasad/Desktop/Music Data/data/fma_small/027/027164.mp3,True,5
82630,International,/Users/gsretikkaprasad/Desktop/Music Data/data/fma_small/082/082630.mp3,True,4
131901,Folk,/Users/gsretikkaprasad/Desktop/Music Data/data/fma_small/131/131901.mp3,True,2
54037,Pop,/Users/gsretikkaprasad/Desktop/Music Data/data/fma_small/054/054037.mp3,True,5
121322,Hip-Hop,/Users/gsretikkaprasad/Desktop/Music Data/data/fma_small/121/121322.mp3,True,6
51999,International,/Users/gsretikkaprasad/Desktop/Music Data/data/fma_small/051/051999.mp3,True,4
109963,Pop,/Users/gsretikkaprasad/Desktop/Music Data/data/fma_small/109/109963.mp3,True,5
1193,Folk,/Users/gsretikkaprasad/Desktop/Music Data/data/fma_small/001/001193.mp3,True,2
43856,Hip-Hop,/Users/gsretikkaprasad/Desktop/Music Data/data/fma_small/043/043856.mp3,True,6
66535,Rock,/Users/gsretikkaprasad/Desktop/Music Data/data/fma_small/066/066535.mp3,True,7
91083,Electronic,/Users/gsretikkaprasad/Desktop/Music Data/data/fma_small/091/091083.mp3,True,0
64856,Experimental,/Users/gsretikkaprasad/Desktop/Music Data/data/fma_small/064/064856.mp3,True,1
31392,Folk,/Users/gsretikkaprasad/Desktop/Music Data/data/fma_small/031/031392.mp3,True,2
52120,International,/Users/gsretikkaprasad/Desktop/Music Data/data/fma_small/052/052120.mp3,True,4
97959,Electronic,/Users/gsretikkaprasad/Desktop/Music Data/data/fma_small/097/097959.mp3,True,0
91184,International,/Users/gsretikkaprasad/Desktop/Music Data/data/fma_small/091/091184.mp3,True,4
84056,Experimental,/Users/gsretikkaprasad/Desktop/Music Data/data/fma_small/084/084056.mp3,True,1
62193,International,/Users/gsretikkaprasad/Desktop/Music Data/data/fma_small/062/062193.mp3,True,4
1688,International,/Users/gsretikkaprasad/Desktop/Music Data/data/fma_small/001/001688.mp3,True,4
149103,Pop,/Users/gsretikkaprasad/Desktop/Music Data/data/fma_small/149/149103.mp3,True,5
69555,Hip-Hop,/Users/gsretikkaprasad/Desktop/Music Data/data/fma_small/069/069555.mp3,True,6
114048,Hip-Hop,/Users/gsretikkaprasad/Desktop/Music Data/data/fma_small/114/114048.mp3,True,6
21860,Rock,/Users/gsretikkaprasad/Desktop/Music Data/data/fma_small/021/021860.mp3,True,7
75374,Hip-Hop,/Users/gsretikkaprasad/Desktop/Music Data/data/fma_small/075/075374.mp3,True,6
130134,Electronic,/Users/gsretikkaprasad/Desktop/Music Data/data/fma_small/130/130134.mp3,True,0
118951,Instrumental,/Users/gsretikkaprasad/Desktop/Music Data/data/fma_small/118/118951.mp3,True,3
95251,Rock,/Users/gsretikkaprasad/Desktop/Music Data/data/fma_small/095/095251.mp3,True,7
42025,International,/Users/gsretikkaprasad/Desktop/Music Data/data/fma_small/042/042025.mp3,True,4
55716,Rock,/Users/gsretikkaprasad/Desktop/Music Data/data/fma_small/055/055716.mp3,True,7
51114,Experimental,/Users/gsretikkaprasad/Desktop/Music Data/data/fma_small/051/051114.mp3,True,1
48462,Electronic,/Users/gsretikkaprasad/Desktop/Music Data/data/fma_small/048/048462.mp3,True,0
130940,Folk,/Users/gsretikkaprasad/Desktop/Music Data/data/fma_small/130/130940.mp3,True,2
131950,International,/Users/gsretikkaprasad/Desktop/Music Data/data/fma_small/131/131950.mp3,True,4
26654,Electronic,/Users/gsretikkaprasad/Desktop/Music Data/data/fma_small/026/026654.mp3,True,0
148287,Pop,/Users/gsretikkaprasad/Desktop/Music Data/data/fma_small/148/148287.mp3,True,5
121658,Instrumental,/Users/gsretikkaprasad/Desktop/Music Data/data/fma_small/121/121658.mp3,True,3
55807,Electronic,/Users/gsretikkaprasad/Desktop/Music Data/data/fma_small/055/055807.mp3,True,0
62184,International,/Users/gsretikkaprasad/Desktop/Music Data/data/fma_small/062/062184.mp3,True,4
110111,Electronic,/Users/gsretikkaprasad/Desktop/Music Data/data/fma_small/110/110111.mp3,True,0
139876,Experimental,/Users/gsretikkaprasad/Desktop/Music Data/data/fma_small/139/139876.mp3,True,1
54625,Rock,/Users/gsretikkaprasad/Desktop/Music Data/data/fma_small/054/054625.mp3,True,7
146639,Folk,/Users/gsretikkaprasad/Desktop/Music Data/data/fma_small/146/146639.mp3,True,2
38899,Experimental,/Users/gsretikkaprasad/Desktop/Music Data/data/fma_small/038/038899.mp3,True,1
108456,Pop,/Users/gsretikkaprasad/Desktop/Music Data/data/fma_small/108/108456.mp3,True,5
123821,Rock,/Users/gsretikkaprasad/Desktop/Music Data/data/fma_small/123/123821.mp3,True,7
53381,Hip-Hop,/Users/gsretikkaprasad/Desktop/Music Data/data/fma_small/053/053381.mp3,True,6
40908,Experimental,/Users/gsretikkaprasad/Desktop/Music Data/data/fma_small/040/040908.mp3,True,1
20373,Instrumental,/Users/gsretikkaprasad/Desktop/Music Data/data/fma_small/020/020373.mp3,True,3
11508,Folk,/Users/gsretikkaprasad/Desktop/Music Data/data/fma_small/011/011508.mp3,True,2
70423,Pop,/Users/gsretikkaprasad/Desktop/Music Data/data/fma_small/070/070423.mp3,True,5
27804,Folk,/Users/gsretikkaprasad/Desktop/Music Data/data/fma_small/027/027804.mp3,True,2
132963,Hip-Hop,/Users/gsretikkaprasad/Desktop/Music Data/data/fma_small/132/132963.mp3,True,6
55242,International,/Users/gsretikkaprasad/Desktop/Music Data/data/fma_small/055/055242.mp3,True,4
147267,Hip-Hop,/Users/gsretikkaprasad/Desktop/Music Data/data/fma_small/147/147267.mp3,True,6
666,International,/Users/gsretikkaprasad/Desktop/Music Data/data/fma_small/000/000666.mp3,True,4
74374,Experimental,/Users/gsretikkaprasad/Desktop/Music Data/data/fma_small/074/074374.mp3,True,1
72782,Hip-Hop,/Users/gsretikkaprasad/Desktop/Music Data/data/fma_small/072/072782.mp3,True,6
140623,Hip-Hop,/Users/gsretikkaprasad/Desktop/Music Data/data/fma_small/140/140623.mp3,True,6
56498,Hip-Hop,/Users/gsretikkaprasad/Desktop/Music Data/data/fma_small/056/056498.mp3,True,6
110447,International,/Users/gsretikkaprasad/Desktop/Music Data/data/fma_small/110/110447.mp3,True,4
107952,International,/Users/gsretikkaprasad/Desktop/Music Data/data/fma_small/107/107952.mp3,True,4
115774,Instrumental,/Users/gsretikkaprasad/Desktop/Music Data/data/fma_small/115/115774.mp3,True,3
36643,Pop,/Users/gsretikkaprasad/Desktop/Music Data/data/fma_small/036/036643.mp3,True,5
57663,Rock,/Users/gsretikkaprasad/Desktop/Music Data/data/fma_small/057/057663.mp3,True,7
87971,Folk,/Users/gsretikkaprasad/Desktop/Music Data/data/fma_small/087/087971.mp3,True,2
118500,Experimental,/Users/gsretikkaprasad/Desktop/Music Data/data/fma_small/118/118500.mp3,True,1
85346,Electronic,/Users/gsretikkaprasad/Desktop/Music Data/data/fma_small/085/085346.mp3,True,0
14740,Rock,/Users/gsretikkaprasad/Desktop/Music Data/data/fma_small/014/014740.mp3,True,7
5006,Rock,/Users/gsretikkaprasad/Desktop/Music Data/data/fma_small/005/005006.mp3,True,7
51203,Experimental,/Users/gsretikkaprasad/Desktop/Music Data/data/fma_small/051/051203.mp3,True,1
38914,Experimental,/Users/gsretikkaprasad/Desktop/Music Data/data/fma_small/038/038914.mp3,True,1
123004,Electronic,/Users/gsretikkaprasad/Desktop/Music Data/data/fma_small/123/123004.mp3,True,0
55149,Electronic,/Users/gsretikkaprasad/Desktop/Music Data/data/fma_small/055/055149.mp3,True,0
24515,Experimental,/Users/gsretikkaprasad/Desktop/Music Data/data/fma_small/024/024515.mp3,True,1
43593,International,/Users/gsretikkaprasad/Desktop/Music Data/data/fma_small/043/043593.mp3,True,4
11942,Electronic,/Users/gsretikkaprasad/Desktop/Music Data/data/fma_small/011/011942.mp3,True,0
108865,International,/Users/gsretikkaprasad/Desktop/Music Data/data/fma_small/108/108865.mp3,True,4
29044,Electronic,/Users/gsretikkaprasad/Desktop/Music Data/data/fma_small/029/029044.mp3,True,0
82410,Experimental,/Users/gsretikkaprasad/Desktop/Music Data/data/fma_small/082/082410.mp3,True,1
111228,Instrumental,/Users/gsretikkaprasad/Desktop/Music Data/data/fma_small/111/111228.mp3,True,3
98670,International,/Users/gsretikkaprasad/Desktop/Music Data/data/fma_small/098/098670.mp3,True,4
40231,Folk,/Users/gsretikkaprasad/Desktop/Music Data/data/fma_small/040/040231.mp3,True,2
115927,Folk,/Users/gsretikkaprasad/Desktop/Music Data/data/fma_small/115/115927.mp3,True,2
148513,Pop,/Users/gsretikkaprasad/Desktop/Music Data/data/fma_small/148/148513.mp3,True,5
122132,Experimental,/Users/gsretikkaprasad/Desktop/Music Data/data/fma_small/122/122132.mp3,True,1
121926,International,/Users/gsretikkaprasad/Desktop/Music Data/data/fma_small/121/121926.mp3,True,4
75371,Hip-Hop,/Users/gsretikkaprasad/Desktop/Music Data/data/fma_small/075/075371.mp3,True,6
1073,Experimental,/Users/gsretikkaprasad/Desktop/Music Data/data/fma_small/001/001073.mp3,True,1
44092,Electronic,/Users/gsretikkaprasad/Desktop/Music Data/data/fma_small/044/044092.mp3,True,0
63770,Hip-Hop,/Users/gsretikkaprasad/Desktop/Music Data/data/fma_small/063/063770.mp3,True,6
68872,Experimental,/Users/gsretikkaprasad/Desktop/Music Data/data/fma_small/068/068872.mp3,True,1
97043,Hip-Hop,/Users/gsretikkaprasad/Desktop/Music Data/data/fma_small/097/097043.mp3,True,6
19439,Hip-Hop,/Users/gsretikkaprasad/Desktop/Music Data/data/fma_small/019/019439.mp3,True,6
107187,International,/Users/gsretikkaprasad/Desktop/Music Data/data/fma_small/107/107187.mp3,True,4
134940,International,/Users/gsretikkaprasad/Desktop/Music Data/data/fma_small/134/134940.mp3,True,4
64840,Pop,/Users/gsretikkaprasad/Desktop/Music Data/data/fma_small/064/064840.mp3,True,5
7872,Rock,/Users/gsretikkaprasad/Desktop/Music Data/data/fma_small/007/007872.mp3,True,7
92561,Electronic,/Users/gsretikkaprasad/Desktop/Music Data/data/fma_small/092/092561.mp3,True,0
4096,International,/Users/gsretikkaprasad/Desktop/Music Data/data/fma_small/004/004096.mp3,True,4
122808,Pop,/Users/gsretikkaprasad/Desktop/Music Data/data/fma_small/122/122808.mp3,True,5
135340,Pop,/Users/gsretikkaprasad/Desktop/Music Data/data/fma_small/135/135340.mp3,True,5
69207,Electronic,/Users/gsretikkaprasad/Desktop/Music Data/data/fma_small/069/069207.mp3,True,0
35537,Rock,/Users/gsretikkaprasad/Desktop/Music Data/data/fma_small/035/035537.mp3,True,7
6389,International,/Users/gsretikkaprasad/Desktop/Music Data/data/fma_small/006/006389.mp3,True,4
125312,International,/Users/gsretikkaprasad/Desktop/Music Data/data/fma_small/125/125312.mp3,True,4
40229,Folk,/Users/gsretikkaprasad/Desktop/Music Data/data/fma_small/040/040229.mp3,True,2
115925,Folk,/Users/gsretikkaprasad/Desktop/Music Data/data/fma_small/115/115925.mp3,True,2
72129,Hip-Hop,/Users/gsretikkaprasad/Desktop/Music Data/data/fma_small/072/072129.mp3,True,6
47921,Rock,/Users/gsretikkaprasad/Desktop/Music Data/data/fma_small/047/047921.mp3,True,7
11638,Instrumental,/Users/gsretikkaprasad/Desktop/Music Data/data/fma_small/011/011638.mp3,True,3
133943,Instrumental,/Users/gsretikkaprasad/Desktop/Music Data/data/fma_small/133/133943.mp3,True,3
91796,Folk,/Users/gsretikkaprasad/Desktop/Music Data/data/fma_small/091/091796.mp3,True,2
38892,Experimental,/Users/gsretikkaprasad/Desktop/Music Data/data/fma_small/038/038892.mp3,True,1
75692,Pop,/Users/gsretikkaprasad/Desktop/Music Data/data/fma_small/075/075692.mp3,True,5
44823,International,/Users/gsretikkaprasad/Desktop/Music Data/data/fma_small/044/044823.mp3,True,4
107950,International,/Users/gsretikkaprasad/Desktop/Music Data/data/fma_small/107/107950.mp3,True,4
98302,International,/Users/gsretikkaprasad/Desktop/Music Data/data/fma_small/098/098302.mp3,True,4
127559,Rock,/Users/gsretikkaprasad/Desktop/Music Data/data/fma_small/127/127559.mp3,True,7
16819,Rock,/Users/gsretikkaprasad/Desktop/Music Data/data/fma_small/016/016819.mp3,True,7
46839,Pop,/Users/gsretikkaprasad/Desktop/Music Data/data/fma_small/046/046839.mp3,True,5
113949,Folk,/Users/gsretikkaprasad/Desktop/Music Data/data/fma_small/113/113949.mp3,True,2
12518,Pop,/Users/gsretikkaprasad/Desktop/Music Data/data/fma_small/012/012518.mp3,True,5
121738,Pop,/Users/gsretikkaprasad/Desktop/Music Data/data/fma_small/121/121738.mp3,True,5
81485,Instrumental,/Users/gsretikkaprasad/Desktop/Music Data/data/fma_small/081/081485.mp3,True,3
97814,Experimental,/Users/gsretikkaprasad/Desktop/Music Data/data/fma_small/097/097814.mp3,True,1
113022,Pop,/Users/gsretikkaprasad/Desktop/Music Data/data/fma_small/113/113022.mp3,True,5
45389,Instrumental,/Users/gsretikkaprasad/Desktop/Music Data/data/fma_small/045/045389.mp3,True,3
124460,Rock,/Users/gsretikkaprasad/Desktop/Music Data/data/fma_small/124/124460.mp3,True,7
116239,Electronic,/Users/gsretikkaprasad/Desktop/Music Data/data/fma_small/116/116239.mp3,True,0
154309,Hip-Hop,/Users/gsretikkaprasad/Desktop/Music Data/data/fma_small/154/154309.mp3,True,6
140564,Electronic,/Users/gsretikkaprasad/Desktop/Music Data/data/fma_small/140/140564.mp3,True,0
62532,International,/Users/gsretikkaprasad/Desktop/Music Data/data/fma_small/062/062532.mp3,True,4
122832,Electronic,/Users/gsretikkaprasad/Desktop/Music Data/data/fma_small/122/122832.mp3,True,0
22094,Hip-Hop,/Users/gsretikkaprasad/Desktop/Music Data/data/fma_small/022/022094.mp3,True,6
73560,Electronic,/Users/gsretikkaprasad/Desktop/Music Data/data/fma_small/073/073560.mp3,True,0
40525,Hip-Hop,/Users/gsretikkaprasad/Desktop/Music Data/data/fma_small/040/040525.mp3,True,6
21891,Electronic,/Users/gsretikkaprasad/Desktop/Music Data/data/fma_small/021/021891.mp3,True,0
72513,Rock,/Users/gsretikkaprasad/Desktop/Music Data/data/fma_small/072/072513.mp3,True,7
33465,Rock,/Users/gsretikkaprasad/Desktop/Music Data/data/fma_small/033/033465.mp3,True,7
36560,Pop,/Users/gsretikkaprasad/Desktop/Music Data/data/fma_small/036/036560.mp3,True,5
45153,Electronic,/Users/gsretikkaprasad/Desktop/Music Data/data/fma_small/045/045153.mp3,True,0
142132,Folk,/Users/gsretikkaprasad/Desktop/Music Data/data/fma_small/142/142132.mp3,True,2
87967,Folk,/Users/gsretikkaprasad/Desktop/Music Data/data/fma_small/087/087967.mp3,True,2
130265,Pop,/Users/gsretikkaprasad/Desktop/Music Data/data/fma_small/130/130265.mp3,True,5
2096,Experimental,/Users/gsretikkaprasad/Desktop/Music Data/data/fma_small/002/002096.mp3,True,1
9555,Rock,/Users/gsretikkaprasad/Desktop/Music Data/data/fma_small/009/009555.mp3,True,7
32435,Electronic,/Users/gsretikkaprasad/Desktop/Music Data/data/fma_small/032/032435.mp3,True,0
109481,Rock,/Users/gsretikkaprasad/Desktop/Music Data/data/fma_small/109/109481.mp3,True,7
114279,Electronic,/Users/gsretikkaprasad/Desktop/Music Data/data/fma_small/114/114279.mp3,True,0
110438,Folk,/Users/gsretikkaprasad/Desktop/Music Data/data/fma_small/110/110438.mp3,True,2
120325,Instrumental,/Users/gsretikkaprasad/Desktop/Music Data/data/fma_small/120/120325.mp3,True,3
113271,International,/Users/gsretikkaprasad/Desktop/Music Data/data/fma_small/113/113271.mp3,True,4
141876,Instrumental,/Users/gsretikkaprasad/Desktop/Music Data/data/fma_small/141/141876.mp3,True,3
22296,Hip-Hop,/Users/gsretikkaprasad/Desktop/Music Data/data/fma_small/022/022296.mp3,True,6
75936,Hip-Hop,/Users/gsretikkaprasad/Desktop/Music Data/data/fma_small/075/075936.mp3,True,6
89178,Hip-Hop,/Users/gsretikkaprasad/Desktop/Music Data/data/fma_small/089/089178.mp3,True,6
139003,Instrumental,/Users/gsretikkaprasad/Desktop/Music Data/data/fma_small/139/139003.mp3,True,3
126603,Experimental,/Users/gsretikkaprasad/Desktop/Music Data/data/fma_small/126/126603.mp3,True,1
145067,Rock,/Users/gsretikkaprasad/Desktop/Music Data/data/fma_small/145/145067.mp3,True,7
123273,Rock,/Users/gsretikkaprasad/Desktop/Music Data/data/fma_small/123/123273.mp3,True,7
58207,Hip-Hop,/Users/gsretikkaprasad/Desktop/Music Data/data/fma_small/058/058207.mp3,True,6
100976,Electronic,/Users/gsretikkaprasad/Desktop/Music Data/data/fma_small/100/100976.mp3,True,0
133026,Electronic,/Users/gsretikkaprasad/Desktop/Music Data/data/fma_small/133/133026.mp3,True,0
132567,Instrumental,/Users/gsretikkaprasad/Desktop/Music Data/data/fma_small/132/132567.mp3,True,3
127870,International,/Users/gsretikkaprasad/Desktop/Music Data/data/fma_small/127/127870.mp3,True,4
110928,Folk,/Users/gsretikkaprasad/Desktop/Music Data/data/fma_small/110/110928.mp3,True,2
96936,Rock,/Users/gsretikkaprasad/Desktop/Music Data/data/fma_small/096/096936.mp3,True,7
120297,Instrumental,/Users/gsretikkaprasad/Desktop/Music Data/data/fma_small/120/120297.mp3,True,3
41020,International,/Users/gsretikkaprasad/Desktop/Music Data/data/fma_small/041/041020.mp3,True,4
126606,Experimental,/Users/gsretikkaprasad/Desktop/Music Data/data/fma_small/126/126606.mp3,True,1
19179,Rock,/Users/gsretikkaprasad/Desktop/Music Data/data/fma_small/019/019179.mp3,True,7
64078,Experimental,/Users/gsretikkaprasad/Desktop/Music Data/data/fma_small/064/064078.mp3,True,1
114007,Instrumental,/Users/gsretikkaprasad/Desktop/Music Data/data/fma_small/114/114007.mp3,True,3
72149,Experimental,/Users/gsretikkaprasad/Desktop/Music Data/data/fma_small/072/072149.mp3,True,1
97886,Rock,/Users/gsretikkaprasad/Desktop/Music Data/data/fma_small/097/097886.mp3,True,7
128812,Instrumental,/Users/gsretikkaprasad/Desktop/Music Data/data/fma_small/128/128812.mp3,True,3
90583,Pop,/Users/gsretikkaprasad/Desktop/Music Data/data/fma_small/090/090583.mp3,True,5
42029,International,/Users/gsretikkaprasad/Desktop/Music Data/data/fma_small/042/042029.mp3,True,4
117171,Instrumental,/Users/gsretikkaprasad/Desktop/Music Data/data/fma_small/117/117171.mp3,True,3
141593,International,/Users/gsretikkaprasad/Desktop/Music Data/data/fma_small/141/141593.mp3,True,4
120773,Instrumental,/Users/gsretikkaprasad/Desktop/Music Data/data/fma_small/120/120773.mp3,True,3
36322,Folk,/Users/gsretikkaprasad/Desktop/Music Data/data/fma_small/036/036322.mp3,True,2
120199,Pop,/Users/gsretikkaprasad/Desktop/Music Data/data/fma_small/120/120199.mp3,True,5
126215,Instrumental,/Users/gsretikkaprasad/Desktop/Music Data/data/fma_small/126/126215.mp3,True,3
98553,Hip-Hop,/Users/gsretikkaprasad/Desktop/Music Data/data/fma_small/098/098553.mp3,True,6
68854,Folk,/Users/gsretikkaprasad/Desktop/Music Data/data/fma_small/068/068854.mp3,True,2
29037,Electronic,/Users/gsretikkaprasad/Desktop/Music Data/data/fma_small/029/029037.mp3,True,0
121452,Electronic,/Users/gsretikkaprasad/Desktop/Music Data/data/fma_small/121/121452.mp3,True,0
86039,Instrumental,/Users/gsretikkaprasad/Desktop/Music Data/data/fma_small/086/086039.mp3,True,3
117961,Experimental,/Users/gsretikkaprasad/Desktop/Music Data/data/fma_small/117/117961.mp3,True,1
14319,International,/Users/gsretikkaprasad/Desktop/Music Data/data/fma_small/014/014319.mp3,True,4
43517,International,/Users/gsretikkaprasad/Desktop/Music Data/data/fma_small/043/043517.mp3,True,4
133681,Instrumental,/Users/gsretikkaprasad/Desktop/Music Data/data/fma_small/133/133681.mp3,True,3
45119,Pop,/Users/gsretikkaprasad/Desktop/Music Data/data/fma_small/045/045119.mp3,True,5
3896,International,/Users/gsretikkaprasad/Desktop/Music Data/data/fma_small/003/003896.mp3,True,4
52642,Electronic,/Users/gsretikkaprasad/Desktop/Music Data/data/fma_small/052/052642.mp3,True,0
126584,Instrumental,/Users/gsretikkaprasad/Desktop/Music Data/data/fma_small/126/126584.mp3,True,3
21085,Electronic,/Users/gsretikkaprasad/Desktop/Music Data/data/fma_small/021/021085.mp3,True,0
14316,International,/Users/gsretikkaprasad/Desktop/Music Data/data/fma_small/014/014316.mp3,True,4
108012,Folk,/Users/gsretikkaprasad/Desktop/Music Data/data/fma_small/108/108012.mp3,True,2
125820,Instrumental,/Users/gsretikkaprasad/Desktop/Music Data/data/fma_small/125/125820.mp3,True,3
120099,Pop,/Users/gsretikkaprasad/Desktop/Music Data/data/fma_small/120/120099.mp3,True,5
142083,Hip-Hop,/Users/gsretikkaprasad/Desktop/Music Data/data/fma_small/142/142083.mp3,True,6
127206,Pop,/Users/gsretikkaprasad/Desktop/Music Data/data/fma_small/127/127206.mp3,True,5
90993,Hip-Hop,/Users/gsretikkaprasad/Desktop/Music Data/data/fma_small/090/090993.mp3,True,6
54482,International,/Users/gsretikkaprasad/Desktop/Music Data/data/fma_small/054/054482.mp3,True,4
69209,Electronic,/Users/gsretikkaprasad/Desktop/Music Data/data/fma_small/069/069209.mp3,True,0
81612,Instrumental,/Users/gsretikkaprasad/Desktop/Music Data/data/fma_small/081/081612.mp3,True,3
106343,Folk,/Users/gsretikkaprasad/Desktop/Music Data/data/fma_small/106/106343.mp3,True,2
107589,Folk,/Users/gsretikkaprasad/Desktop/Music Data/data/fma_small/107/107589.mp3,True,2
46058,Experimental,/Users/gsretikkaprasad/Desktop/Music Data/data/fma_small/046/046058.mp3,True,1
8056,Rock,/Users/gsretikkaprasad/Desktop/Music Data/data/fma_small/008/008056.mp3,True,7
108533,Electronic,/Users/gsretikkaprasad/Desktop/Music Data/data/fma_small/108/108533.mp3,True,0
34996,Experimental,/Users/gsretikkaprasad/Desktop/Music Data/data/fma_small/034/034996.mp3,True,1
87102,Instrumental,/Users/gsretikkaprasad/Desktop/Music Data/data/fma_small/087/087102.mp3,True,3
56888,Experimental,/Users/gsretikkaprasad/Desktop/Music Data/data/fma_small/056/056888.mp3,True,1
115771,Instrumental,/Users/gsretikkaprasad/Desktop/Music Data/data/fma_small/115/115771.mp3,True,3
14358,Hip-Hop,/Users/gsretikkaprasad/Desktop/Music Data/data/fma_small/014/014358.mp3,True,6
42046,Hip-Hop,/Users/gsretikkaprasad/Desktop/Music Data/data/fma_small/042/042046.mp3,True,6
13474,Electronic,/Users/gsretikkaprasad/Desktop/Music Data/data/fma_small/013/013474.mp3,True,0
128504,Rock,/Users/gsretikkaprasad/Desktop/Music Data/data/fma_small/128/128504.mp3,True,7
133273,Rock,/Users/gsretikkaprasad/Desktop/Music Data/data/fma_small/133/133273.mp3,True,7
6762,Folk,/Users/gsretikkaprasad/Desktop/Music Data/data/fma_small/006/006762.mp3,True,2
6788,Rock,/Users/gsretikkaprasad/Desktop/Music Data/data/fma_small/006/006788.mp3,True,7
108457,Pop,/Users/gsretikkaprasad/Desktop/Music Data/data/fma_small/108/108457.mp3,True,5
127867,International,/Users/gsretikkaprasad/Desktop/Music Data/data/fma_small/127/127867.mp3,True,4
126882,Instrumental,/Users/gsretikkaprasad/Desktop/Music Data/data/fma_small/126/126882.mp3,True,3
140874,Folk,/Users/gsretikkaprasad/Desktop/Music Data/data/fma_small/140/140874.mp3,True,2
135091,Experimental,/Users/gsretikkaprasad/Desktop/Music Data/data/fma_small/135/135091.mp3,True,1
84291,Rock,/Users/gsretikkaprasad/Desktop/Music Data/data/fma_small/084/084291.mp3,True,7
134938,International,/Users/gsretikkaprasad/Desktop/Music Data/data/fma_small/134/134938.mp3,True,4
52862,Experimental,/Users/gsretikkaprasad/Desktop/Music Data/data/fma_small/052/052862.mp3,True,1
130931,Instrumental,/Users/gsretikkaprasad/Desktop/Music Data/data/fma_small/130/130931.mp3,True,3
705,International,/Users/gsretikkaprasad/Desktop/Music Data/data/fma_small/000/000705.mp3,True,4
46024,Rock,/Users/gsretikkaprasad/Desktop/Music Data/data/fma_small/046/046024.mp3,True,7
94414,Electronic,/Users/gsretikkaprasad/Desktop/Music Data/data/fma_small/094/094414.mp3,True,0
20424,Experimental,/Users/gsretikkaprasad/Desktop/Music Data/data/fma_small/020/020424.mp3,True,1
123972,Hip-Hop,/Users/gsretikkaprasad/Desktop/Music Data/data/fma_small/123/123972.mp3,True,6
97540,Electronic,/Users/gsretikkaprasad/Desktop/Music Data/data/fma_small/097/097540.mp3,True,0
84736,Instrumental,/Users/gsretikkaprasad/Desktop/Music Data/data/fma_small/084/084736.mp3,True,3
10435,Experimental,/Users/gsretikkaprasad/Desktop/Music Data/data/fma_small/010/010435.mp3,True,1
124509,Experimental,/Users/gsretikkaprasad/Desktop/Music Data/data/fma_small/124/124509.mp3,True,1
26861,Electronic,/Users/gsretikkaprasad/Desktop/Music Data/data/fma_small/026/026861.mp3,True,0
12052,Folk,/Users/gsretikkaprasad/Desktop/Music Data/data/fma_small/012/012052.mp3,True,2
36275,International,/Users/gsretikkaprasad/Desktop/Music Data/data/fma_small/036/036275.mp3,True,4
55719,Rock,/Users/gsretikkaprasad/Desktop/Music Data/data/fma_small/055/055719.mp3,True,7
131939,International,/Users/gsretikkaprasad/Desktop/Music Data/data/fma_small/131/131939.mp3,True,4
144801,Instrumental,/Users/gsretikkaprasad/Desktop/Music Data/data/fma_small/144/144801.mp3,True,3
111216,Experimental,/Users/gsretikkaprasad/Desktop/Music Data/data/fma_small/111/111216.mp3,True,1
38326,International,/Users/gsretikkaprasad/Desktop/Music Data/data/fma_small/038/038326.mp3,True,4
108426,Pop,/Users/gsretikkaprasad/Desktop/Music Data/data/fma_small/108/108426.mp3,True,5
108428,Pop,/Users/gsretikkaprasad/Desktop/Music Data/data/fma_small/108/108428.mp3,True,5
28375,Experimental,/Users/gsretikkaprasad/Desktop/Music Data/data/fma_small/028/028375.mp3,True,1
98624,Hip-Hop,/Users/gsretikkaprasad/Desktop/Music Data/data/fma_small/098/098624.mp3,True,6
43842,Folk,/Users/gsretikkaprasad/Desktop/Music Data/data/fma_small/043/043842.mp3,True,2
119715,Rock,/Users/gsretikkaprasad/Desktop/Music Data/data/fma_small/119/119715.mp3,True,7
119979,Hip-Hop,/Users/gsretikkaprasad/Desktop/Music Data/data/fma_small/119/119979.mp3,True,6
104063,Rock,/Users/gsretikkaprasad/Desktop/Music Data/data/fma_small/104/104063.mp3,True,7
48437,Electronic,/Users/gsretikkaprasad/Desktop/Music Data/data/fma_small/048/048437.mp3,True,0
45391,Instrumental,/Users/gsretikkaprasad/Desktop/Music Data/data/fma_small/045/045391.mp3,True,3
127866,International,/Users/gsretikkaprasad/Desktop/Music Data/data/fma_small/127/127866.mp3,True,4
95914,Hip-Hop,/Users/gsretikkaprasad/Desktop/Music Data/data/fma_small/095/095914.mp3,True,6
63117,Rock,/Users/gsretikkaprasad/Desktop/Music Data/data/fma_small/063/063117.mp3,True,7
194,Folk,/Users/gsretikkaprasad/Desktop/Music Data/data/fma_small/000/000194.mp3,True,2
126519,Experimental,/Users/gsretikkaprasad/Desktop/Music Data/data/fma_small/126/126519.mp3,True,1
127066,Folk,/Users/gsretikkaprasad/Desktop/Music Data/data/fma_small/127/127066.mp3,True,2
121315,Hip-Hop,/Users/gsretikkaprasad/Desktop/Music Data/data/fma_small/121/121315.mp3,True,6
122510,Instrumental,/Users/gsretikkaprasad/Desktop/Music Data/data/fma_small/122/122510.mp3,True,3
148603,Folk,/Users/gsretikkaprasad/Desktop/Music Data/data/fma_small/148/148603.mp3,True,2
71242,Hip-Hop,/Users/gsretikkaprasad/Desktop/Music Data/data/fma_small/071/071242.mp3,True,6
67412,Rock,/Users/gsretikkaprasad/Desktop/Music Data/data/fma_small/067/067412.mp3,True,7
93521,Electronic,/Users/gsretikkaprasad/Desktop/Music Data/data/fma_small/093/093521.mp3,True,0
15543,Experimental,/Users/gsretikkaprasad/Desktop/Music Data/data/fma_small/015/015543.mp3,True,1
52448,Instrumental,/Users/gsretikkaprasad/Desktop/Music Data/data/fma_small/052/052448.mp3,True,3
11777,Hip-Hop,/Users/gsretikkaprasad/Desktop/Music Data/data/fma_small/011/011777.mp3,True,6
127871,International,/Users/gsretikkaprasad/Desktop/Music Data/data/fma_small/127/127871.mp3,True,4
133029,Electronic,/Users/gsretikkaprasad/Desktop/Music Data/data/fma_small/133/133029.mp3,True,0
52638,Electronic,/Users/gsretikkaprasad/Desktop/Music Data/data/fma_small/052/052638.mp3,True,0
55121,Hip-Hop,/Users/gsretikkaprasad/Desktop/Music Data/data/fma_small/055/055121.mp3,True,6
135229,International,/Users/gsretikkaprasad/Desktop/Music Data/data/fma_small/135/135229.mp3,True,4
137898,Hip-Hop,/Users/gsretikkaprasad/Desktop/Music Data/data/fma_small/137/137898.mp3,True,6
3724,Rock,/Users/gsretikkaprasad/Desktop/Music Data/data/fma_small/003/003724.mp3,True,7
110263,Hip-Hop,/Users/gsretikkaprasad/Desktop/Music Data/data/fma_small/110/110263.mp3,True,6
14604,International,/Users/gsretikkaprasad/Desktop/Music Data/data/fma_small/014/014604.mp3,True,4
91228,Folk,/Users/gsretikkaprasad/Desktop/Music Data/data/fma_small/091/091228.mp3,True,2
139532,Instrumental,/Users/gsretikkaprasad/Desktop/Music Data/data/fma_small/139/139532.mp3,True,3
59656,International,/Users/gsretikkaprasad/Desktop/Music Data/data/fma_small/059/059656.mp3,True,4
129403,International,/Users/gsretikkaprasad/Desktop/Music Data/data/fma_small/129/129403.mp3,True,4
118058,Instrumental,/Users/gsretikkaprasad/Desktop/Music Data/data/fma_small/118/118058.mp3,True,3
126585,Instrumental,/Users/gsretikkaprasad/Desktop/Music Data/data/fma_small/126/126585.mp3,True,3
122632,Instrumental,/Users/gsretikkaprasad/Desktop/Music Data/data/fma_small/122/122632.mp3,True,3
129923,International,/Users/gsretikkaprasad/Desktop/Music Data/data/fma_small/129/129923.mp3,True,4
112588,Experimental,/Users/gsretikkaprasad/Desktop/Music Data/data/fma_small/112/112588.mp3,True,1
69682,Experimental,/Users/gsretikkaprasad/Desktop/Music Data/data/fma_small/069/069682.mp3,True,1
128710,Rock,/Users/gsretikkaprasad/Desktop/Music Data/data/fma_small/128/128710.mp3,True,7
120321,Instrumental,/Users/gsretikkaprasad/Desktop/Music Data/data/fma_small/120/120321.mp3,True,3
107179,International,/Users/gsretikkaprasad/Desktop/Music Data/data/fma_small/107/107179.mp3,True,4
72781,Hip-Hop,/Users/gsretikkaprasad/Desktop/Music Data/data/fma_small/072/072781.mp3,True,6
129372,Pop,/Users/gsretikkaprasad/Desktop/Music Data/data/fma_small/129/129372.mp3,True,5
58541,Rock,/Users/gsretikkaprasad/Desktop/Music Data/data/fma_small/058/058541.mp3,True,7
110110,Electronic,/Users/gsretikkaprasad/Desktop/Music Data/data/fma_small/110/110110.mp3,True,0
113932,Pop,/Users/gsretikkaprasad/Desktop/Music Data/data/fma_small/113/113932.mp3,True,5
91181,International,/Users/gsretikkaprasad/Desktop/Music Data/data/fma_small/091/091181.mp3,True,4
141287,Instrumental,/Users/gsretikkaprasad/Desktop/Music Data/data/fma_small/141/141287.mp3,True,3
131923,Instrumental,/Users/gsretikkaprasad/Desktop/Music Data/data/fma_small/131/131923.mp3,True,3
35444,Experimental,/Users/gsretikkaprasad/Desktop/Music Data/data/fma_small/035/035444.mp3,True,1
140933,Electronic,/Users/gsretikkaprasad/Desktop/Music Data/data/fma_small/140/140933.mp3,True,0
145646,Electronic,/Users/gsretikkaprasad/Desktop/Music Data/data/fma_small/145/145646.mp3,True,0
133028,Electronic,/Users/gsretikkaprasad/Desktop/Music Data/data/fma_small/133/133028.mp3,True,0
115768,Instrumental,/Users/gsretikkaprasad/Desktop/Music Data/data/fma_small/115/115768.mp3,True,3
44342,Experimental,/Users/gsretikkaprasad/Desktop/Music Data/data/fma_small/044/044342.mp3,True,1
119725,Folk,/Users/gsretikkaprasad/Desktop/Music Data/data/fma_small/119/119725.mp3,True,2
127909,Pop,/Users/gsretikkaprasad/Desktop/Music Data/data/fma_small/127/127909.mp3,True,5
144470,Folk,/Users/gsretikkaprasad/Desktop/Music Data/data/fma_small/144/144470.mp3,True,2
131983,Instrumental,/Users/gsretikkaprasad/Desktop/Music Data/data/fma_small/131/131983.mp3,True,3
145043,Experimental,/Users/gsretikkaprasad/Desktop/Music Data/data/fma_small/145/145043.mp3,True,1
140875,Folk,/Users/gsretikkaprasad/Desktop/Music Data/data/fma_small/140/140875.mp3,True,2
57274,Experimental,/Users/gsretikkaprasad/Desktop/Music Data/data/fma_small/057/057274.mp3,True,1
36302,Hip-Hop,/Users/gsretikkaprasad/Desktop/Music Data/data/fma_small/036/036302.mp3,True,6
143303,Instrumental,/Users/gsretikkaprasad/Desktop/Music Data/data/fma_small/143/143303.mp3,True,3
144545,Folk,/Users/gsretikkaprasad/Desktop/Music Data/data/fma_small/144/144545.mp3,True,2
86443,Rock,/Users/gsretikkaprasad/Desktop/Music Data/data/fma_small/086/086443.mp3,True,7
17633,International,/Users/gsretikkaprasad/Desktop/Music Data/data/fma_small/017/017633.mp3,True,4
97813,Experimental,/Users/gsretikkaprasad/Desktop/Music Data/data/fma_small/097/097813.mp3,True,1
115765,Rock,/Users/gsretikkaprasad/Desktop/Music Data/data/fma_small/115/115765.mp3,True,7
4522,Electronic,/Users/gsretikkaprasad/Desktop/Music Data/data/fma_small/004/004522.mp3,True,0
109542,Electronic,/Users/gsretikkaprasad/Desktop/Music Data/data/fma_small/109/109542.mp3,True,0
144471,Folk,/Users/gsretikkaprasad/Desktop/Music Data/data/fma_small/144/144471.mp3,True,2
41812,Rock,/Users/gsretikkaprasad/Desktop/Music Data/data/fma_small/041/041812.mp3,True,7
34167,Hip-Hop,/Users/gsretikkaprasad/Desktop/Music Data/data/fma_small/034/034167.mp3,True,6
107909,Electronic,/Users/gsretikkaprasad/Desktop/Music Data/data/fma_small/107/107909.mp3,True,0
92292,Folk,/Users/gsretikkaprasad/Desktop/Music Data/data/fma_small/092/092292.mp3,True,2
47032,Rock,/Users/gsretikkaprasad/Desktop/Music Data/data/fma_small/047/047032.mp3,True,7
130372,Pop,/Users/gsretikkaprasad/Desktop/Music Data/data/fma_small/130/130372.mp3,True,5
89212,Experimental,/Users/gsretikkaprasad/Desktop/Music Data/data/fma_small/089/089212.mp3,True,1
91788,Folk,/Users/gsretikkaprasad/Desktop/Music Data/data/fma_small/091/091788.mp3,True,2
93075,Folk,/Users/gsretikkaprasad/Desktop/Music Data/data/fma_small/093/093075.mp3,True,2
118195,Experimental,/Users/gsretikkaprasad/Desktop/Music Data/data/fma_small/118/118195.mp3,True,1
66073,Electronic,/Users/gsretikkaprasad/Desktop/Music Data/data/fma_small/066/066073.mp3,True,0
57658,Rock,/Users/gsretikkaprasad/Desktop/Music Data/data/fma_small/057/057658.mp3,True,7
36985,Hip-Hop,/Users/gsretikkaprasad/Desktop/Music Data/data/fma_small/036/036985.mp3,True,6
51005,International,/Users/gsretikkaprasad/Desktop/Music Data/data/fma_small/051/051005.mp3,True,4
52000,International,/Users/gsretikkaprasad/Desktop/Music Data/data/fma_small/052/052000.mp3,True,4
87377,Electronic,/Users/gsretikkaprasad/Desktop/Music Data/data/fma_small/087/087377.mp3,True,0
52645,Electronic,/Users/gsretikkaprasad/Desktop/Music Data/data/fma_small/052/052645.mp3,True,0
132787,Pop,/Users/gsretikkaprasad/Desktop/Music Data/data/fma_small/132/132787.mp3,True,5
124554,Electronic,/Users/gsretikkaprasad/Desktop/Music Data/data/fma_small/124/124554.mp3,True,0
134962,International,/Users/gsretikkaprasad/Desktop/Music Data/data/fma_small/134/134962.mp3,True,4
52446,Instrumental,/Users/gsretikkaprasad/Desktop/Music Data/data/fma_small/052/052446.mp3,True,3
716,Folk,/Users/gsretikkaprasad/Desktop/Music Data/data/fma_small/000/000716.mp3,True,2
121998,Experimental,/Users/gsretikkaprasad/Desktop/Music Data/data/fma_small/121/121998.mp3,True,1
33070,International,/Users/gsretikkaprasad/Desktop/Music Data/data/fma_small/033/033070.mp3,True,4
39316,Experimental,/Users/gsretikkaprasad/Desktop/Music Data/data/fma_small/039/039316.mp3,True,1
129400,International,/Users/gsretikkaprasad/Desktop/Music Data/data/fma_small/129/129400.mp3,True,4
13537,International,/Users/gsretikkaprasad/Desktop/Music Data/data/fma_small/013/013537.mp3,True,4
112316,Rock,/Users/gsretikkaprasad/Desktop/Music Data/data/fma_small/112/112316.mp3,True,7
149701,Electronic,/Users/gsretikkaprasad/Desktop/Music Data/data/fma_small/149/149701.mp3,True,0
89817,Electronic,/Users/gsretikkaprasad/Desktop/Music Data/data/fma_small/089/089817.mp3,True,0
64556,Folk,/Users/gsretikkaprasad/Desktop/Music Data/data/fma_small/064/064556.mp3,True,2
67765,Folk,/Users/gsretikkaprasad/Desktop/Music Data/data/fma_small/067/067765.mp3,True,2
138020,Instrumental,/Users/gsretikkaprasad/Desktop/Music Data/data/fma_small/138/138020.mp3,True,3
129397,International,/Users/gsretikkaprasad/Desktop/Music Data/data/fma_small/129/129397.mp3,True,4
108342,Electronic,/Users/gsretikkaprasad/Desktop/Music Data/data/fma_small/108/108342.mp3,True,0
87323,Pop,/Users/gsretikkaprasad/Desktop/Music Data/data/fma_small/087/087323.mp3,True,5
72070,Electronic,/Users/gsretikkaprasad/Desktop/Music Data/data/fma_small/072/072070.mp3,True,0
115766,Rock,/Users/gsretikkaprasad/Desktop/Music Data/data/fma_small/115/115766.mp3,True,7
55231,International,/Users/gsretikkaprasad/Desktop/Music Data/data/fma_small/055/055231.mp3,True,4
91130,Experimental,/Users/gsretikkaprasad/Desktop/Music Data/data/fma_small/091/091130.mp3,True,1
128888,Instrumental,/Users/gsretikkaprasad/Desktop/Music Data/data/fma_small/128/128888.mp3,True,3
125298,Electronic,/Users/gsretikkaprasad/Desktop/Music Data/data/fma_small/125/125298.mp3,True,0
117669,International,/Users/gsretikkaprasad/Desktop/Music Data/data/fma_small/117/117669.mp3,True,4
108024,Instrumental,/Users/gsretikkaprasad/Desktop/Music Data/data/fma_small/108/108024.mp3,True,3
126410,Instrumental,/Users/gsretikkaprasad/Desktop/Music Data/data/fma_small/126/126410.mp3,True,3
7386,Experimental,/Users/gsretikkaprasad/Desktop/Music Data/data/fma_small/007/007386.mp3,True,1
60753,International,/Users/gsretikkaprasad/Desktop/Music Data/data/fma_small/060/060753.mp3,True,4
141564,Hip-Hop,/Users/gsretikkaprasad/Desktop/Music Data/data/fma_small/141/141564.mp3,True,6
130168,Hip-Hop,/Users/gsretikkaprasad/Desktop/Music Data/data/fma_small/130/130168.mp3,True,6
69830,Hip-Hop,/Users/gsretikkaprasad/Desktop/Music Data/data/fma_small/069/069830.mp3,True,6
29465,Experimental,/Users/gsretikkaprasad/Desktop/Music Data/data/fma_small/029/029465.mp3,True,1
121319,Hip-Hop,/Users/gsretikkaprasad/Desktop/Music Data/data/fma_small/121/121319.mp3,True,6
121915,International,/Users/gsretikkaprasad/Desktop/Music Data/data/fma_small/121/121915.mp3,True,4
92131,Pop,/Users/gsretikkaprasad/Desktop/Music Data/data/fma_small/092/092131.mp3,True,5
18031,International,/Users/gsretikkaprasad/Desktop/Music Data/data/fma_small/018/018031.mp3,True,4
133538,Instrumental,/Users/gsretikkaprasad/Desktop/Music Data/data/fma_small/133/133538.mp3,True,3
115888,Instrumental,/Users/gsretikkaprasad/Desktop/Music Data/data/fma_small/115/115888.mp3,True,3
81071,Experimental,/Users/gsretikkaprasad/Desktop/Music Data/data/fma_small/081/081071.mp3,True,1
33072,International,/Users/gsretikkaprasad/Desktop/Music Data/data/fma_small/033/033072.mp3,True,4
48367,Rock,/Users/gsretikkaprasad/Desktop/Music Data/data/fma_small/048/048367.mp3,True,7
117253,Instrumental,/Users/gsretikkaprasad/Desktop/Music Data/data/fma_small/117/117253.mp3,True,3
82914,Instrumental,/Users/gsretikkaprasad/Desktop/Music Data/data/fma_small/082/082914.mp3,True,3
38880,Experimental,/Users/gsretikkaprasad/Desktop/Music Data/data/fma_small/038/038880.mp3,True,1
54568,International,/Users/gsretikkaprasad/Desktop/Music Data/data/fma_small/054/054568.mp3,True,4
72570,Folk,/Users/gsretikkaprasad/Desktop/Music Data/data/fma_small/072/072570.mp3,True,2
93712,Folk,/Users/gsretikkaprasad/Desktop/Music Data/data/fma_small/093/093712.mp3,True,2
10670,Rock,/Users/gsretikkaprasad/Desktop/Music Data/data/fma_small/010/010670.mp3,True,7
123934,Electronic,/Users/gsretikkaprasad/Desktop/Music Data/data/fma_small/123/123934.mp3,True,0
83717,Hip-Hop,/Users/gsretikkaprasad/Desktop/Music Data/data/fma_small/083/083717.mp3,True,6
81362,Experimental,/Users/gsretikkaprasad/Desktop/Music Data/data/fma_small/081/081362.mp3,True,1
94634,Pop,/Users/gsretikkaprasad/Desktop/Music Data/data/fma_small/094/094634.mp3,True,5
119899,Instrumental,/Users/gsretikkaprasad/Desktop/Music Data/data/fma_small/119/119899.mp3,True,3
78851,Hip-Hop,/Users/gsretikkaprasad/Desktop/Music Data/data/fma_small/078/078851.mp3,True,6
85598,Pop,/Users/gsretikkaprasad/Desktop/Music Data/data/fma_small/085/085598.mp3,True,5
121739,Pop,/Users/gsretikkaprasad/Desktop/Music Data/data/fma_small/121/121739.mp3,True,5
143319,Rock,/Users/gsretikkaprasad/Desktop/Music Data/data/fma_small/143/143319.mp3,True,7
129054,Pop,/Users/gsretikkaprasad/Desktop/Music Data/data/fma_small/129/129054.mp3,True,5
63733,Hip-Hop,/Users/gsretikkaprasad/Desktop/Music Data/data/fma_small/063/063733.mp3,True,6
56466,International,/Users/gsretikkaprasad/Desktop/Music Data/data/fma_small/056/056466.mp3,True,4
136054,Rock,/Users/gsretikkaprasad/Desktop/Music Data/data/fma_small/136/136054.mp3,True,7
25235,International,/Users/gsretikkaprasad/Desktop/Music Data/data/fma_small/025/025235.mp3,True,4
100478,Hip-Hop,/Users/gsretikkaprasad/Desktop/Music Data/data/fma_small/100/100478.mp3,True,6
120310,Instrumental,/Users/gsretikkaprasad/Desktop/Music Data/data/fma_small/120/120310.mp3,True,3
125333,Experimental,/Users/gsretikkaprasad/Desktop/Music Data/data/fma_small/125/125333.mp3,True,1
108079,Rock,/Users/gsretikkaprasad/Desktop/Music Data/data/fma_small/108/108079.mp3,True,7
72056,Folk,/Users/gsretikkaprasad/Desktop/Music Data/data/fma_small/072/072056.mp3,True,2
43883,Experimental,/Users/gsretikkaprasad/Desktop/Music Data/data/fma_small/043/043883.mp3,True,1
87362,Rock,/Users/gsretikkaprasad/Desktop/Music Data/data/fma_small/087/087362.mp3,True,7
98551,Hip-Hop,/Users/gsretikkaprasad/Desktop/Music Data/data/fma_small/098/098551.mp3,True,6
114235,Instrumental,/Users/gsretikkaprasad/Desktop/Music Data/data/fma_small/114/114235.mp3,True,3
43172,International,/Users/gsretikkaprasad/Desktop/Music Data/data/fma_small/043/043172.mp3,True,4
133450,Instrumental,/Users/gsretikkaprasad/Desktop/Music Data/data/fma_small/133/133450.mp3,True,3
85422,Pop,/Users/gsretikkaprasad/Desktop/Music Data/data/fma_small/085/085422.mp3,True,5
113278,International,/Users/gsretikkaprasad/Desktop/Music Data/data/fma_small/113/113278.mp3,True,4
137721,Rock,/Users/gsretikkaprasad/Desktop/Music Data/data/fma_small/137/137721.mp3,True,7
97374,Experimental,/Users/gsretikkaprasad/Desktop/Music Data/data/fma_small/097/097374.mp3,True,1
4239,International,/Users/gsretikkaprasad/Desktop/Music Data/data/fma_small/004/004239.mp3,True,4
62186,International,/Users/gsretikkaprasad/Desktop/Music Data/data/fma_small/062/062186.mp3,True,4
108314,Experimental,/Users/gsretikkaprasad/Desktop/Music Data/data/fma_small/108/108314.mp3,True,1
64865,Experimental,/Users/gsretikkaprasad/Desktop/Music Data/data/fma_small/064/064865.mp3,True,1
134449,Instrumental,/Users/gsretikkaprasad/Desktop/Music Data/data/fma_small/134/134449.mp3,True,3
200,Folk,/Users/gsretikkaprasad/Desktop/Music Data/data/fma_small/000/000200.mp3,True,2
18112,Experimental,/Users/gsretikkaprasad/Desktop/Music Data/data/fma_small/018/018112.mp3,True,1
110207,Experimental,/Users/gsretikkaprasad/Desktop/Music Data/data/fma_small/110/110207.mp3,True,1
91318,Hip-Hop,/Users/gsretikkaprasad/Desktop/Music Data/data/fma_small/091/091318.mp3,True,6
12986,Folk,/Users/gsretikkaprasad/Desktop/Music Data/data/fma_small/012/012986.mp3,True,2
80772,International,/Users/gsretikkaprasad/Desktop/Music Data/data/fma_small/080/080772.mp3,True,4
122004,Experimental,/Users/gsretikkaprasad/Desktop/Music Data/data/fma_small/122/122004.mp3,True,1
73370,Electronic,/Users/gsretikkaprasad/Desktop/Music Data/data/fma_small/073/073370.mp3,True,0
99361,International,/Users/gsretikkaprasad/Desktop/Music Data/data/fma_small/099/099361.mp3,True,4
55101,Hip-Hop,/Users/gsretikkaprasad/Desktop/Music Data/data/fma_small/055/055101.mp3,True,6
53300,International,/Users/gsretikkaprasad/Desktop/Music Data/data/fma_small/053/053300.mp3,True,4
99369,International,/Users/gsretikkaprasad/Desktop/Music Data/data/fma_small/099/099369.mp3,True,4
139522,Folk,/Users/gsretikkaprasad/Desktop/Music Data/data/fma_small/139/139522.mp3,True,2
49066,Experimental,/Users/gsretikkaprasad/Desktop/Music Data/data/fma_small/049/049066.mp3,True,1
66537,Rock,/Users/gsretikkaprasad/Desktop/Music Data/data/fma_small/066/066537.mp3,True,7
64007,Pop,/Users/gsretikkaprasad/Desktop/Music Data/data/fma_small/064/064007.mp3,True,5
91306,Hip-Hop,/Users/gsretikkaprasad/Desktop/Music Data/data/fma_small/091/091306.mp3,True,6
82919,Instrumental,/Users/gsretikkaprasad/Desktop/Music Data/data/fma_small/082/082919.mp3,True,3
11916,Hip-Hop,/Users/gsretikkaprasad/Desktop/Music Data/data/fma_small/011/011916.mp3,True,6
64091,Experimental,/Users/gsretikkaprasad/Desktop/Music Data/data/fma_small/064/064091.mp3,True,1
117159,Instrumental,/Users/gsretikkaprasad/Desktop/Music Data/data/fma_small/117/117159.mp3,True,3
108494,Hip-Hop,/Users/gsretikkaprasad/Desktop/Music Data/data/fma_small/108/108494.mp3,True,6
53496,Electronic,/Users/gsretikkaprasad/Desktop/Music Data/data/fma_small/053/053496.mp3,True,0
574,Rock,/Users/gsretikkaprasad/Desktop/Music Data/data/fma_small/000/000574.mp3,True,7
110205,Experimental,/Users/gsretikkaprasad/Desktop/Music Data/data/fma_small/110/110205.mp3,True,1
75935,Hip-Hop,/Users/gsretikkaprasad/Desktop/Music Data/data/fma_small/075/075935.mp3,True,6
30488,Pop,/Users/gsretikkaprasad/Desktop/Music Data/data/fma_small/030/030488.mp3,True,5
35539,Rock,/Users/gsretikkaprasad/Desktop/Music Data/data/fma_small/035/035539.mp3,True,7
59451,Pop,/Users/gsretikkaprasad/Desktop/Music Data/data/fma_small/059/059451.mp3,True,5
75786,Rock,/Users/gsretikkaprasad/Desktop/Music Data/data/fma_small/075/075786.mp3,True,7
25066,Electronic,/Users/gsretikkaprasad/Desktop/Music Data/data/fma_small/025/025066.mp3,True,0
135043,Folk,/Users/gsretikkaprasad/Desktop/Music Data/data/fma_small/135/135043.mp3,True,2
114545,Electronic,/Users/gsretikkaprasad/Desktop/Music Data/data/fma_small/114/114545.mp3,True,0
95506,Rock,/Users/gsretikkaprasad/Desktop/Music Data/data/fma_small/095/095506.mp3,True,7
106277,Rock,/Users/gsretikkaprasad/Desktop/Music Data/data/fma_small/106/106277.mp3,True,7
64248,Experimental,/Users/gsretikkaprasad/Desktop/Music Data/data/fma_small/064/064248.mp3,True,1
55288,Pop,/Users/gsretikkaprasad/Desktop/Music Data/data/fma_small/055/055288.mp3,True,5
38817,International,/Users/gsretikkaprasad/Desktop/Music Data/data/fma_small/038/038817.mp3,True,4
90579,Pop,/Users/gsretikkaprasad/Desktop/Music Data/data/fma_small/090/090579.mp3,True,5
45520,Folk,/Users/gsretikkaprasad/Desktop/Music Data/data/fma_small/045/045520.mp3,True,2
104779,Pop,/Users/gsretikkaprasad/Desktop/Music Data/data/fma_small/104/104779.mp3,True,5
105912,Rock,/Users/gsretikkaprasad/Desktop/Music Data/data/fma_small/105/105912.mp3,True,7
63044,Rock,/Users/gsretikkaprasad/Desktop/Music Data/data/fma_small/063/063044.mp3,True,7
154414,Pop,/Users/gsretikkaprasad/Desktop/Music Data/data/fma_small/154/154414.mp3,True,5
4022,Rock,/Users/gsretikkaprasad/Desktop/Music Data/data/fma_small/004/004022.mp3,True,7
132675,Instrumental,/Users/gsretikkaprasad/Desktop/Music Data/data/fma_small/132/132675.mp3,True,3
33067,International,/Users/gsretikkaprasad/Desktop/Music Data/data/fma_small/033/033067.mp3,True,4
133976,Instrumental,/Users/gsretikkaprasad/Desktop/Music Data/data/fma_small/133/133976.mp3,True,3
95231,Rock,/Users/gsretikkaprasad/Desktop/Music Data/data/fma_small/095/095231.mp3,True,7
136469,Hip-Hop,/Users/gsretikkaprasad/Desktop/Music Data/data/fma_small/136/136469.mp3,True,6
73561,Electronic,/Users/gsretikkaprasad/Desktop/Music Data/data/fma_small/073/073561.mp3,True,0
113946,Folk,/Users/gsretikkaprasad/Desktop/Music Data/data/fma_small/113/113946.mp3,True,2
77522,Experimental,/Users/gsretikkaprasad/Desktop/Music Data/data/fma_small/077/077522.mp3,True,1
7374,Experimental,/Users/gsretikkaprasad/Desktop/Music Data/data/fma_small/007/007374.mp3,True,1
45392,Instrumental,/Users/gsretikkaprasad/Desktop/Music Data/data/fma_small/045/045392.mp3,True,3
113263,International,/Users/gsretikkaprasad/Desktop/Music Data/data/fma_small/113/113263.mp3,True,4
124916,Electronic,/Users/gsretikkaprasad/Desktop/Music Data/data/fma_small/124/124916.mp3,True,0
84202,Electronic,/Users/gsretikkaprasad/Desktop/Music Data/data/fma_small/084/084202.mp3,True,0
148231,Folk,/Users/gsretikkaprasad/Desktop/Music Data/data/fma_small/148/148231.mp3,True,2
50448,Rock,/Users/gsretikkaprasad/Desktop/Music Data/data/fma_small/050/050448.mp3,True,7
42915,Pop,/Users/gsretikkaprasad/Desktop/Music Data/data/fma_small/042/042915.mp3,True,5
29528,Electronic,/Users/gsretikkaprasad/Desktop/Music Data/data/fma_small/029/029528.mp3,True,0
45103,Electronic,/Users/gsretikkaprasad/Desktop/Music Data/data/fma_small/045/045103.mp3,True,0
117632,Folk,/Users/gsretikkaprasad/Desktop/Music Data/data/fma_small/117/117632.mp3,True,2
19423,Pop,/Users/gsretikkaprasad/Desktop/Music Data/data/fma_small/019/019423.mp3,True,5
26016,Hip-Hop,/Users/gsretikkaprasad/Desktop/Music Data/data/fma_small/026/026016.mp3,True,6
18032,International,/Users/gsretikkaprasad/Desktop/Music Data/data/fma_small/018/018032.mp3,True,4
22295,Hip-Hop,/Users/gsretikkaprasad/Desktop/Music Data/data/fma_small/022/022295.mp3,True,6
132420,Electronic,/Users/gsretikkaprasad/Desktop/Music Data/data/fma_small/132/132420.mp3,True,0
54438,International,/Users/gsretikkaprasad/Desktop/Music Data/data/fma_small/054/054438.mp3,True,4
80004,Folk,/Users/gsretikkaprasad/Desktop/Music Data/data/fma_small/080/080004.mp3,True,2
145068,Rock,/Users/gsretikkaprasad/Desktop/Music Data/data/fma_small/145/145068.mp3,True,7
109357,Rock,/Users/gsretikkaprasad/Desktop/Music Data/data/fma_small/109/109357.mp3,True,7
59667,International,/Users/gsretikkaprasad/Desktop/Music Data/data/fma_small/059/059667.mp3,True,4
118063,Instrumental,/Users/gsretikkaprasad/Desktop/Music Data/data/fma_small/118/118063.mp3,True,3
51268,Pop,/Users/gsretikkaprasad/Desktop/Music Data/data/fma_small/051/051268.mp3,True,5
12061,Folk,/Users/gsretikkaprasad/Desktop/Music Data/data/fma_small/012/012061.mp3,True,2
116874,Folk,/Users/gsretikkaprasad/Desktop/Music Data/data/fma_small/116/116874.mp3,True,2
47201,Experimental,/Users/gsretikkaprasad/Desktop/Music Data/data/fma_small/047/047201.mp3,True,1
10696,Hip-Hop,/Users/gsretikkaprasad/Desktop/Music Data/data/fma_small/010/010696.mp3,True,6
11673,International,/Users/gsretikkaprasad/Desktop/Music Data/data/fma_small/011/011673.mp3,True,4
146683,Hip-Hop,/Users/gsretikkaprasad/Desktop/Music Data/data/fma_small/146/146683.mp3,True,6
62187,International,/Users/gsretikkaprasad/Desktop/Music Data/data/fma_small/062/062187.mp3,True,4
96627,Experimental,/Users/gsretikkaprasad/Desktop/Music Data/data/fma_small/096/096627.mp3,True,1
91797,Folk,/Users/gsretikkaprasad/Desktop/Music Data/data/fma_small/091/091797.mp3,True,2
74669,Rock,/Users/gsretikkaprasad/Desktop/Music Data/data/fma_small/074/074669.mp3,True,7
108846,Hip-Hop,/Users/gsretikkaprasad/Desktop/Music Data/data/fma_small/108/108846.mp3,True,6
120324,Instrumental,/Users/gsretikkaprasad/Desktop/Music Data/data/fma_small/120/120324.mp3,True,3
134794,Instrumental,/Users/gsretikkaprasad/Desktop/Music Data/data/fma_small/134/134794.mp3,True,3
142666,Hip-Hop,/Users/gsretikkaprasad/Desktop/Music Data/data/fma_small/142/142666.mp3,True,6
6854,Folk,/Users/gsretikkaprasad/Desktop/Music Data/data/fma_small/006/006854.mp3,True,2
64515,Hip-Hop,/Users/gsretikkaprasad/Desktop/Music Data/data/fma_small/064/064515.mp3,True,6
134934,International,/Users/gsretikkaprasad/Desktop/Music Data/data/fma_small/134/134934.mp3,True,4
116390,Hip-Hop,/Users/gsretikkaprasad/Desktop/Music Data/data/fma_small/116/116390.mp3,True,6
114238,Instrumental,/Users/gsretikkaprasad/Desktop/Music Data/data/fma_small/114/114238.mp3,True,3
134448,Electronic,/Users/gsretikkaprasad/Desktop/Music Data/data/fma_small/134/134448.mp3,True,0
91205,Rock,/Users/gsretikkaprasad/Desktop/Music Data/data/fma_small/091/091205.mp3,True,7
114066,Electronic,/Users/gsretikkaprasad/Desktop/Music Data/data/fma_small/114/114066.mp3,True,0
3708,Folk,/Users/gsretikkaprasad/Desktop/Music Data/data/fma_small/003/003708.mp3,True,2
118954,Instrumental,/Users/gsretikkaprasad/Desktop/Music Data/data/fma_small/118/118954.mp3,True,3
14737,Rock,/Users/gsretikkaprasad/Desktop/Music Data/data/fma_small/014/014737.mp3,True,7
21087,Folk,/Users/gsretikkaprasad/Desktop/Music Data/data/fma_small/021/021087.mp3,True,2
43535,International,/Users/gsretikkaprasad/Desktop/Music Data/data/fma_small/043/043535.mp3,True,4
105450,Hip-Hop,/Users/gsretikkaprasad/Desktop/Music Data/data/fma_small/105/105450.mp3,True,6
126398,Pop,/Users/gsretikkaprasad/Desktop/Music Data/data/fma_small/126/126398.mp3,True,5
54667,Pop,/Users/gsretikkaprasad/Desktop/Music Data/data/fma_small/054/054667.mp3,True,5
76075,International,/Users/gsretikkaprasad/Desktop/Music Data/data/fma_small/076/076075.mp3,True,4
138068,Pop,/Users/gsretikkaprasad/Desktop/Music Data/data/fma_small/138/138068.mp3,True,5
113027,Pop,/Users/gsretikkaprasad/Desktop/Music Data/data/fma_small/113/113027.mp3,True,5
26643,Rock,/Users/gsretikkaprasad/Desktop/Music Data/data/fma_small/026/026643.mp3,True,7
72047,Folk,/Users/gsretikkaprasad/Desktop/Music Data/data/fma_small/072/072047.mp3,True,2
148217,Folk,/Users/gsretikkaprasad/Desktop/Music Data/data/fma_small/148/148217.mp3,True,2
4838,Rock,/Users/gsretikkaprasad/Desktop/Music Data/data/fma_small/004/004838.mp3,True,7
7393,Experimental,/Users/gsretikkaprasad/Desktop/Music Data/data/fma_small/007/007393.mp3,True,1
46159,Electronic,/Users/gsretikkaprasad/Desktop/Music Data/data/fma_small/046/046159.mp3,True,0
120330,Instrumental,/Users/gsretikkaprasad/Desktop/Music Data/data/fma_small/120/120330.mp3,True,3
85485,Folk,/Users/gsretikkaprasad/Desktop/Music Data/data/fma_small/085/085485.mp3,True,2
99436,Rock,/Users/gsretikkaprasad/Desktop/Music Data/data/fma_small/099/099436.mp3,True,7
89639,Electronic,/Users/gsretikkaprasad/Desktop/Music Data/data/fma_small/089/089639.mp3,True,0
61013,Folk,/Users/gsretikkaprasad/Desktop/Music Data/data/fma_small/061/061013.mp3,True,2
45517,Folk,/Users/gsretikkaprasad/Desktop/Music Data/data/fma_small/045/045517.mp3,True,2
113036,Hip-Hop,/Users/gsretikkaprasad/Desktop/Music Data/data/fma_small/113/113036.mp3,True,6
33538,Rock,/Users/gsretikkaprasad/Desktop/Music Data/data/fma_small/033/033538.mp3,True,7
43843,Folk,/Users/gsretikkaprasad/Desktop/Music Data/data/fma_small/043/043843.mp3,True,2
127623,Pop,/Users/gsretikkaprasad/Desktop/Music Data/data/fma_small/127/127623.mp3,True,5
125187,Folk,/Users/gsretikkaprasad/Desktop/Music Data/data/fma_small/125/125187.mp3,True,2
133968,Instrumental,/Users/gsretikkaprasad/Desktop/Music Data/data/fma_small/133/133968.mp3,True,3
26010,Hip-Hop,/Users/gsretikkaprasad/Desktop/Music Data/data/fma_small/026/026010.mp3,True,6
38783,International,/Users/gsretikkaprasad/Desktop/Music Data/data/fma_small/038/038783.mp3,True,4
116527,Instrumental,/Users/gsretikkaprasad/Desktop/Music Data/data/fma_small/116/116527.mp3,True,3
55709,Rock,/Users/gsretikkaprasad/Desktop/Music Data/data/fma_small/055/055709.mp3,True,7
75927,Hip-Hop,/Users/gsretikkaprasad/Desktop/Music Data/data/fma_small/075/075927.mp3,True,6
62525,International,/Users/gsretikkaprasad/Desktop/Music Data/data/fma_small/062/062525.mp3,True,4
32694,Hip-Hop,/Users/gsretikkaprasad/Desktop/Music Data/data/fma_small/032/032694.mp3,True,6
57273,Experimental,/Users/gsretikkaprasad/Desktop/Music Data/data/fma_small/057/057273.mp3,True,1
84198,Electronic,/Users/gsretikkaprasad/Desktop/Music Data/data/fma_small/084/084198.mp3,True,0
147295,Folk,/Users/gsretikkaprasad/Desktop/Music Data/data/fma_small/147/147295.mp3,True,2
139520,Folk,/Users/gsretikkaprasad/Desktop/Music Data/data/fma_small/139/139520.mp3,True,2
125314,International,/Users/gsretikkaprasad/Desktop/Music Data/data/fma_small/125/125314.mp3,True,4
1277,Experimental,/Users/gsretikkaprasad/Desktop/Music Data/data/fma_small/001/001277.mp3,True,1
9846,Experimental,/Users/gsretikkaprasad/Desktop/Music Data/data/fma_small/009/009846.mp3,True,1
133564,Instrumental,/Users/gsretikkaprasad/Desktop/Music Data/data/fma_small/133/133564.mp3,True,3
66469,Experimental,/Users/gsretikkaprasad/Desktop/Music Data/data/fma_small/066/066469.mp3,True,1
122626,Instrumental,/Users/gsretikkaprasad/Desktop/Music Data/data/fma_small/122/122626.mp3,True,3
111388,Pop,/Users/gsretikkaprasad/Desktop/Music Data/data/fma_small/111/111388.mp3,True,5
68582,Electronic,/Users/gsretikkaprasad/Desktop/Music Data/data/fma_small/068/068582.mp3,True,0
52635,Electronic,/Users/gsretikkaprasad/Desktop/Music Data/data/fma_small/052/052635.mp3,True,0
40232,Folk,/Users/gsretikkaprasad/Desktop/Music Data/data/fma_small/040/040232.mp3,True,2
60037,International,/Users/gsretikkaprasad/Desktop/Music Data/data/fma_small/060/060037.mp3,True,4
125432,Rock,/Users/gsretikkaprasad/Desktop/Music Data/data/fma_small/125/125432.mp3,True,7
139112,Folk,/Users/gsretikkaprasad/Desktop/Music Data/data/fma_small/139/139112.mp3,True,2
133545,Instrumental,/Users/gsretikkaprasad/Desktop/Music Data/data/fma_small/133/133545.mp3,True,3
25033,International,/Users/gsretikkaprasad/Desktop/Music Data/data/fma_small/025/025033.mp3,True,4
69763,Folk,/Users/gsretikkaprasad/Desktop/Music Data/data/fma_small/069/069763.mp3,True,2
55292,Pop,/Users/gsretikkaprasad/Desktop/Music Data/data/fma_small/055/055292.mp3,True,5
24363,International,/Users/gsretikkaprasad/Desktop/Music Data/data/fma_small/024/024363.mp3,True,4
113259,International,/Users/gsretikkaprasad/Desktop/Music Data/data/fma_small/113/113259.mp3,True,4
142566,International,/Users/gsretikkaprasad/Desktop/Music Data/data/fma_small/142/142566.mp3,True,4
89192,Hip-Hop,/Users/gsretikkaprasad/Desktop/Music Data/data/fma_small/089/089192.mp3,True,6
128469,Instrumental,/Users/gsretikkaprasad/Desktop/Music Data/data/fma_small/128/128469.mp3,True,3
148031,Hip-Hop,/Users/gsretikkaprasad/Desktop/Music Data/data/fma_small/148/148031.mp3,True,6
117945,International,/Users/gsretikkaprasad/Desktop/Music Data/data/fma_small/117/117945.mp3,True,4
55832,International,/Users/gsretikkaprasad/Desktop/Music Data/data/fma_small/055/055832.mp3,True,4
80611,Experimental,/Users/gsretikkaprasad/Desktop/Music Data/data/fma_small/080/080611.mp3,True,1
68538,Experimental,/Users/gsretikkaprasad/Desktop/Music Data/data/fma_small/068/068538.mp3,True,1
124180,Instrumental,/Users/gsretikkaprasad/Desktop/Music Data/data/fma_small/124/124180.mp3,True,3
79990,Folk,/Users/gsretikkaprasad/Desktop/Music Data/data/fma_small/079/079990.mp3,True,2
68909,Rock,/Users/gsretikkaprasad/Desktop/Music Data/data/fma_small/068/068909.mp3,True,7
46079,Experimental,/Users/gsretikkaprasad/Desktop/Music Data/data/fma_small/046/046079.mp3,True,1
136324,Electronic,/Users/gsretikkaprasad/Desktop/Music Data/data/fma_small/136/136324.mp3,True,0
127210,Instrumental,/Users/gsretikkaprasad/Desktop/Music Data/data/fma_small/127/127210.mp3,True,3
113023,Pop,/Users/gsretikkaprasad/Desktop/Music Data/data/fma_small/113/113023.mp3,True,5
131552,Rock,/Users/gsretikkaprasad/Desktop/Music Data/data/fma_small/131/131552.mp3,True,7
62165,Pop,/Users/gsretikkaprasad/Desktop/Music Data/data/fma_small/062/062165.mp3,True,5
108812,Hip-Hop,/Users/gsretikkaprasad/Desktop/Music Data/data/fma_small/108/108812.mp3,True,6
75415,Hip-Hop,/Users/gsretikkaprasad/Desktop/Music Data/data/fma_small/075/075415.mp3,True,6
118070,Electronic,/Users/gsretikkaprasad/Desktop/Music Data/data/fma_small/118/118070.mp3,True,0
63803,Hip-Hop,/Users/gsretikkaprasad/Desktop/Music Data/data/fma_small/063/063803.mp3,True,6
141562,Hip-Hop,/Users/gsretikkaprasad/Desktop/Music Data/data/fma_small/141/141562.mp3,True,6
43899,Hip-Hop,/Users/gsretikkaprasad/Desktop/Music Data/data/fma_small/043/043899.mp3,True,6
64410,International,/Users/gsretikkaprasad/Desktop/Music Data/data/fma_small/064/064410.mp3,True,4
131771,Pop,/Users/gsretikkaprasad/Desktop/Music Data/data/fma_small/131/131771.mp3,True,5
5,Hip-Hop,/Users/gsretikkaprasad/Desktop/Music Data/data/fma_small/000/000005.mp3,True,6
99389,International,/Users/gsretikkaprasad/Desktop/Music Data/data/fma_small/099/099389.mp3,True,4
74382,Experimental,/Users/gsretikkaprasad/Desktop/Music Data/data/fma_small/074/074382.mp3,True,1
76131,Pop,/Users/gsretikkaprasad/Desktop/Music Data/data/fma_small/076/076131.mp3,True,5
57442,Experimental,/Users/gsretikkaprasad/Desktop/Music Data/data/fma_small/057/057442.mp3,True,1
95911,Hip-Hop,/Users/gsretikkaprasad/Desktop/Music Data/data/fma_small/095/095911.mp3,True,6
136705,Rock,/Users/gsretikkaprasad/Desktop/Music Data/data/fma_small/136/136705.mp3,True,7
110689,Electronic,/Users/gsretikkaprasad/Desktop/Music Data/data/fma_small/110/110689.mp3,True,0
116456,Folk,/Users/gsretikkaprasad/Desktop/Music Data/data/fma_small/116/116456.mp3,True,2
128666,Hip-Hop,/Users/gsretikkaprasad/Desktop/Music Data/data/fma_small/128/128666.mp3,True,6
148079,International,/Users/gsretikkaprasad/Desktop/Music Data/data/fma_small/148/148079.mp3,True,4
121866,Rock,/Users/gsretikkaprasad/Desktop/Music Data/data/fma_small/121/121866.mp3,True,7
40141,Rock,/Users/gsretikkaprasad/Desktop/Music Data/data/fma_small/040/040141.mp3,True,7
110744,Hip-Hop,/Users/gsretikkaprasad/Desktop/Music Data/data/fma_small/110/110744.mp3,True,6
56031,Experimental,/Users/gsretikkaprasad/Desktop/Music Data/data/fma_small/056/056031.mp3,True,1
90570,Pop,/Users/gsretikkaprasad/Desktop/Music Data/data/fma_small/090/090570.mp3,True,5
3722,Rock,/Users/gsretikkaprasad/Desktop/Music Data/data/fma_small/003/003722.mp3,True,7
109906,Folk,/Users/gsretikkaprasad/Desktop/Music Data/data/fma_small/109/109906.mp3,True,2
110106,Electronic,/Users/gsretikkaprasad/Desktop/Music Data/data/fma_small/110/110106.mp3,True,0
35296,Electronic,/Users/gsretikkaprasad/Desktop/Music Data/data/fma_small/035/035296.mp3,True,0
145609,Rock,/Users/gsretikkaprasad/Desktop/Music Data/data/fma_small/145/145609.mp3,True,7
149139,Instrumental,/Users/gsretikkaprasad/Desktop/Music Data/data/fma_small/149/149139.mp3,True,3
65779,Electronic,/Users/gsretikkaprasad/Desktop/Music Data/data/fma_small/065/065779.mp3,True,0
53229,Pop,/Users/gsretikkaprasad/Desktop/Music Data/data/fma_small/053/053229.mp3,True,5
108863,International,/Users/gsretikkaprasad/Desktop/Music Data/data/fma_small/108/108863.mp3,True,4
59725,International,/Users/gsretikkaprasad/Desktop/Music Data/data/fma_small/059/059725.mp3,True,4
133433,Instrumental,/Users/gsretikkaprasad/Desktop/Music Data/data/fma_small/133/133433.mp3,True,3
55436,Pop,/Users/gsretikkaprasad/Desktop/Music Data/data/fma_small/055/055436.mp3,True,5
108500,Hip-Hop,/Users/gsretikkaprasad/Desktop/Music Data/data/fma_small/108/108500.mp3,True,6
107434,Electronic,/Users/gsretikkaprasad/Desktop/Music Data/data/fma_small/107/107434.mp3,True,0
53724,International,/Users/gsretikkaprasad/Desktop/Music Data/data/fma_small/053/053724.mp3,True,4
132561,Instrumental,/Users/gsretikkaprasad/Desktop/Music Data/data/fma_small/132/132561.mp3,True,3
75755,Hip-Hop,/Users/gsretikkaprasad/Desktop/Music Data/data/fma_small/075/075755.mp3,True,6
75310,Pop,/Users/gsretikkaprasad/Desktop/Music Data/data/fma_small/075/075310.mp3,True,5
116468,Instrumental,/Users/gsretikkaprasad/Desktop/Music Data/data/fma_small/116/116468.mp3,True,3
108843,Hip-Hop,/Users/gsretikkaprasad/Desktop/Music Data/data/fma_small/108/108843.mp3,True,6
59718,International,/Users/gsretikkaprasad/Desktop/Music Data/data/fma_small/059/059718.mp3,True,4
71174,Hip-Hop,/Users/gsretikkaprasad/Desktop/Music Data/data/fma_small/071/071174.mp3,True,6
116243,Electronic,/Users/gsretikkaprasad/Desktop/Music Data/data/fma_small/116/116243.mp3,True,0
64861,Experimental,/Users/gsretikkaprasad/Desktop/Music Data/data/fma_small/064/064861.mp3,True,1
78850,Hip-Hop,/Users/gsretikkaprasad/Desktop/Music Data/data/fma_small/078/078850.mp3,True,6
67232,Hip-Hop,/Users/gsretikkaprasad/Desktop/Music Data/data/fma_small/067/067232.mp3,True,6
116446,Folk,/Users/gsretikkaprasad/Desktop/Music Data/data/fma_small/116/116446.mp3,True,2
11764,Hip-Hop,/Users/gsretikkaprasad/Desktop/Music Data/data/fma_small/011/011764.mp3,True,6
69746,Pop,/Users/gsretikkaprasad/Desktop/Music Data/data/fma_small/069/069746.mp3,True,5
93523,Electronic,/Users/gsretikkaprasad/Desktop/Music Data/data/fma_small/093/093523.mp3,True,0
149842,Experimental,/Users/gsretikkaprasad/Desktop/Music Data/data/fma_small/149/149842.mp3,True,1
56274,Pop,/Users/gsretikkaprasad/Desktop/Music Data/data/fma_small/056/056274.mp3,True,5
153337,Hip-Hop,/Users/gsretikkaprasad/Desktop/Music Data/data/fma_small/153/153337.mp3,True,6
57697,International,/Users/gsretikkaprasad/Desktop/Music Data/data/fma_small/057/057697.mp3,True,4
26642,Rock,/Users/gsretikkaprasad/Desktop/Music Data/data/fma_small/026/026642.mp3,True,7
85424,Pop,/Users/gsretikkaprasad/Desktop/Music Data/data/fma_small/085/085424.mp3,True,5
84788,Rock,/Users/gsretikkaprasad/Desktop/Music Data/data/fma_small/084/084788.mp3,True,7
131166,Rock,/Users/gsretikkaprasad/Desktop/Music Data/data/fma_small/131/131166.mp3,True,7
106954,Rock,/Users/gsretikkaprasad/Desktop/Music Data/data/fma_small/106/106954.mp3,True,7
67637,Electronic,/Users/gsretikkaprasad/Desktop/Music Data/data/fma_small/067/067637.mp3,True,0
69193,Electronic,/Users/gsretikkaprasad/Desktop/Music Data/data/fma_small/069/069193.mp3,True,0
26169,Pop,/Users/gsretikkaprasad/Desktop/Music Data/data/fma_small/026/026169.mp3,True,5
26674,Rock,/Users/gsretikkaprasad/Desktop/Music Data/data/fma_small/026/026674.mp3,True,7
114384,Electronic,/Users/gsretikkaprasad/Desktop/Music Data/data/fma_small/114/114384.mp3,True,0
142096,Instrumental,/Users/gsretikkaprasad/Desktop/Music Data/data/fma_small/142/142096.mp3,True,3
26014,Hip-Hop,/Users/gsretikkaprasad/Desktop/Music Data/data/fma_small/026/026014.mp3,True,6
64857,Experimental,/Users/gsretikkaprasad/Desktop/Music Data/data/fma_small/064/064857.mp3,True,1
45390,Instrumental,/Users/gsretikkaprasad/Desktop/Music Data/data/fma_small/045/045390.mp3,True,3
19422,Pop,/Users/gsretikkaprasad/Desktop/Music Data/data/fma_small/019/019422.mp3,True,5
30702,Experimental,/Users/gsretikkaprasad/Desktop/Music Data/data/fma_small/030/030702.mp3,True,1
72456,Rock,/Users/gsretikkaprasad/Desktop/Music Data/data/fma_small/072/072456.mp3,True,7
85484,Folk,/Users/gsretikkaprasad/Desktop/Music Data/data/fma_small/085/085484.mp3,True,2
69222,Electronic,/Users/gsretikkaprasad/Desktop/Music Data/data/fma_small/069/069222.mp3,True,0
4511,International,/Users/gsretikkaprasad/Desktop/Music Data/data/fma_small/004/004511.mp3,True,4
50264,Hip-Hop,/Users/gsretikkaprasad/Desktop/Music Data/data/fma_small/050/050264.mp3,True,6
47707,Experimental,/Users/gsretikkaprasad/Desktop/Music Data/data/fma_small/047/047707.mp3,True,1
108025,Instrumental,/Users/gsretikkaprasad/Desktop/Music Data/data/fma_small/108/108025.mp3,True,3
43596,International,/Users/gsretikkaprasad/Desktop/Music Data/data/fma_small/043/043596.mp3,True,4
115932,Folk,/Users/gsretikkaprasad/Desktop/Music Data/data/fma_small/115/115932.mp3,True,2
108885,Instrumental,/Users/gsretikkaprasad/Desktop/Music Data/data/fma_small/108/108885.mp3,True,3
116236,Electronic,/Users/gsretikkaprasad/Desktop/Music Data/data/fma_small/116/116236.mp3,True,0
96399,Rock,/Users/gsretikkaprasad/Desktop/Music Data/data/fma_small/096/096399.mp3,True,7
128816,Instrumental,/Users/gsretikkaprasad/Desktop/Music Data/data/fma_small/128/128816.mp3,True,3
131326,Instrumental,/Users/gsretikkaprasad/Desktop/Music Data/data/fma_small/131/131326.mp3,True,3
127037,Instrumental,/Users/gsretikkaprasad/Desktop/Music Data/data/fma_small/127/127037.mp3,True,3
80758,International,/Users/gsretikkaprasad/Desktop/Music Data/data/fma_small/080/080758.mp3,True,4
29039,Electronic,/Users/gsretikkaprasad/Desktop/Music Data/data/fma_small/029/029039.mp3,True,0
73585,Folk,/Users/gsretikkaprasad/Desktop/Music Data/data/fma_small/073/073585.mp3,True,2
111391,Pop,/Users/gsretikkaprasad/Desktop/Music Data/data/fma_small/111/111391.mp3,True,5
112785,Experimental,/Users/gsretikkaprasad/Desktop/Music Data/data/fma_small/112/112785.mp3,True,1
112587,Experimental,/Users/gsretikkaprasad/Desktop/Music Data/data/fma_small/112/112587.mp3,True,1
104010,Folk,/Users/gsretikkaprasad/Desktop/Music Data/data/fma_small/104/104010.mp3,True,2
6461,Folk,/Users/gsretikkaprasad/Desktop/Music Data/data/fma_small/006/006461.mp3,True,2
6333,International,/Users/gsretikkaprasad/Desktop/Music Data/data/fma_small/006/006333.mp3,True,4
88900,Rock,/Users/gsretikkaprasad/Desktop/Music Data/data/fma_small/088/088900.mp3,True,7
127192,Folk,/Users/gsretikkaprasad/Desktop/Music Data/data/fma_small/127/127192.mp3,True,2
11299,Hip-Hop,/Users/gsretikkaprasad/Desktop/Music Data/data/fma_small/011/011299.mp3,True,6
62163,Pop,/Users/gsretikkaprasad/Desktop/Music Data/data/fma_small/062/062163.mp3,True,5
83960,Experimental,/Users/gsretikkaprasad/Desktop/Music Data/data/fma_small/083/083960.mp3,True,1
24425,Hip-Hop,/Users/gsretikkaprasad/Desktop/Music Data/data/fma_small/024/024425.mp3,True,6
103521,Instrumental,/Users/gsretikkaprasad/Desktop/Music Data/data/fma_small/103/103521.mp3,True,3
118484,Experimental,/Users/gsretikkaprasad/Desktop/Music Data/data/fma_small/118/118484.mp3,True,1
122651,Instrumental,/Users/gsretikkaprasad/Desktop/Music Data/data/fma_small/122/122651.mp3,True,3
114392,Electronic,/Users/gsretikkaprasad/Desktop/Music Data/data/fma_small/114/114392.mp3,True,0
122645,Instrumental,/Users/gsretikkaprasad/Desktop/Music Data/data/fma_small/122/122645.mp3,True,3
11933,Rock,/Users/gsretikkaprasad/Desktop/Music Data/data/fma_small/011/011933.mp3,True,7
146148,Hip-Hop,/Users/gsretikkaprasad/Desktop/Music Data/data/fma_small/146/146148.mp3,True,6
54163,Rock,/Users/gsretikkaprasad/Desktop/Music Data/data/fma_small/054/054163.mp3,True,7
74386,Experimental,/Users/gsretikkaprasad/Desktop/Music Data/data/fma_small/074/074386.mp3,True,1
128758,Electronic,/Users/gsretikkaprasad/Desktop/Music Data/data/fma_small/128/128758.mp3,True,0
704,International,/Users/gsretikkaprasad/Desktop/Music Data/data/fma_small/000/000704.mp3,True,4
126674,Rock,/Users/gsretikkaprasad/Desktop/Music Data/data/fma_small/126/126674.mp3,True,7
152324,Pop,/Users/gsretikkaprasad/Desktop/Music Data/data/fma_small/152/152324.mp3,True,5
51158,Experimental,/Users/gsretikkaprasad/Desktop/Music Data/data/fma_small/051/051158.mp3,True,1
111460,Experimental,/Users/gsretikkaprasad/Desktop/Music Data/data/fma_small/111/111460.mp3,True,1
11919,Hip-Hop,/Users/gsretikkaprasad/Desktop/Music Data/data/fma_small/011/011919.mp3,True,6
12531,Hip-Hop,/Users/gsretikkaprasad/Desktop/Music Data/data/fma_small/012/012531.mp3,True,6
123099,Folk,/Users/gsretikkaprasad/Desktop/Music Data/data/fma_small/123/123099.mp3,True,2
132954,Hip-Hop,/Users/gsretikkaprasad/Desktop/Music Data/data/fma_small/132/132954.mp3,True,6
107050,Pop,/Users/gsretikkaprasad/Desktop/Music Data/data/fma_small/107/107050.mp3,True,5
28802,Pop,/Users/gsretikkaprasad/Desktop/Music Data/data/fma_small/028/028802.mp3,True,5
30230,Hip-Hop,/Users/gsretikkaprasad/Desktop/Music Data/data/fma_small/030/030230.mp3,True,6
85838,Electronic,/Users/gsretikkaprasad/Desktop/Music Data/data/fma_small/085/085838.mp3,True,0
1883,Rock,/Users/gsretikkaprasad/Desktop/Music Data/data/fma_small/001/001883.mp3,True,7
131794,Instrumental,/Users/gsretikkaprasad/Desktop/Music Data/data/fma_small/131/131794.mp3,True,3
85791,Rock,/Users/gsretikkaprasad/Desktop/Music Data/data/fma_small/085/085791.mp3,True,7
108306,Folk,/Users/gsretikkaprasad/Desktop/Music Data/data/fma_small/108/108306.mp3,True,2
110775,Hip-Hop,/Users/gsretikkaprasad/Desktop/Music Data/data/fma_small/110/110775.mp3,True,6
38321,International,/Users/gsretikkaprasad/Desktop/Music Data/data/fma_small/038/038321.mp3,True,4
1661,Pop,/Users/gsretikkaprasad/Desktop/Music Data/data/fma_small/001/001661.mp3,True,5
48488,International,/Users/gsretikkaprasad/Desktop/Music Data/data/fma_small/048/048488.mp3,True,4
131903,Folk,/Users/gsretikkaprasad/Desktop/Music Data/data/fma_small/131/131903.mp3,True,2
99707,Electronic,/Users/gsretikkaprasad/Desktop/Music Data/data/fma_small/099/099707.mp3,True,0
36097,Electronic,/Users/gsretikkaprasad/Desktop/Music Data/data/fma_small/036/036097.mp3,True,0
115724,Electronic,/Users/gsretikkaprasad/Desktop/Music Data/data/fma_small/115/115724.mp3,True,0
3912,Folk,/Users/gsretikkaprasad/Desktop/Music Data/data/fma_small/003/003912.mp3,True,2
104356,Folk,/Users/gsretikkaprasad/Desktop/Music Data/data/fma_small/104/104356.mp3,True,2
127273,Pop,/Users/gsretikkaprasad/Desktop/Music Data/data/fma_small/127/127273.mp3,True,5
138416,Folk,/Users/gsretikkaprasad/Desktop/Music Data/data/fma_small/138/138416.mp3,True,2
107577,Folk,/Users/gsretikkaprasad/Desktop/Music Data/data/fma_small/107/107577.mp3,True,2
120518,Rock,/Users/gsretikkaprasad/Desktop/Music Data/data/fma_small/120/120518.mp3,True,7
31040,Electronic,/Users/gsretikkaprasad/Desktop/Music Data/data/fma_small/031/031040.mp3,True,0
1689,International,/Users/gsretikkaprasad/Desktop/Music Data/data/fma_small/001/001689.mp3,True,4
99371,International,/Users/gsretikkaprasad/Desktop/Music Data/data/fma_small/099/099371.mp3,True,4
108461,Pop,/Users/gsretikkaprasad/Desktop/Music Data/data/fma_small/108/108461.mp3,True,5
81523,Instrumental,/Users/gsretikkaprasad/Desktop/Music Data/data/fma_small/081/081523.mp3,True,3
108867,International,/Users/gsretikkaprasad/Desktop/Music Data/data/fma_small/108/108867.mp3,True,4
68683,Electronic,/Users/gsretikkaprasad/Desktop/Music Data/data/fma_small/068/068683.mp3,True,0
47865,Folk,/Users/gsretikkaprasad/Desktop/Music Data/data/fma_small/047/047865.mp3,True,2
62164,Pop,/Users/gsretikkaprasad/Desktop/Music Data/data/fma_small/062/062164.mp3,True,5
36997,Hip-Hop,/Users/gsretikkaprasad/Desktop/Music Data/data/fma_small/036/036997.mp3,True,6
122623,Instrumental,/Users/gsretikkaprasad/Desktop/Music Data/data/fma_small/122/122623.mp3,True,3
46842,Pop,/Users/gsretikkaprasad/Desktop/Music Data/data/fma_small/046/046842.mp3,True,5
91329,Rock,/Users/gsretikkaprasad/Desktop/Music Data/data/fma_small/091/091329.mp3,True,7
112020,Rock,/Users/gsretikkaprasad/Desktop/Music Data/data/fma_small/112/112020.mp3,True,7
107250,International,/Users/gsretikkaprasad/Desktop/Music Data/data/fma_small/107/107250.mp3,True,4
14344,Electronic,/Users/gsretikkaprasad/Desktop/Music Data/data/fma_small/014/014344.mp3,True,0
127275,Pop,/Users/gsretikkaprasad/Desktop/Music Data/data/fma_small/127/127275.mp3,True,5
138018,Instrumental,/Users/gsretikkaprasad/Desktop/Music Data/data/fma_small/138/138018.mp3,True,3
38820,International,/Users/gsretikkaprasad/Desktop/Music Data/data/fma_small/038/038820.mp3,True,4
65488,Electronic,/Users/gsretikkaprasad/Desktop/Music Data/data/fma_small/065/065488.mp3,True,0
47663,Folk,/Users/gsretikkaprasad/Desktop/Music Data/data/fma_small/047/047663.mp3,True,2
143295,Instrumental,/Users/gsretikkaprasad/Desktop/Music Data/data/fma_small/143/143295.mp3,True,3
33050,Folk,/Users/gsretikkaprasad/Desktop/Music Data/data/fma_small/033/033050.mp3,True,2
145746,Hip-Hop,/Users/gsretikkaprasad/Desktop/Music Data/data/fma_small/145/145746.mp3,True,6
14583,Instrumental,/Users/gsretikkaprasad/Desktop/Music Data/data/fma_small/014/014583.mp3,True,3
113512,Rock,/Users/gsretikkaprasad/Desktop/Music Data/data/fma_small/113/113512.mp3,True,7
65745,Hip-Hop,/Users/gsretikkaprasad/Desktop/Music Data/data/fma_small/065/065745.mp3,True,6
18350,Folk,/Users/gsretikkaprasad/Desktop/Music Data/data/fma_small/018/018350.mp3,True,2
119569,Rock,/Users/gsretikkaprasad/Desktop/Music Data/data/fma_small/119/119569.mp3,True,7
62589,International,/Users/gsretikkaprasad/Desktop/Music Data/data/fma_small/062/062589.mp3,True,4
63805,Hip-Hop,/Users/gsretikkaprasad/Desktop/Music Data/data/fma_small/063/063805.mp3,True,6
16745,International,/Users/gsretikkaprasad/Desktop/Music Data/data/fma_small/016/016745.mp3,True,4
28484,Pop,/Users/gsretikkaprasad/Desktop/Music Data/data/fma_small/028/028484.mp3,True,5
119940,Hip-Hop,/Users/gsretikkaprasad/Desktop/Music Data/data/fma_small/119/119940.mp3,True,6
37784,Experimental,/Users/gsretikkaprasad/Desktop/Music Data/data/fma_small/037/037784.mp3,True,1
43019,International,/Users/gsretikkaprasad/Desktop/Music Data/data/fma_small/043/043019.mp3,True,4
144945,Pop,/Users/gsretikkaprasad/Desktop/Music Data/data/fma_small/144/144945.mp3,True,5
122806,Pop,/Users/gsretikkaprasad/Desktop/Music Data/data/fma_small/122/122806.mp3,True,5
82780,Hip-Hop,/Users/gsretikkaprasad/Desktop/Music Data/data/fma_small/082/082780.mp3,True,6
133015,Electronic,/Users/gsretikkaprasad/Desktop/Music Data/data/fma_small/133/133015.mp3,True,0
14542,Hip-Hop,/Users/gsretikkaprasad/Desktop/Music Data/data/fma_small/014/014542.mp3,True,6
118276,Experimental,/Users/gsretikkaprasad/Desktop/Music Data/data/fma_small/118/118276.mp3,True,1
540,Folk,/Users/gsretikkaprasad/Desktop/Music Data/data/fma_small/000/000540.mp3,True,2
70878,Pop,/Users/gsretikkaprasad/Desktop/Music Data/data/fma_small/070/070878.mp3,True,5
43911,Hip-Hop,/Users/gsretikkaprasad/Desktop/Music Data/data/fma_small/043/043911.mp3,True,6
147021,Hip-Hop,/Users/gsretikkaprasad/Desktop/Music Data/data/fma_small/147/147021.mp3,True,6
93921,Instrumental,/Users/gsretikkaprasad/Desktop/Music Data/data/fma_small/093/093921.mp3,True,3
16821,Rock,/Users/gsretikkaprasad/Desktop/Music Data/data/fma_small/016/016821.mp3,True,7
130964,Folk,/Users/gsretikkaprasad/Desktop/Music Data/data/fma_small/130/130964.mp3,True,2
108838,Hip-Hop,/Users/gsretikkaprasad/Desktop/Music Data/data/fma_small/108/108838.mp3,True,6
38878,Electronic,/Users/gsretikkaprasad/Desktop/Music Data/data/fma_small/038/038878.mp3,True,0
93076,Folk,/Users/gsretikkaprasad/Desktop/Music Data/data/fma_small/093/093076.mp3,True,2
98236,Instrumental,/Users/gsretikkaprasad/Desktop/Music Data/data/fma_small/098/098236.mp3,True,3
109712,Experimental,/Users/gsretikkaprasad/Desktop/Music Data/data/fma_small/109/109712.mp3,True,1
140934,Electronic,/Users/gsretikkaprasad/Desktop/Music Data/data/fma_small/140/140934.mp3,True,0
137551,Experimental,/Users/gsretikkaprasad/Desktop/Music Data/data/fma_small/137/137551.mp3,True,1
52040,Pop,/Users/gsretikkaprasad/Desktop/Music Data/data/fma_small/052/052040.mp3,True,5
131984,Instrumental,/Users/gsretikkaprasad/Desktop/Music Data/data/fma_small/131/131984.mp3,True,3
80293,Hip-Hop,/Users/gsretikkaprasad/Desktop/Music Data/data/fma_small/080/080293.mp3,True,6
72476,Pop,/Users/gsretikkaprasad/Desktop/Music Data/data/fma_small/072/072476.mp3,True,5
69210,Electronic,/Users/gsretikkaprasad/Desktop/Music Data/data/fma_small/069/069210.mp3,True,0
6607,Hip-Hop,/Users/gsretikkaprasad/Desktop/Music Data/data/fma_small/006/006607.mp3,True,6
116706,Folk,/Users/gsretikkaprasad/Desktop/Music Data/data/fma_small/116/116706.mp3,True,2
107126,Electronic,/Users/gsretikkaprasad/Desktop/Music Data/data/fma_small/107/107126.mp3,True,0
3725,Rock,/Users/gsretikkaprasad/Desktop/Music Data/data/fma_small/003/003725.mp3,True,7
113334,Electronic,/Users/gsretikkaprasad/Desktop/Music Data/data/fma_small/113/113334.mp3,True,0
114223,Instrumental,/Users/gsretikkaprasad/Desktop/Music Data/data/fma_small/114/114223.mp3,True,3
38365,International,/Users/gsretikkaprasad/Desktop/Music Data/data/fma_small/038/038365.mp3,True,4
145730,Hip-Hop,/Users/gsretikkaprasad/Desktop/Music Data/data/fma_small/145/145730.mp3,True,6
107182,International,/Users/gsretikkaprasad/Desktop/Music Data/data/fma_small/107/107182.mp3,True,4
123647,Hip-Hop,/Users/gsretikkaprasad/Desktop/Music Data/data/fma_small/123/123647.mp3,True,6
127155,Experimental,/Users/gsretikkaprasad/Desktop/Music Data/data/fma_small/127/127155.mp3,True,1
146150,Hip-Hop,/Users/gsretikkaprasad/Desktop/Music Data/data/fma_small/146/146150.mp3,True,6
25797,International,/Users/gsretikkaprasad/Desktop/Music Data/data/fma_small/025/025797.mp3,True,4
70660,Hip-Hop,/Users/gsretikkaprasad/Desktop/Music Data/data/fma_small/070/070660.mp3,True,6
139775,Instrumental,/Users/gsretikkaprasad/Desktop/Music Data/data/fma_small/139/139775.mp3,True,3
56795,Electronic,/Users/gsretikkaprasad/Desktop/Music Data/data/fma_small/056/056795.mp3,True,0
59443,Pop,/Users/gsretikkaprasad/Desktop/Music Data/data/fma_small/059/059443.mp3,True,5
49029,Folk,/Users/gsretikkaprasad/Desktop/Music Data/data/fma_small/049/049029.mp3,True,2
136707,Rock,/Users/gsretikkaprasad/Desktop/Music Data/data/fma_small/136/136707.mp3,True,7
98668,International,/Users/gsretikkaprasad/Desktop/Music Data/data/fma_small/098/098668.mp3,True,4
4067,Folk,/Users/gsretikkaprasad/Desktop/Music Data/data/fma_small/004/004067.mp3,True,2
113260,International,/Users/gsretikkaprasad/Desktop/Music Data/data/fma_small/113/113260.mp3,True,4
92536,Folk,/Users/gsretikkaprasad/Desktop/Music Data/data/fma_small/092/092536.mp3,True,2
120189,Pop,/Users/gsretikkaprasad/Desktop/Music Data/data/fma_small/120/120189.mp3,True,5
135089,Experimental,/Users/gsretikkaprasad/Desktop/Music Data/data/fma_small/135/135089.mp3,True,1
90278,Experimental,/Users/gsretikkaprasad/Desktop/Music Data/data/fma_small/090/090278.mp3,True,1
124479,Pop,/Users/gsretikkaprasad/Desktop/Music Data/data/fma_small/124/124479.mp3,True,5
26012,Hip-Hop,/Users/gsretikkaprasad/Desktop/Music Data/data/fma_small/026/026012.mp3,True,6
113788,Instrumental,/Users/gsretikkaprasad/Desktop/Music Data/data/fma_small/113/113788.mp3,True,3
70002,Experimental,/Users/gsretikkaprasad/Desktop/Music Data/data/fma_small/070/070002.mp3,True,1
77523,Experimental,/Users/gsretikkaprasad/Desktop/Music Data/data/fma_small/077/077523.mp3,True,1
133024,Electronic,/Users/gsretikkaprasad/Desktop/Music Data/data/fma_small/133/133024.mp3,True,0
3271,Folk,/Users/gsretikkaprasad/Desktop/Music Data/data/fma_small/003/003271.mp3,True,2
137172,Instrumental,/Users/gsretikkaprasad/Desktop/Music Data/data/fma_small/137/137172.mp3,True,3
5268,Hip-Hop,/Users/gsretikkaprasad/Desktop/Music Data/data/fma_small/005/005268.mp3,True,6
129190,Instrumental,/Users/gsretikkaprasad/Desktop/Music Data/data/fma_small/129/129190.mp3,True,3
113261,International,/Users/gsretikkaprasad/Desktop/Music Data/data/fma_small/113/113261.mp3,True,4
144942,Pop,/Users/gsretikkaprasad/Desktop/Music Data/data/fma_small/144/144942.mp3,True,5
10682,Folk,/Users/gsretikkaprasad/Desktop/Music Data/data/fma_small/010/010682.mp3,True,2
63149,Experimental,/Users/gsretikkaprasad/Desktop/Music Data/data/fma_small/063/063149.mp3,True,1
81613,Instrumental,/Users/gsretikkaprasad/Desktop/Music Data/data/fma_small/081/081613.mp3,True,3
100835,Electronic,/Users/gsretikkaprasad/Desktop/Music Data/data/fma_small/100/100835.mp3,True,0
69206,Electronic,/Users/gsretikkaprasad/Desktop/Music Data/data/fma_small/069/069206.mp3,True,0
130693,Rock,/Users/gsretikkaprasad/Desktop/Music Data/data/fma_small/130/130693.mp3,True,7
213,Pop,/Users/gsretikkaprasad/Desktop/Music Data/data/fma_small/000/000213.mp3,True,5
48046,Experimental,/Users/gsretikkaprasad/Desktop/Music Data/data/fma_small/048/048046.mp3,True,1
68536,Experimental,/Users/gsretikkaprasad/Desktop/Music Data/data/fma_small/068/068536.mp3,True,1
148028,Hip-Hop,/Users/gsretikkaprasad/Desktop/Music Data/data/fma_small/148/148028.mp3,True,6
106564,Rock,/Users/gsretikkaprasad/Desktop/Music Data/data/fma_small/106/106564.mp3,True,7
120776,Instrumental,/Users/gsretikkaprasad/Desktop/Music Data/data/fma_small/120/120776.mp3,True,3
61736,Pop,/Users/gsretikkaprasad/Desktop/Music Data/data/fma_small/061/061736.mp3,True,5
85318,Electronic,/Users/gsretikkaprasad/Desktop/Music Data/data/fma_small/085/085318.mp3,True,0
74706,Rock,/Users/gsretikkaprasad/Desktop/Music Data/data/fma_small/074/074706.mp3,True,7
38362,Folk,/Users/gsretikkaprasad/Desktop/Music Data/data/fma_small/038/038362.mp3,True,2
75403,Hip-Hop,/Users/gsretikkaprasad/Desktop/Music Data/data/fma_small/075/075403.mp3,True,6
141074,Instrumental,/Users/gsretikkaprasad/Desktop/Music Data/data/fma_small/141/141074.mp3,True,3
122578,Pop,/Users/gsretikkaprasad/Desktop/Music Data/data/fma_small/122/122578.mp3,True,5
126608,Experimental,/Users/gsretikkaprasad/Desktop/Music Data/data/fma_small/126/126608.mp3,True,1
91443,Folk,/Users/gsretikkaprasad/Desktop/Music Data/data/fma_small/091/091443.mp3,True,2
94467,Hip-Hop,/Users/gsretikkaprasad/Desktop/Music Data/data/fma_small/094/094467.mp3,True,6
117161,Instrumental,/Users/gsretikkaprasad/Desktop/Music Data/data/fma_small/117/117161.mp3,True,3
25104,Pop,/Users/gsretikkaprasad/Desktop/Music Data/data/fma_small/025/025104.mp3,True,5
14743,Rock,/Users/gsretikkaprasad/Desktop/Music Data/data/fma_small/014/014743.mp3,True,7
140609,Hip-Hop,/Users/gsretikkaprasad/Desktop/Music Data/data/fma_small/140/140609.mp3,True,6
12351,Folk,/Users/gsretikkaprasad/Desktop/Music Data/data/fma_small/012/012351.mp3,True,2
140134,Electronic,/Users/gsretikkaprasad/Desktop/Music Data/data/fma_small/140/140134.mp3,True,0
9678,Experimental,/Users/gsretikkaprasad/Desktop/Music Data/data/fma_small/009/009678.mp3,True,1
109537,Electronic,/Users/gsretikkaprasad/Desktop/Music Data/data/fma_small/109/109537.mp3,True,0
131917,Instrumental,/Users/gsretikkaprasad/Desktop/Music Data/data/fma_small/131/131917.mp3,True,3
56493,Hip-Hop,/Users/gsretikkaprasad/Desktop/Music Data/data/fma_small/056/056493.mp3,True,6
55786,Electronic,/Users/gsretikkaprasad/Desktop/Music Data/data/fma_small/055/055786.mp3,True,0
124518,Experimental,/Users/gsretikkaprasad/Desktop/Music Data/data/fma_small/124/124518.mp3,True,1
59680,International,/Users/gsretikkaprasad/Desktop/Music Data/data/fma_small/059/059680.mp3,True,4
126354,Pop,/Users/gsretikkaprasad/Desktop/Music Data/data/fma_small/126/126354.mp3,True,5
41192,Folk,/Users/gsretikkaprasad/Desktop/Music Data/data/fma_small/041/041192.mp3,True,2
111375,Pop,/Users/gsretikkaprasad/Desktop/Music Data/data/fma_small/111/111375.mp3,True,5
138039,Pop,/Users/gsretikkaprasad/Desktop/Music Data/data/fma_small/138/138039.mp3,True,5
71254,Hip-Hop,/Users/gsretikkaprasad/Desktop/Music Data/data/fma_small/071/071254.mp3,True,6
130454,Hip-Hop,/Users/gsretikkaprasad/Desktop/Music Data/data/fma_small/130/130454.mp3,True,6
85973,Folk,/Users/gsretikkaprasad/Desktop/Music Data/data/fma_small/085/085973.mp3,True,2
106953,Rock,/Users/gsretikkaprasad/Desktop/Music Data/data/fma_small/106/106953.mp3,True,7
60477,Hip-Hop,/Users/gsretikkaprasad/Desktop/Music Data/data/fma_small/060/060477.mp3,True,6
40245,Folk,/Users/gsretikkaprasad/Desktop/Music Data/data/fma_small/040/040245.mp3,True,2
111224,Instrumental,/Users/gsretikkaprasad/Desktop/Music Data/data/fma_small/111/111224.mp3,True,3
107389,Rock,/Users/gsretikkaprasad/Desktop/Music Data/data/fma_small/107/107389.mp3,True,7
107913,Electronic,/Users/gsretikkaprasad/Desktop/Music Data/data/fma_small/107/107913.mp3,True,0
1427,Rock,/Users/gsretikkaprasad/Desktop/Music Data/data/fma_small/001/001427.mp3,True,7
25031,International,/Users/gsretikkaprasad/Desktop/Music Data/data/fma_small/025/025031.mp3,True,4
76036,Experimental,/Users/gsretikkaprasad/Desktop/Music Data/data/fma_small/076/076036.mp3,True,1
131773,Pop,/Users/gsretikkaprasad/Desktop/Music Data/data/fma_small/131/131773.mp3,True,5
69767,Folk,/Users/gsretikkaprasad/Desktop/Music Data/data/fma_small/069/069767.mp3,True,2
85950,Pop,/Users/gsretikkaprasad/Desktop/Music Data/data/fma_small/085/085950.mp3,True,5
68852,Folk,/Users/gsretikkaprasad/Desktop/Music Data/data/fma_small/068/068852.mp3,True,2
104227,Rock,/Users/gsretikkaprasad/Desktop/Music Data/data/fma_small/104/104227.mp3,True,7
63755,Hip-Hop,/Users/gsretikkaprasad/Desktop/Music Data/data/fma_small/063/063755.mp3,True,6
137990,Folk,/Users/gsretikkaprasad/Desktop/Music Data/data/fma_small/137/137990.mp3,True,2
15488,International,/Users/gsretikkaprasad/Desktop/Music Data/data/fma_small/015/015488.mp3,True,4
91177,International,/Users/gsretikkaprasad/Desktop/Music Data/data/fma_small/091/091177.mp3,True,4
149727,Instrumental,/Users/gsretikkaprasad/Desktop/Music Data/data/fma_small/149/149727.mp3,True,3
70426,Pop,/Users/gsretikkaprasad/Desktop/Music Data/data/fma_small/070/070426.mp3,True,5
54019,Experimental,/Users/gsretikkaprasad/Desktop/Music Data/data/fma_small/054/054019.mp3,True,1
131940,International,/Users/gsretikkaprasad/Desktop/Music Data/data/fma_small/131/131940.mp3,True,4
62003,Instrumental,/Users/gsretikkaprasad/Desktop/Music Data/data/fma_small/062/062003.mp3,True,3
72215,Electronic,/Users/gsretikkaprasad/Desktop/Music Data/data/fma_small/072/072215.mp3,True,0
11862,Hip-Hop,/Users/gsretikkaprasad/Desktop/Music Data/data/fma_small/011/011862.mp3,True,6
9491,Rock,/Users/gsretikkaprasad/Desktop/Music Data/data/fma_small/009/009491.mp3,True,7
113167,Folk,/Users/gsretikkaprasad/Desktop/Music Data/data/fma_small/113/113167.mp3,True,2
6778,Rock,/Users/gsretikkaprasad/Desktop/Music Data/data/fma_small/006/006778.mp3,True,7
30487,Pop,/Users/gsretikkaprasad/Desktop/Music Data/data/fma_small/030/030487.mp3,True,5
43594,International,/Users/gsretikkaprasad/Desktop/Music Data/data/fma_small/043/043594.mp3,True,4
134631,Experimental,/Users/gsretikkaprasad/Desktop/Music Data/data/fma_small/134/134631.mp3,True,1
123490,Folk,/Users/gsretikkaprasad/Desktop/Music Data/data/fma_small/123/123490.mp3,True,2
108477,Instrumental,/Users/gsretikkaprasad/Desktop/Music Data/data/fma_small/108/108477.mp3,True,3
143989,Rock,/Users/gsretikkaprasad/Desktop/Music Data/data/fma_small/143/143989.mp3,True,7
42241,International,/Users/gsretikkaprasad/Desktop/Music Data/data/fma_small/042/042241.mp3,True,4
139226,Electronic,/Users/gsretikkaprasad/Desktop/Music Data/data/fma_small/139/139226.mp3,True,0
51004,International,/Users/gsretikkaprasad/Desktop/Music Data/data/fma_small/051/051004.mp3,True,4
11763,Hip-Hop,/Users/gsretikkaprasad/Desktop/Music Data/data/fma_small/011/011763.mp3,True,6
98667,International,/Users/gsretikkaprasad/Desktop/Music Data/data/fma_small/098/098667.mp3,True,4
75428,Hip-Hop,/Users/gsretikkaprasad/Desktop/Music Data/data/fma_small/075/075428.mp3,True,6
112770,Electronic,/Users/gsretikkaprasad/Desktop/Music Data/data/fma_small/112/112770.mp3,True,0
84195,Electronic,/Users/gsretikkaprasad/Desktop/Music Data/data/fma_small/084/084195.mp3,True,0
53158,International,/Users/gsretikkaprasad/Desktop/Music Data/data/fma_small/053/053158.mp3,True,4
95308,Rock,/Users/gsretikkaprasad/Desktop/Music Data/data/fma_small/095/095308.mp3,True,7
68899,Electronic,/Users/gsretikkaprasad/Desktop/Music Data/data/fma_small/068/068899.mp3,True,0
32760,Pop,/Users/gsretikkaprasad/Desktop/Music Data/data/fma_small/032/032760.mp3,True,5
144424,Electronic,/Users/gsretikkaprasad/Desktop/Music Data/data/fma_small/144/144424.mp3,True,0
133276,Rock,/Users/gsretikkaprasad/Desktop/Music Data/data/fma_small/133/133276.mp3,True,7
115471,Instrumental,/Users/gsretikkaprasad/Desktop/Music Data/data/fma_small/115/115471.mp3,True,3
45522,Folk,/Users/gsretikkaprasad/Desktop/Music Data/data/fma_small/045/045522.mp3,True,2
56518,Folk,/Users/gsretikkaprasad/Desktop/Music Data/data/fma_small/056/056518.mp3,True,2
130456,Hip-Hop,/Users/gsretikkaprasad/Desktop/Music Data/data/fma_small/130/130456.mp3,True,6
24512,Experimental,/Users/gsretikkaprasad/Desktop/Music Data/data/fma_small/024/024512.mp3,True,1
133971,Instrumental,/Users/gsretikkaprasad/Desktop/Music Data/data/fma_small/133/133971.mp3,True,3
48293,Electronic,/Users/gsretikkaprasad/Desktop/Music Data/data/fma_small/048/048293.mp3,True,0
82892,Folk,/Users/gsretikkaprasad/Desktop/Music Data/data/fma_small/082/082892.mp3,True,2
52950,Folk,/Users/gsretikkaprasad/Desktop/Music Data/data/fma_small/052/052950.mp3,True,2
148133,Instrumental,/Users/gsretikkaprasad/Desktop/Music Data/data/fma_small/148/148133.mp3,True,3
116877,Electronic,/Users/gsretikkaprasad/Desktop/Music Data/data/fma_small/116/116877.mp3,True,0
65073,Electronic,/Users/gsretikkaprasad/Desktop/Music Data/data/fma_small/065/065073.mp3,True,0
129039,Instrumental,/Users/gsretikkaprasad/Desktop/Music Data/data/fma_small/129/129039.mp3,True,3
718,Folk,/Users/gsretikkaprasad/Desktop/Music Data/data/fma_small/000/000718.mp3,True,2
91170,Folk,/Users/gsretikkaprasad/Desktop/Music Data/data/fma_small/091/091170.mp3,True,2
125158,Electronic,/Users/gsretikkaprasad/Desktop/Music Data/data/fma_small/125/125158.mp3,True,0
140262,Electronic,/Users/gsretikkaprasad/Desktop/Music Data/data/fma_small/140/140262.mp3,True,0
126230,Instrumental,/Users/gsretikkaprasad/Desktop/Music Data/data/fma_small/126/126230.mp3,True,3
134922,International,/Users/gsretikkaprasad/Desktop/Music Data/data/fma_small/134/134922.mp3,True,4
144733,Electronic,/Users/gsretikkaprasad/Desktop/Music Data/data/fma_small/144/144733.mp3,True,0
58164,Pop,/Users/gsretikkaprasad/Desktop/Music Data/data/fma_small/058/058164.mp3,True,5
140872,Folk,/Users/gsretikkaprasad/Desktop/Music Data/data/fma_small/140/140872.mp3,True,2
14601,International,/Users/gsretikkaprasad/Desktop/Music Data/data/fma_small/014/014601.mp3,True,4
91897,Experimental,/Users/gsretikkaprasad/Desktop/Music Data/data/fma_small/091/091897.mp3,True,1
129053,Pop,/Users/gsretikkaprasad/Desktop/Music Data/data/fma_small/129/129053.mp3,True,5
39318,Experimental,/Users/gsretikkaprasad/Desktop/Music Data/data/fma_small/039/039318.mp3,True,1
118499,Experimental,/Users/gsretikkaprasad/Desktop/Music Data/data/fma_small/118/118499.mp3,True,1
255,Rock,/Users/gsretikkaprasad/Desktop/Music Data/data/fma_small/000/000255.mp3,True,7
126283,Instrumental,/Users/gsretikkaprasad/Desktop/Music Data/data/fma_small/126/126283.mp3,True,3
122804,Pop,/Users/gsretikkaprasad/Desktop/Music Data/data/fma_small/122/122804.mp3,True,5
131446,Pop,/Users/gsretikkaprasad/Desktop/Music Data/data/fma_small/131/131446.mp3,True,5
80517,Instrumental,/Users/gsretikkaprasad/Desktop/Music Data/data/fma_small/080/080517.mp3,True,3
36984,Hip-Hop,/Users/gsretikkaprasad/Desktop/Music Data/data/fma_small/036/036984.mp3,True,6
60736,Rock,/Users/gsretikkaprasad/Desktop/Music Data/data/fma_small/060/060736.mp3,True,7
58174,Pop,/Users/gsretikkaprasad/Desktop/Music Data/data/fma_small/058/058174.mp3,True,5
62449,Pop,/Users/gsretikkaprasad/Desktop/Music Data/data/fma_small/062/062449.mp3,True,5
12481,Folk,/Users/gsretikkaprasad/Desktop/Music Data/data/fma_small/012/012481.mp3,True,2
48990,Rock,/Users/gsretikkaprasad/Desktop/Music Data/data/fma_small/048/048990.mp3,True,7
86117,Pop,/Users/gsretikkaprasad/Desktop/Music Data/data/fma_small/086/086117.mp3,True,5
114413,Rock,/Users/gsretikkaprasad/Desktop/Music Data/data/fma_small/114/114413.mp3,True,7
139862,Experimental,/Users/gsretikkaprasad/Desktop/Music Data/data/fma_small/139/139862.mp3,True,1
128477,Pop,/Users/gsretikkaprasad/Desktop/Music Data/data/fma_small/128/128477.mp3,True,5
127294,Pop,/Users/gsretikkaprasad/Desktop/Music Data/data/fma_small/127/127294.mp3,True,5
114388,Electronic,/Users/gsretikkaprasad/Desktop/Music Data/data/fma_small/114/114388.mp3,True,0
127036,Instrumental,/Users/gsretikkaprasad/Desktop/Music Data/data/fma_small/127/127036.mp3,True,3
18145,Pop,/Users/gsretikkaprasad/Desktop/Music Data/data/fma_small/018/018145.mp3,True,5
83613,Instrumental,/Users/gsretikkaprasad/Desktop/Music Data/data/fma_small/083/083613.mp3,True,3
11779,Hip-Hop,/Users/gsretikkaprasad/Desktop/Music Data/data/fma_small/011/011779.mp3,True,6
48369,Rock,/Users/gsretikkaprasad/Desktop/Music Data/data/fma_small/048/048369.mp3,True,7
5521,Experimental,/Users/gsretikkaprasad/Desktop/Music Data/data/fma_small/005/005521.mp3,True,1
123278,Rock,/Users/gsretikkaprasad/Desktop/Music Data/data/fma_small/123/123278.mp3,True,7
84264,Electronic,/Users/gsretikkaprasad/Desktop/Music Data/data/fma_small/084/084264.mp3,True,0
71246,Hip-Hop,/Users/gsretikkaprasad/Desktop/Music Data/data/fma_small/071/071246.mp3,True,6
459,Rock,/Users/gsretikkaprasad/Desktop/Music Data/data/fma_small/000/000459.mp3,True,7
62596,International,/Users/gsretikkaprasad/Desktop/Music Data/data/fma_small/062/062596.mp3,True,4
112584,Experimental,/Users/gsretikkaprasad/Desktop/Music Data/data/fma_small/112/112584.mp3,True,1
65040,Electronic,/Users/gsretikkaprasad/Desktop/Music Data/data/fma_small/065/065040.mp3,True,0
128879,Experimental,/Users/gsretikkaprasad/Desktop/Music Data/data/fma_small/128/128879.mp3,True,1
69791,Experimental,/Users/gsretikkaprasad/Desktop/Music Data/data/fma_small/069/069791.mp3,True,1
4098,International,/Users/gsretikkaprasad/Desktop/Music Data/data/fma_small/004/004098.mp3,True,4
119726,Folk,/Users/gsretikkaprasad/Desktop/Music Data/data/fma_small/119/119726.mp3,True,2
137901,Hip-Hop,/Users/gsretikkaprasad/Desktop/Music Data/data/fma_small/137/137901.mp3,True,6
150018,Pop,/Users/gsretikkaprasad/Desktop/Music Data/data/fma_small/150/150018.mp3,True,5
132679,Instrumental,/Users/gsretikkaprasad/Desktop/Music Data/data/fma_small/132/132679.mp3,True,3
130951,Folk,/Users/gsretikkaprasad/Desktop/Music Data/data/fma_small/130/130951.mp3,True,2
32326,Pop,/Users/gsretikkaprasad/Desktop/Music Data/data/fma_small/032/032326.mp3,True,5
110384,Folk,/Users/gsretikkaprasad/Desktop/Music Data/data/fma_small/110/110384.mp3,True,2
133546,Instrumental,/Users/gsretikkaprasad/Desktop/Music Data/data/fma_small/133/133546.mp3,True,3
85822,Electronic,/Users/gsretikkaprasad/Desktop/Music Data/data/fma_small/085/085822.mp3,True,0
52861,Experimental,/Users/gsretikkaprasad/Desktop/Music Data/data/fma_small/052/052861.mp3,True,1
107810,Pop,/Users/gsretikkaprasad/Desktop/Music Data/data/fma_small/107/107810.mp3,True,5
88879,Folk,/Users/gsretikkaprasad/Desktop/Music Data/data/fma_small/088/088879.mp3,True,2
141299,Instrumental,/Users/gsretikkaprasad/Desktop/Music Data/data/fma_small/141/141299.mp3,True,3
94093,Rock,/Users/gsretikkaprasad/Desktop/Music Data/data/fma_small/094/094093.mp3,True,7
118384,Rock,/Users/gsretikkaprasad/Desktop/Music Data/data/fma_small/118/118384.mp3,True,7
85834,Electronic,/Users/gsretikkaprasad/Desktop/Music Data/data/fma_small/085/085834.mp3,True,0
118671,Folk,/Users/gsretikkaprasad/Desktop/Music Data/data/fma_small/118/118671.mp3,True,2
110637,Rock,/Users/gsretikkaprasad/Desktop/Music Data/data/fma_small/110/110637.mp3,True,7
56499,Hip-Hop,/Users/gsretikkaprasad/Desktop/Music Data/data/fma_small/056/056499.mp3,True,6
91623,Electronic,/Users/gsretikkaprasad/Desktop/Music Data/data/fma_small/091/091623.mp3,True,0
104277,Electronic,/Users/gsretikkaprasad/Desktop/Music Data/data/fma_small/104/104277.mp3,True,0
121660,Instrumental,/Users/gsretikkaprasad/Desktop/Music Data/data/fma_small/121/121660.mp3,True,3
116755,Instrumental,/Users/gsretikkaprasad/Desktop/Music Data/data/fma_small/116/116755.mp3,True,3
83438,Folk,/Users/gsretikkaprasad/Desktop/Music Data/data/fma_small/083/083438.mp3,True,2
40180,Experimental,/Users/gsretikkaprasad/Desktop/Music Data/data/fma_small/040/040180.mp3,True,1
3532,Pop,/Users/gsretikkaprasad/Desktop/Music Data/data/fma_small/003/003532.mp3,True,5
113342,Folk,/Users/gsretikkaprasad/Desktop/Music Data/data/fma_small/113/113342.mp3,True,2
48763,Rock,/Users/gsretikkaprasad/Desktop/Music Data/data/fma_small/048/048763.mp3,True,7
64516,Hip-Hop,/Users/gsretikkaprasad/Desktop/Music Data/data/fma_small/064/064516.mp3,True,6
56694,International,/Users/gsretikkaprasad/Desktop/Music Data/data/fma_small/056/056694.mp3,True,4
129407,International,/Users/gsretikkaprasad/Desktop/Music Data/data/fma_small/129/129407.mp3,True,4
114409,Rock,/Users/gsretikkaprasad/Desktop/Music Data/data/fma_small/114/114409.mp3,True,7
104434,Experimental,/Users/gsretikkaprasad/Desktop/Music Data/data/fma_small/104/104434.mp3,True,1
120298,Instrumental,/Users/gsretikkaprasad/Desktop/Music Data/data/fma_small/120/120298.mp3,True,3
49845,Folk,/Users/gsretikkaprasad/Desktop/Music Data/data/fma_small/049/049845.mp3,True,2
123003,Electronic,/Users/gsretikkaprasad/Desktop/Music Data/data/fma_small/123/123003.mp3,True,0
11773,Hip-Hop,/Users/gsretikkaprasad/Desktop/Music Data/data/fma_small/011/011773.mp3,True,6
144474,Folk,/Users/gsretikkaprasad/Desktop/Music Data/data/fma_small/144/144474.mp3,True,2
54150,Instrumental,/Users/gsretikkaprasad/Desktop/Music Data/data/fma_small/054/054150.mp3,True,3
55402,Rock,/Users/gsretikkaprasad/Desktop/Music Data/data/fma_small/055/055402.mp3,True,7
92546,Electronic,/Users/gsretikkaprasad/Desktop/Music Data/data/fma_small/092/092546.mp3,True,0
28481,Pop,/Users/gsretikkaprasad/Desktop/Music Data/data/fma_small/028/028481.mp3,True,5
103600,Electronic,/Users/gsretikkaprasad/Desktop/Music Data/data/fma_small/103/103600.mp3,True,0
76074,International,/Users/gsretikkaprasad/Desktop/Music Data/data/fma_small/076/076074.mp3,True,4
40851,Electronic,/Users/gsretikkaprasad/Desktop/Music Data/data/fma_small/040/040851.mp3,True,0
137166,Instrumental,/Users/gsretikkaprasad/Desktop/Music Data/data/fma_small/137/137166.mp3,True,3
111994,Instrumental,/Users/gsretikkaprasad/Desktop/Music Data/data/fma_small/111/111994.mp3,True,3
14581,Instrumental,/Users/gsretikkaprasad/Desktop/Music Data/data/fma_small/014/014581.mp3,True,3
3534,Pop,/Users/gsretikkaprasad/Desktop/Music Data/data/fma_small/003/003534.mp3,True,5
80836,Electronic,/Users/gsretikkaprasad/Desktop/Music Data/data/fma_small/080/080836.mp3,True,0
146989,Experimental,/Users/gsretikkaprasad/Desktop/Music Data/data/fma_small/146/146989.mp3,True,1
142564,International,/Users/gsretikkaprasad/Desktop/Music Data/data/fma_small/142/142564.mp3,True,4
82932,Instrumental,/Users/gsretikkaprasad/Desktop/Music Data/data/fma_small/082/082932.mp3,True,3
44820,International,/Users/gsretikkaprasad/Desktop/Music Data/data/fma_small/044/044820.mp3,True,4
68537,Experimental,/Users/gsretikkaprasad/Desktop/Music Data/data/fma_small/068/068537.mp3,True,1
21677,Pop,/Users/gsretikkaprasad/Desktop/Music Data/data/fma_small/021/021677.mp3,True,5
13566,Hip-Hop,/Users/gsretikkaprasad/Desktop/Music Data/data/fma_small/013/013566.mp3,True,6
133772,Rock,/Users/gsretikkaprasad/Desktop/Music Data/data/fma_small/133/133772.mp3,True,7
25216,International,/Users/gsretikkaprasad/Desktop/Music Data/data/fma_small/025/025216.mp3,True,4
130991,Instrumental,/Users/gsretikkaprasad/Desktop/Music Data/data/fma_small/130/130991.mp3,True,3
54061,Folk,/Users/gsretikkaprasad/Desktop/Music Data/data/fma_small/054/054061.mp3,True,2
142078,Electronic,/Users/gsretikkaprasad/Desktop/Music Data/data/fma_small/142/142078.mp3,True,0
54481,International,/Users/gsretikkaprasad/Desktop/Music Data/data/fma_small/054/054481.mp3,True,4
40234,Folk,/Users/gsretikkaprasad/Desktop/Music Data/data/fma_small/040/040234.mp3,True,2
99274,Experimental,/Users/gsretikkaprasad/Desktop/Music Data/data/fma_small/099/099274.mp3,True,1
112000,Instrumental,/Users/gsretikkaprasad/Desktop/Music Data/data/fma_small/112/112000.mp3,True,3
116873,Folk,/Users/gsretikkaprasad/Desktop/Music Data/data/fma_small/116/116873.mp3,True,2
138063,Pop,/Users/gsretikkaprasad/Desktop/Music Data/data/fma_small/138/138063.mp3,True,5
4234,International,/Users/gsretikkaprasad/Desktop/Music Data/data/fma_small/004/004234.mp3,True,4
54039,Pop,/Users/gsretikkaprasad/Desktop/Music Data/data/fma_small/054/054039.mp3,True,5
52951,Folk,/Users/gsretikkaprasad/Desktop/Music Data/data/fma_small/052/052951.mp3,True,2
72288,Rock,/Users/gsretikkaprasad/Desktop/Music Data/data/fma_small/072/072288.mp3,True,7
78984,Hip-Hop,/Users/gsretikkaprasad/Desktop/Music Data/data/fma_small/078/078984.mp3,True,6
135368,Rock,/Users/gsretikkaprasad/Desktop/Music Data/data/fma_small/135/135368.mp3,True,7
52650,Electronic,/Users/gsretikkaprasad/Desktop/Music Data/data/fma_small/052/052650.mp3,True,0
97846,Electronic,/Users/gsretikkaprasad/Desktop/Music Data/data/fma_small/097/097846.mp3,True,0
29720,Hip-Hop,/Users/gsretikkaprasad/Desktop/Music Data/data/fma_small/029/029720.mp3,True,6
15769,Electronic,/Users/gsretikkaprasad/Desktop/Music Data/data/fma_small/015/015769.mp3,True,0
23355,Electronic,/Users/gsretikkaprasad/Desktop/Music Data/data/fma_small/023/023355.mp3,True,0
90982,Hip-Hop,/Users/gsretikkaprasad/Desktop/Music Data/data/fma_small/090/090982.mp3,True,6
69208,Electronic,/Users/gsretikkaprasad/Desktop/Music Data/data/fma_small/069/069208.mp3,True,0
58070,Experimental,/Users/gsretikkaprasad/Desktop/Music Data/data/fma_small/058/058070.mp3,True,1
4075,International,/Users/gsretikkaprasad/Desktop/Music Data/data/fma_small/004/004075.mp3,True,4
41191,Folk,/Users/gsretikkaprasad/Desktop/Music Data/data/fma_small/041/041191.mp3,True,2
129683,Folk,/Users/gsretikkaprasad/Desktop/Music Data/data/fma_small/129/129683.mp3,True,2
71511,Electronic,/Users/gsretikkaprasad/Desktop/Music Data/data/fma_small/071/071511.mp3,True,0
10376,Experimental,/Users/gsretikkaprasad/Desktop/Music Data/data/fma_small/010/010376.mp3,True,1
104279,Electronic,/Users/gsretikkaprasad/Desktop/Music Data/data/fma_small/104/104279.mp3,True,0
107595,Folk,/Users/gsretikkaprasad/Desktop/Music Data/data/fma_small/107/107595.mp3,True,2
109446,Folk,/Users/gsretikkaprasad/Desktop/Music Data/data/fma_small/109/109446.mp3,True,2
24369,International,/Users/gsretikkaprasad/Desktop/Music Data/data/fma_small/024/024369.mp3,True,4
107390,Rock,/Users/gsretikkaprasad/Desktop/Music Data/data/fma_small/107/107390.mp3,True,7
88861,Folk,/Users/gsretikkaprasad/Desktop/Music Data/data/fma_small/088/088861.mp3,True,2
27454,Experimental,/Users/gsretikkaprasad/Desktop/Music Data/data/fma_small/027/027454.mp3,True,1
116879,Electronic,/Users/gsretikkaprasad/Desktop/Music Data/data/fma_small/116/116879.mp3,True,0
38363,Folk,/Users/gsretikkaprasad/Desktop/Music Data/data/fma_small/038/038363.mp3,True,2
24749,International,/Users/gsretikkaprasad/Desktop/Music Data/data/fma_small/024/024749.mp3,True,4
46157,Electronic,/Users/gsretikkaprasad/Desktop/Music Data/data/fma_small/046/046157.mp3,True,0
128811,Instrumental,/Users/gsretikkaprasad/Desktop/Music Data/data/fma_small/128/128811.mp3,True,3
111934,Hip-Hop,/Users/gsretikkaprasad/Desktop/Music Data/data/fma_small/111/111934.mp3,True,6
73125,Electronic,/Users/gsretikkaprasad/Desktop/Music Data/data/fma_small/073/073125.mp3,True,0
12174,Hip-Hop,/Users/gsretikkaprasad/Desktop/Music Data/data/fma_small/012/012174.mp3,True,6
119580,Experimental,/Users/gsretikkaprasad/Desktop/Music Data/data/fma_small/119/119580.mp3,True,1
132677,Instrumental,/Users/gsretikkaprasad/Desktop/Music Data/data/fma_small/132/132677.mp3,True,3
144468,Folk,/Users/gsretikkaprasad/Desktop/Music Data/data/fma_small/144/144468.mp3,True,2
90828,Pop,/Users/gsretikkaprasad/Desktop/Music Data/data/fma_small/090/090828.mp3,True,5
142579,International,/Users/gsretikkaprasad/Desktop/Music Data/data/fma_small/142/142579.mp3,True,4
131656,Rock,/Users/gsretikkaprasad/Desktop/Music Data/data/fma_small/131/131656.mp3,True,7
128619,Instrumental,/Users/gsretikkaprasad/Desktop/Music Data/data/fma_small/128/128619.mp3,True,3
137630,Rock,/Users/gsretikkaprasad/Desktop/Music Data/data/fma_small/137/137630.mp3,True,7
131292,Rock,/Users/gsretikkaprasad/Desktop/Music Data/data/fma_small/131/131292.mp3,True,7
132914,Rock,/Users/gsretikkaprasad/Desktop/Music Data/data/fma_small/132/132914.mp3,True,7
30095,Experimental,/Users/gsretikkaprasad/Desktop/Music Data/data/fma_small/030/030095.mp3,True,1
69784,Experimental,/Users/gsretikkaprasad/Desktop/Music Data/data/fma_small/069/069784.mp3,True,1
148121,Instrumental,/Users/gsretikkaprasad/Desktop/Music Data/data/fma_small/148/148121.mp3,True,3
117626,Instrumental,/Users/gsretikkaprasad/Desktop/Music Data/data/fma_small/117/117626.mp3,True,3
129088,Rock,/Users/gsretikkaprasad/Desktop/Music Data/data/fma_small/129/129088.mp3,True,7
124183,Instrumental,/Users/gsretikkaprasad/Desktop/Music Data/data/fma_small/124/124183.mp3,True,3
28070,Rock,/Users/gsretikkaprasad/Desktop/Music Data/data/fma_small/028/028070.mp3,True,7
110923,Folk,/Users/gsretikkaprasad/Desktop/Music Data/data/fma_small/110/110923.mp3,True,2
71245,Hip-Hop,/Users/gsretikkaprasad/Desktop/Music Data/data/fma_small/071/071245.mp3,True,6
114943,International,/Users/gsretikkaprasad/Desktop/Music Data/data/fma_small/114/114943.mp3,True,4
114198,Rock,/Users/gsretikkaprasad/Desktop/Music Data/data/fma_small/114/114198.mp3,True,7
131914,Instrumental,/Users/gsretikkaprasad/Desktop/Music Data/data/fma_small/131/131914.mp3,True,3
62671,Electronic,/Users/gsretikkaprasad/Desktop/Music Data/data/fma_small/062/062671.mp3,True,0
89486,Folk,/Users/gsretikkaprasad/Desktop/Music Data/data/fma_small/089/089486.mp3,True,2
75866,Folk,/Users/gsretikkaprasad/Desktop/Music Data/data/fma_small/075/075866.mp3,True,2
36986,Hip-Hop,/Users/gsretikkaprasad/Desktop/Music Data/data/fma_small/036/036986.mp3,True,6
56800,Electronic,/Users/gsretikkaprasad/Desktop/Music Data/data/fma_small/056/056800.mp3,True,0
51265,Pop,/Users/gsretikkaprasad/Desktop/Music Data/data/fma_small/051/051265.mp3,True,5
38827,International,/Users/gsretikkaprasad/Desktop/Music Data/data/fma_small/038/038827.mp3,True,4
6360,International,/Users/gsretikkaprasad/Desktop/Music Data/data/fma_small/006/006360.mp3,True,4
4510,International,/Users/gsretikkaprasad/Desktop/Music Data/data/fma_small/004/004510.mp3,True,4
51776,Instrumental,/Users/gsretikkaprasad/Desktop/Music Data/data/fma_small/051/051776.mp3,True,3
43021,International,/Users/gsretikkaprasad/Desktop/Music Data/data/fma_small/043/043021.mp3,True,4
119379,Experimental,/Users/gsretikkaprasad/Desktop/Music Data/data/fma_small/119/119379.mp3,True,1
74388,Experimental,/Users/gsretikkaprasad/Desktop/Music Data/data/fma_small/074/074388.mp3,True,1
56010,Experimental,/Users/gsretikkaprasad/Desktop/Music Data/data/fma_small/056/056010.mp3,True,1
82921,Instrumental,/Users/gsretikkaprasad/Desktop/Music Data/data/fma_small/082/082921.mp3,True,3
29752,Experimental,/Users/gsretikkaprasad/Desktop/Music Data/data/fma_small/029/029752.mp3,True,1
70299,Electronic,/Users/gsretikkaprasad/Desktop/Music Data/data/fma_small/070/070299.mp3,True,0
70425,Pop,/Users/gsretikkaprasad/Desktop/Music Data/data/fma_small/070/070425.mp3,True,5
43016,International,/Users/gsretikkaprasad/Desktop/Music Data/data/fma_small/043/043016.mp3,True,4
120471,Electronic,/Users/gsretikkaprasad/Desktop/Music Data/data/fma_small/120/120471.mp3,True,0
114242,Electronic,/Users/gsretikkaprasad/Desktop/Music Data/data/fma_small/114/114242.mp3,True,0
54437,International,/Users/gsretikkaprasad/Desktop/Music Data/data/fma_small/054/054437.mp3,True,4
212,Folk,/Users/gsretikkaprasad/Desktop/Music Data/data/fma_small/000/000212.mp3,True,2
53727,International,/Users/gsretikkaprasad/Desktop/Music Data/data/fma_small/053/053727.mp3,True,4
132962,Hip-Hop,/Users/gsretikkaprasad/Desktop/Music Data/data/fma_small/132/132962.mp3,True,6
10388,Folk,/Users/gsretikkaprasad/Desktop/Music Data/data/fma_small/010/010388.mp3,True,2
87161,Electronic,/Users/gsretikkaprasad/Desktop/Music Data/data/fma_small/087/087161.mp3,True,0
94632,Pop,/Users/gsretikkaprasad/Desktop/Music Data/data/fma_small/094/094632.mp3,True,5
74959,Experimental,/Users/gsretikkaprasad/Desktop/Music Data/data/fma_small/074/074959.mp3,True,1
65077,International,/Users/gsretikkaprasad/Desktop/Music Data/data/fma_small/065/065077.mp3,True,4
142950,Rock,/Users/gsretikkaprasad/Desktop/Music Data/data/fma_small/142/142950.mp3,True,7
55826,International,/Users/gsretikkaprasad/Desktop/Music Data/data/fma_small/055/055826.mp3,True,4
57164,Folk,/Users/gsretikkaprasad/Desktop/Music Data/data/fma_small/057/057164.mp3,True,2
63456,Folk,/Users/gsretikkaprasad/Desktop/Music Data/data/fma_small/063/063456.mp3,True,2
71515,Electronic,/Users/gsretikkaprasad/Desktop/Music Data/data/fma_small/071/071515.mp3,True,0
73522,Rock,/Users/gsretikkaprasad/Desktop/Music Data/data/fma_small/073/073522.mp3,True,7
124480,Pop,/Users/gsretikkaprasad/Desktop/Music Data/data/fma_small/124/124480.mp3,True,5
120172,Folk,/Users/gsretikkaprasad/Desktop/Music Data/data/fma_small/120/120172.mp3,True,2
138207,Rock,/Users/gsretikkaprasad/Desktop/Music Data/data/fma_small/138/138207.mp3,True,7
69798,Experimental,/Users/gsretikkaprasad/Desktop/Music Data/data/fma_small/069/069798.mp3,True,1
28485,Pop,/Users/gsretikkaprasad/Desktop/Music Data/data/fma_small/028/028485.mp3,True,5
74372,Experimental,/Users/gsretikkaprasad/Desktop/Music Data/data/fma_small/074/074372.mp3,True,1
114234,Instrumental,/Users/gsretikkaprasad/Desktop/Music Data/data/fma_small/114/114234.mp3,True,3
91791,Folk,/Users/gsretikkaprasad/Desktop/Music Data/data/fma_small/091/091791.mp3,True,2
64005,Pop,/Users/gsretikkaprasad/Desktop/Music Data/data/fma_small/064/064005.mp3,True,5
75869,Folk,/Users/gsretikkaprasad/Desktop/Music Data/data/fma_small/075/075869.mp3,True,2
145553,Folk,/Users/gsretikkaprasad/Desktop/Music Data/data/fma_small/145/145553.mp3,True,2
29271,Pop,/Users/gsretikkaprasad/Desktop/Music Data/data/fma_small/029/029271.mp3,True,5
122628,Instrumental,/Users/gsretikkaprasad/Desktop/Music Data/data/fma_small/122/122628.mp3,True,3
93944,Pop,/Users/gsretikkaprasad/Desktop/Music Data/data/fma_small/093/093944.mp3,True,5
120782,Experimental,/Users/gsretikkaprasad/Desktop/Music Data/data/fma_small/120/120782.mp3,True,1
36428,Electronic,/Users/gsretikkaprasad/Desktop/Music Data/data/fma_small/036/036428.mp3,True,0
38323,International,/Users/gsretikkaprasad/Desktop/Music Data/data/fma_small/038/038323.mp3,True,4
91186,International,/Users/gsretikkaprasad/Desktop/Music Data/data/fma_small/091/091186.mp3,True,4
10,Pop,/Users/gsretikkaprasad/Desktop/Music Data/data/fma_small/000/000010.mp3,True,5
125777,Rock,/Users/gsretikkaprasad/Desktop/Music Data/data/fma_small/125/125777.mp3,True,7
68841,Folk,/Users/gsretikkaprasad/Desktop/Music Data/data/fma_small/068/068841.mp3,True,2
126411,Instrumental,/Users/gsretikkaprasad/Desktop/Music Data/data/fma_small/126/126411.mp3,True,3
116833,Rock,/Users/gsretikkaprasad/Desktop/Music Data/data/fma_small/116/116833.mp3,True,7
142433,Instrumental,/Users/gsretikkaprasad/Desktop/Music Data/data/fma_small/142/142433.mp3,True,3
43608,Experimental,/Users/gsretikkaprasad/Desktop/Music Data/data/fma_small/043/043608.mp3,True,1
55235,International,/Users/gsretikkaprasad/Desktop/Music Data/data/fma_small/055/055235.mp3,True,4
1039,Rock,/Users/gsretikkaprasad/Desktop/Music Data/data/fma_small/001/001039.mp3,True,7
148610,Pop,/Users/gsretikkaprasad/Desktop/Music Data/data/fma_small/148/148610.mp3,True,5
142087,Hip-Hop,/Users/gsretikkaprasad/Desktop/Music Data/data/fma_small/142/142087.mp3,True,6
70657,Hip-Hop,/Users/gsretikkaprasad/Desktop/Music Data/data/fma_small/070/070657.mp3,True,6
71620,Rock,/Users/gsretikkaprasad/Desktop/Music Data/data/fma_small/071/071620.mp3,True,7
12654,Pop,/Users/gsretikkaprasad/Desktop/Music Data/data/fma_small/012/012654.mp3,True,5
146070,Experimental,/Users/gsretikkaprasad/Desktop/Music Data/data/fma_small/146/146070.mp3,True,1
42129,Experimental,/Users/gsretikkaprasad/Desktop/Music Data/data/fma_small/042/042129.mp3,True,1
6609,Hip-Hop,/Users/gsretikkaprasad/Desktop/Music Data/data/fma_small/006/006609.mp3,True,6
63292,Instrumental,/Users/gsretikkaprasad/Desktop/Music Data/data/fma_small/063/063292.mp3,True,3
10669,Rock,/Users/gsretikkaprasad/Desktop/Music Data/data/fma_small/010/010669.mp3,True,7
115011,Instrumental,/Users/gsretikkaprasad/Desktop/Music Data/data/fma_small/115/115011.mp3,True,3
131792,Instrumental,/Users/gsretikkaprasad/Desktop/Music Data/data/fma_small/131/131792.mp3,True,3
108038,Rock,/Users/gsretikkaprasad/Desktop/Music Data/data/fma_small/108/108038.mp3,True,7
44801,Experimental,/Users/gsretikkaprasad/Desktop/Music Data/data/fma_small/044/044801.mp3,True,1
71251,Hip-Hop,/Users/gsretikkaprasad/Desktop/Music Data/data/fma_small/071/071251.mp3,True,6
109548,Experimental,/Users/gsretikkaprasad/Desktop/Music Data/data/fma_small/109/109548.mp3,True,1
35608,Pop,/Users/gsretikkaprasad/Desktop/Music Data/data/fma_small/035/035608.mp3,True,5
87193,Pop,/Users/gsretikkaprasad/Desktop/Music Data/data/fma_small/087/087193.mp3,True,5
4108,Rock,/Users/gsretikkaprasad/Desktop/Music Data/data/fma_small/004/004108.mp3,True,7
128470,Instrumental,/Users/gsretikkaprasad/Desktop/Music Data/data/fma_small/128/128470.mp3,True,3
123867,Rock,/Users/gsretikkaprasad/Desktop/Music Data/data/fma_small/123/123867.mp3,True,7
29738,Experimental,/Users/gsretikkaprasad/Desktop/Music Data/data/fma_small/029/029738.mp3,True,1
148082,Experimental,/Users/gsretikkaprasad/Desktop/Music Data/data/fma_small/148/148082.mp3,True,1
49030,Folk,/Users/gsretikkaprasad/Desktop/Music Data/data/fma_small/049/049030.mp3,True,2
96167,International,/Users/gsretikkaprasad/Desktop/Music Data/data/fma_small/096/096167.mp3,True,4
105662,Electronic,/Users/gsretikkaprasad/Desktop/Music Data/data/fma_small/105/105662.mp3,True,0
27177,Electronic,/Users/gsretikkaprasad/Desktop/Music Data/data/fma_small/027/027177.mp3,True,0
19417,Pop,/Users/gsretikkaprasad/Desktop/Music Data/data/fma_small/019/019417.mp3,True,5
130016,Rock,/Users/gsretikkaprasad/Desktop/Music Data/data/fma_small/130/130016.mp3,True,7
144487,Experimental,/Users/gsretikkaprasad/Desktop/Music Data/data/fma_small/144/144487.mp3,True,1
107025,Hip-Hop,/Users/gsretikkaprasad/Desktop/Music Data/data/fma_small/107/107025.mp3,True,6
67500,Experimental,/Users/gsretikkaprasad/Desktop/Music Data/data/fma_small/067/067500.mp3,True,1
113969,Instrumental,/Users/gsretikkaprasad/Desktop/Music Data/data/fma_small/113/113969.mp3,True,3
62194,International,/Users/gsretikkaprasad/Desktop/Music Data/data/fma_small/062/062194.mp3,True,4
113359,Folk,/Users/gsretikkaprasad/Desktop/Music Data/data/fma_small/113/113359.mp3,True,2
92129,Pop,/Users/gsretikkaprasad/Desktop/Music Data/data/fma_small/092/092129.mp3,True,5
108059,Experimental,/Users/gsretikkaprasad/Desktop/Music Data/data/fma_small/108/108059.mp3,True,1
47916,Rock,/Users/gsretikkaprasad/Desktop/Music Data/data/fma_small/047/047916.mp3,True,7
98339,International,/Users/gsretikkaprasad/Desktop/Music Data/data/fma_small/098/098339.mp3,True,4
110756,Hip-Hop,/Users/gsretikkaprasad/Desktop/Music Data/data/fma_small/110/110756.mp3,True,6
60758,International,/Users/gsretikkaprasad/Desktop/Music Data/data/fma_small/060/060758.mp3,True,4
43691,Experimental,/Users/gsretikkaprasad/Desktop/Music Data/data/fma_small/043/043691.mp3,True,1
14693,Folk,/Users/gsretikkaprasad/Desktop/Music Data/data/fma_small/014/014693.mp3,True,2
97690,Rock,/Users/gsretikkaprasad/Desktop/Music Data/data/fma_small/097/097690.mp3,True,7
17573,Experimental,/Users/gsretikkaprasad/Desktop/Music Data/data/fma_small/017/017573.mp3,True,1
88864,Folk,/Users/gsretikkaprasad/Desktop/Music Data/data/fma_small/088/088864.mp3,True,2
123899,Folk,/Users/gsretikkaprasad/Desktop/Music Data/data/fma_small/123/123899.mp3,True,2
82917,Instrumental,/Users/gsretikkaprasad/Desktop/Music Data/data/fma_small/082/082917.mp3,True,3
109972,Pop,/Users/gsretikkaprasad/Desktop/Music Data/data/fma_small/109/109972.mp3,True,5
24747,International,/Users/gsretikkaprasad/Desktop/Music Data/data/fma_small/024/024747.mp3,True,4
122397,Rock,/Users/gsretikkaprasad/Desktop/Music Data/data/fma_small/122/122397.mp3,True,7
71714,Rock,/Users/gsretikkaprasad/Desktop/Music Data/data/fma_small/071/071714.mp3,True,7
117473,Pop,/Users/gsretikkaprasad/Desktop/Music Data/data/fma_small/117/117473.mp3,True,5
55294,Pop,/Users/gsretikkaprasad/Desktop/Music Data/data/fma_small/055/055294.mp3,True,5
73769,International,/Users/gsretikkaprasad/Desktop/Music Data/data/fma_small/073/073769.mp3,True,4
42247,International,/Users/gsretikkaprasad/Desktop/Music Data/data/fma_small/042/042247.mp3,True,4
122624,Instrumental,/Users/gsretikkaprasad/Desktop/Music Data/data/fma_small/122/122624.mp3,True,3
117970,Experimental,/Users/gsretikkaprasad/Desktop/Music Data/data/fma_small/117/117970.mp3,True,1
81193,Electronic,/Users/gsretikkaprasad/Desktop/Music Data/data/fma_small/081/081193.mp3,True,0
38825,International,/Users/gsretikkaprasad/Desktop/Music Data/data/fma_small/038/038825.mp3,True,4
75418,Hip-Hop,/Users/gsretikkaprasad/Desktop/Music Data/data/fma_small/075/075418.mp3,True,6
123506,Electronic,/Users/gsretikkaprasad/Desktop/Music Data/data/fma_small/123/123506.mp3,True,0
127288,Pop,/Users/gsretikkaprasad/Desktop/Music Data/data/fma_small/127/127288.mp3,True,5
19674,International,/Users/gsretikkaprasad/Desktop/Music Data/data/fma_small/019/019674.mp3,True,4
98655,International,/Users/gsretikkaprasad/Desktop/Music Data/data/fma_small/098/098655.mp3,True,4
98204,Electronic,/Users/gsretikkaprasad/Desktop/Music Data/data/fma_small/098/098204.mp3,True,0
134610,Hip-Hop,/Users/gsretikkaprasad/Desktop/Music Data/data/fma_small/134/134610.mp3,True,6
129920,Hip-Hop,/Users/gsretikkaprasad/Desktop/Music Data/data/fma_small/129/129920.mp3,True,6
123981,Hip-Hop,/Users/gsretikkaprasad/Desktop/Music Data/data/fma_small/123/123981.mp3,True,6
85427,Pop,/Users/gsretikkaprasad/Desktop/Music Data/data/fma_small/085/085427.mp3,True,5
31042,Electronic,/Users/gsretikkaprasad/Desktop/Music Data/data/fma_small/031/031042.mp3,True,0
145756,Electronic,/Users/gsretikkaprasad/Desktop/Music Data/data/fma_small/145/145756.mp3,True,0
7528,Pop,/Users/gsretikkaprasad/Desktop/Music Data/data/fma_small/007/007528.mp3,True,5
131385,Experimental,/Users/gsretikkaprasad/Desktop/Music Data/data/fma_small/131/131385.mp3,True,1
139992,Electronic,/Users/gsretikkaprasad/Desktop/Music Data/data/fma_small/139/139992.mp3,True,0
74370,Experimental,/Users/gsretikkaprasad/Desktop/Music Data/data/fma_small/074/074370.mp3,True,1
83898,Experimental,/Users/gsretikkaprasad/Desktop/Music Data/data/fma_small/083/083898.mp3,True,1
134923,International,/Users/gsretikkaprasad/Desktop/Music Data/data/fma_small/134/134923.mp3,True,4
135990,Electronic,/Users/gsretikkaprasad/Desktop/Music Data/data/fma_small/135/135990.mp3,True,0
148112,Instrumental,/Users/gsretikkaprasad/Desktop/Music Data/data/fma_small/148/148112.mp3,True,3
31887,International,/Users/gsretikkaprasad/Desktop/Music Data/data/fma_small/031/031887.mp3,True,4
122809,Pop,/Users/gsretikkaprasad/Desktop/Music Data/data/fma_small/122/122809.mp3,True,5
24898,Experimental,/Users/gsretikkaprasad/Desktop/Music Data/data/fma_small/024/024898.mp3,True,1
129375,Pop,/Users/gsretikkaprasad/Desktop/Music Data/data/fma_small/129/129375.mp3,True,5
27802,Pop,/Users/gsretikkaprasad/Desktop/Music Data/data/fma_small/027/027802.mp3,True,5
105682,Rock,/Users/gsretikkaprasad/Desktop/Music Data/data/fma_small/105/105682.mp3,True,7
68840,Folk,/Users/gsretikkaprasad/Desktop/Music Data/data/fma_small/068/068840.mp3,True,2
112768,Electronic,/Users/gsretikkaprasad/Desktop/Music Data/data/fma_small/112/112768.mp3,True,0
47658,Electronic,/Users/gsretikkaprasad/Desktop/Music Data/data/fma_small/047/047658.mp3,True,0
79995,Folk,/Users/gsretikkaprasad/Desktop/Music Data/data/fma_small/079/079995.mp3,True,2
32328,Pop,/Users/gsretikkaprasad/Desktop/Music Data/data/fma_small/032/032328.mp3,True,5
108961,Rock,/Users/gsretikkaprasad/Desktop/Music Data/data/fma_small/108/108961.mp3,True,7
98025,Rock,/Users/gsretikkaprasad/Desktop/Music Data/data/fma_small/098/098025.mp3,True,7
67553,Electronic,/Users/gsretikkaprasad/Desktop/Music Data/data/fma_small/067/067553.mp3,True,0
41573,Instrumental,/Users/gsretikkaprasad/Desktop/Music Data/data/fma_small/041/041573.mp3,True,3
125377,Pop,/Users/gsretikkaprasad/Desktop/Music Data/data/fma_small/125/125377.mp3,True,5
40230,Folk,/Users/gsretikkaprasad/Desktop/Music Data/data/fma_small/040/040230.mp3,True,2
26298,Pop,/Users/gsretikkaprasad/Desktop/Music Data/data/fma_small/026/026298.mp3,True,5
31389,Folk,/Users/gsretikkaprasad/Desktop/Music Data/data/fma_small/031/031389.mp3,True,2
45508,Electronic,/Users/gsretikkaprasad/Desktop/Music Data/data/fma_small/045/045508.mp3,True,0
110086,Hip-Hop,/Users/gsretikkaprasad/Desktop/Music Data/data/fma_small/110/110086.mp3,True,6
108031,Rock,/Users/gsretikkaprasad/Desktop/Music Data/data/fma_small/108/108031.mp3,True,7
74390,Experimental,/Users/gsretikkaprasad/Desktop/Music Data/data/fma_small/074/074390.mp3,True,1
55097,Hip-Hop,/Users/gsretikkaprasad/Desktop/Music Data/data/fma_small/055/055097.mp3,True,6
131986,Instrumental,/Users/gsretikkaprasad/Desktop/Music Data/data/fma_small/131/131986.mp3,True,3
142516,Folk,/Users/gsretikkaprasad/Desktop/Music Data/data/fma_small/142/142516.mp3,True,2
43844,Hip-Hop,/Users/gsretikkaprasad/Desktop/Music Data/data/fma_small/043/043844.mp3,True,6
141619,Electronic,/Users/gsretikkaprasad/Desktop/Music Data/data/fma_small/141/141619.mp3,True,0
115735,Rock,/Users/gsretikkaprasad/Desktop/Music Data/data/fma_small/115/115735.mp3,True,7
61814,Rock,/Users/gsretikkaprasad/Desktop/Music Data/data/fma_small/061/061814.mp3,True,7
117610,Instrumental,/Users/gsretikkaprasad/Desktop/Music Data/data/fma_small/117/117610.mp3,True,3
112318,Rock,/Users/gsretikkaprasad/Desktop/Music Data/data/fma_small/112/112318.mp3,True,7
21996,Pop,/Users/gsretikkaprasad/Desktop/Music Data/data/fma_small/021/021996.mp3,True,5
123760,Instrumental,/Users/gsretikkaprasad/Desktop/Music Data/data/fma_small/123/123760.mp3,True,3
119571,Rock,/Users/gsretikkaprasad/Desktop/Music Data/data/fma_small/119/119571.mp3,True,7
69985,Electronic,/Users/gsretikkaprasad/Desktop/Music Data/data/fma_small/069/069985.mp3,True,0
128813,Instrumental,/Users/gsretikkaprasad/Desktop/Music Data/data/fma_small/128/128813.mp3,True,3
105674,Electronic,/Users/gsretikkaprasad/Desktop/Music Data/data/fma_small/105/105674.mp3,True,0
73573,Folk,/Users/gsretikkaprasad/Desktop/Music Data/data/fma_small/073/073573.mp3,True,2
42789,Rock,/Users/gsretikkaprasad/Desktop/Music Data/data/fma_small/042/042789.mp3,True,7
134643,Experimental,/Users/gsretikkaprasad/Desktop/Music Data/data/fma_small/134/134643.mp3,True,1
16163,Pop,/Users/gsretikkaprasad/Desktop/Music Data/data/fma_small/016/016163.mp3,True,5
100535,Electronic,/Users/gsretikkaprasad/Desktop/Music Data/data/fma_small/100/100535.mp3,True,0
130948,Folk,/Users/gsretikkaprasad/Desktop/Music Data/data/fma_small/130/130948.mp3,True,2
91098,Folk,/Users/gsretikkaprasad/Desktop/Music Data/data/fma_small/091/091098.mp3,True,2
153946,Folk,/Users/gsretikkaprasad/Desktop/Music Data/data/fma_small/153/153946.mp3,True,2
75430,Instrumental,/Users/gsretikkaprasad/Desktop/Music Data/data/fma_small/075/075430.mp3,True,3
54874,Electronic,/Users/gsretikkaprasad/Desktop/Music Data/data/fma_small/054/054874.mp3,True,0
46160,Electronic,/Users/gsretikkaprasad/Desktop/Music Data/data/fma_small/046/046160.mp3,True,0
93986,Rock,/Users/gsretikkaprasad/Desktop/Music Data/data/fma_small/093/093986.mp3,True,7
13191,Pop,/Users/gsretikkaprasad/Desktop/Music Data/data/fma_small/013/013191.mp3,True,5
38818,International,/Users/gsretikkaprasad/Desktop/Music Data/data/fma_small/038/038818.mp3,True,4
43020,International,/Users/gsretikkaprasad/Desktop/Music Data/data/fma_small/043/043020.mp3,True,4
31889,International,/Users/gsretikkaprasad/Desktop/Music Data/data/fma_small/031/031889.mp3,True,4
12482,Folk,/Users/gsretikkaprasad/Desktop/Music Data/data/fma_small/012/012482.mp3,True,2
135227,International,/Users/gsretikkaprasad/Desktop/Music Data/data/fma_small/135/135227.mp3,True,4
6442,Hip-Hop,/Users/gsretikkaprasad/Desktop/Music Data/data/fma_small/006/006442.mp3,True,6
14579,Instrumental,/Users/gsretikkaprasad/Desktop/Music Data/data/fma_small/014/014579.mp3,True,3
126944,Rock,/Users/gsretikkaprasad/Desktop/Music Data/data/fma_small/126/126944.mp3,True,7
3273,Folk,/Users/gsretikkaprasad/Desktop/Music Data/data/fma_small/003/003273.mp3,True,2
125192,Folk,/Users/gsretikkaprasad/Desktop/Music Data/data/fma_small/125/125192.mp3,True,2
59685,International,/Users/gsretikkaprasad/Desktop/Music Data/data/fma_small/059/059685.mp3,True,4
142577,International,/Users/gsretikkaprasad/Desktop/Music Data/data/fma_small/142/142577.mp3,True,4
126218,Instrumental,/Users/gsretikkaprasad/Desktop/Music Data/data/fma_small/126/126218.mp3,True,3
123970,Hip-Hop,/Users/gsretikkaprasad/Desktop/Music Data/data/fma_small/123/123970.mp3,True,6
145241,Rock,/Users/gsretikkaprasad/Desktop/Music Data/data/fma_small/145/145241.mp3,True,7
25124,Pop,/Users/gsretikkaprasad/Desktop/Music Data/data/fma_small/025/025124.mp3,True,5
36990,Hip-Hop,/Users/gsretikkaprasad/Desktop/Music Data/data/fma_small/036/036990.mp3,True,6
119592,Pop,/Users/gsretikkaprasad/Desktop/Music Data/data/fma_small/119/119592.mp3,True,5
149101,Pop,/Users/gsretikkaprasad/Desktop/Music Data/data/fma_small/149/149101.mp3,True,5
126718,Instrumental,/Users/gsretikkaprasad/Desktop/Music Data/data/fma_small/126/126718.mp3,True,3
108868,International,/Users/gsretikkaprasad/Desktop/Music Data/data/fma_small/108/108868.mp3,True,4
116528,Instrumental,/Users/gsretikkaprasad/Desktop/Music Data/data/fma_small/116/116528.mp3,True,3
60994,Experimental,/Users/gsretikkaprasad/Desktop/Music Data/data/fma_small/060/060994.mp3,True,1
122798,Pop,/Users/gsretikkaprasad/Desktop/Music Data/data/fma_small/122/122798.mp3,True,5
124176,Instrumental,/Users/gsretikkaprasad/Desktop/Music Data/data/fma_small/124/124176.mp3,True,3
148612,Pop,/Users/gsretikkaprasad/Desktop/Music Data/data/fma_small/148/148612.mp3,True,5
47897,Pop,/Users/gsretikkaprasad/Desktop/Music Data/data/fma_small/047/047897.mp3,True,5
145783,Rock,/Users/gsretikkaprasad/Desktop/Music Data/data/fma_small/145/145783.mp3,True,7
118957,Experimental,/Users/gsretikkaprasad/Desktop/Music Data/data/fma_small/118/118957.mp3,True,1
45475,Rock,/Users/gsretikkaprasad/Desktop/Music Data/data/fma_small/045/045475.mp3,True,7
47194,Experimental,/Users/gsretikkaprasad/Desktop/Music Data/data/fma_small/047/047194.mp3,True,1
33415,International,/Users/gsretikkaprasad/Desktop/Music Data/data/fma_small/033/033415.mp3,True,4
98227,Electronic,/Users/gsretikkaprasad/Desktop/Music Data/data/fma_small/098/098227.mp3,True,0
99363,International,/Users/gsretikkaprasad/Desktop/Music Data/data/fma_small/099/099363.mp3,True,4
5169,Folk,/Users/gsretikkaprasad/Desktop/Music Data/data/fma_small/005/005169.mp3,True,2
80696,International,/Users/gsretikkaprasad/Desktop/Music Data/data/fma_small/080/080696.mp3,True,4
133442,Instrumental,/Users/gsretikkaprasad/Desktop/Music Data/data/fma_small/133/133442.mp3,True,3
4079,International,/Users/gsretikkaprasad/Desktop/Music Data/data/fma_small/004/004079.mp3,True,4
129097,Rock,/Users/gsretikkaprasad/Desktop/Music Data/data/fma_small/129/129097.mp3,True,7
133437,Instrumental,/Users/gsretikkaprasad/Desktop/Music Data/data/fma_small/133/133437.mp3,True,3
1924,Folk,/Users/gsretikkaprasad/Desktop/Music Data/data/fma_small/001/001924.mp3,True,2
67362,Pop,/Users/gsretikkaprasad/Desktop/Music Data/data/fma_small/067/067362.mp3,True,5
120201,Pop,/Users/gsretikkaprasad/Desktop/Music Data/data/fma_small/120/120201.mp3,True,5
12064,Folk,/Users/gsretikkaprasad/Desktop/Music Data/data/fma_small/012/012064.mp3,True,2
118012,Experimental,/Users/gsretikkaprasad/Desktop/Music Data/data/fma_small/118/118012.mp3,True,1
108026,Instrumental,/Users/gsretikkaprasad/Desktop/Music Data/data/fma_small/108/108026.mp3,True,3
27799,Hip-Hop,/Users/gsretikkaprasad/Desktop/Music Data/data/fma_small/027/027799.mp3,True,6
54154,Instrumental,/Users/gsretikkaprasad/Desktop/Music Data/data/fma_small/054/054154.mp3,True,3
120105,Pop,/Users/gsretikkaprasad/Desktop/Music Data/data/fma_small/120/120105.mp3,True,5
124555,Electronic,/Users/gsretikkaprasad/Desktop/Music Data/data/fma_small/124/124555.mp3,True,0
120111,Pop,/Users/gsretikkaprasad/Desktop/Music Data/data/fma_small/120/120111.mp3,True,5
56640,Hip-Hop,/Users/gsretikkaprasad/Desktop/Music Data/data/fma_small/056/056640.mp3,True,6
56249,Pop,/Users/gsretikkaprasad/Desktop/Music Data/data/fma_small/056/056249.mp3,True,5
134388,Pop,/Users/gsretikkaprasad/Desktop/Music Data/data/fma_small/134/134388.mp3,True,5
107048,Pop,/Users/gsretikkaprasad/Desktop/Music Data/data/fma_small/107/107048.mp3,True,5
48999,Rock,/Users/gsretikkaprasad/Desktop/Music Data/data/fma_small/048/048999.mp3,True,7
155066,Hip-Hop,/Users/gsretikkaprasad/Desktop/Music Data/data/fma_small/155/155066.mp3,True,6
124754,Electronic,/Users/gsretikkaprasad/Desktop/Music Data/data/fma_small/124/124754.mp3,True,0
114275,Hip-Hop,/Users/gsretikkaprasad/Desktop/Music Data/data/fma_small/114/114275.mp3,True,6
21401,Pop,/Users/gsretikkaprasad/Desktop/Music Data/data/fma_small/021/021401.mp3,True,5
67007,Pop,/Users/gsretikkaprasad/Desktop/Music Data/data/fma_small/067/067007.mp3,True,5
72046,Folk,/Users/gsretikkaprasad/Desktop/Music Data/data/fma_small/072/072046.mp3,True,2
96726,Folk,/Users/gsretikkaprasad/Desktop/Music Data/data/fma_small/096/096726.mp3,True,2
125618,Instrumental,/Users/gsretikkaprasad/Desktop/Music Data/data/fma_small/125/125618.mp3,True,3
64866,Experimental,/Users/gsretikkaprasad/Desktop/Music Data/data/fma_small/064/064866.mp3,True,1
112197,Experimental,/Users/gsretikkaprasad/Desktop/Music Data/data/fma_small/112/112197.mp3,True,1
124892,Experimental,/Users/gsretikkaprasad/Desktop/Music Data/data/fma_small/124/124892.mp3,True,1
13928,Folk,/Users/gsretikkaprasad/Desktop/Music Data/data/fma_small/013/013928.mp3,True,2
148218,Folk,/Users/gsretikkaprasad/Desktop/Music Data/data/fma_small/148/148218.mp3,True,2
58052,Experimental,/Users/gsretikkaprasad/Desktop/Music Data/data/fma_small/058/058052.mp3,True,1
57437,Pop,/Users/gsretikkaprasad/Desktop/Music Data/data/fma_small/057/057437.mp3,True,5
132794,Pop,/Users/gsretikkaprasad/Desktop/Music Data/data/fma_small/132/132794.mp3,True,5
89179,Hip-Hop,/Users/gsretikkaprasad/Desktop/Music Data/data/fma_small/089/089179.mp3,True,6
45055,Rock,/Users/gsretikkaprasad/Desktop/Music Data/data/fma_small/045/045055.mp3,True,7
132589,Experimental,/Users/gsretikkaprasad/Desktop/Music Data/data/fma_small/132/132589.mp3,True,1
71509,Electronic,/Users/gsretikkaprasad/Desktop/Music Data/data/fma_small/071/071509.mp3,True,0
113513,Rock,/Users/gsretikkaprasad/Desktop/Music Data/data/fma_small/113/113513.mp3,True,7
108339,Electronic,/Users/gsretikkaprasad/Desktop/Music Data/data/fma_small/108/108339.mp3,True,0
113264,International,/Users/gsretikkaprasad/Desktop/Music Data/data/fma_small/113/113264.mp3,True,4
72787,Hip-Hop,/Users/gsretikkaprasad/Desktop/Music Data/data/fma_small/072/072787.mp3,True,6
113530,Rock,/Users/gsretikkaprasad/Desktop/Music Data/data/fma_small/113/113530.mp3,True,7
40844,Electronic,/Users/gsretikkaprasad/Desktop/Music Data/data/fma_small/040/040844.mp3,True,0
708,International,/Users/gsretikkaprasad/Desktop/Music Data/data/fma_small/000/000708.mp3,True,4
75975,Experimental,/Users/gsretikkaprasad/Desktop/Music Data/data/fma_small/075/075975.mp3,True,1
105827,Hip-Hop,/Users/gsretikkaprasad/Desktop/Music Data/data/fma_small/105/105827.mp3,True,6
38879,Experimental,/Users/gsretikkaprasad/Desktop/Music Data/data/fma_small/038/038879.mp3,True,1
117611,Instrumental,/Users/gsretikkaprasad/Desktop/Music Data/data/fma_small/117/117611.mp3,True,3
85343,Electronic,/Users/gsretikkaprasad/Desktop/Music Data/data/fma_small/085/085343.mp3,True,0
12059,Folk,/Users/gsretikkaprasad/Desktop/Music Data/data/fma_small/012/012059.mp3,True,2
98548,Hip-Hop,/Users/gsretikkaprasad/Desktop/Music Data/data/fma_small/098/098548.mp3,True,6
107030,Hip-Hop,/Users/gsretikkaprasad/Desktop/Music Data/data/fma_small/107/107030.mp3,True,6
127422,Experimental,/Users/gsretikkaprasad/Desktop/Music Data/data/fma_small/127/127422.mp3,True,1
126719,Instrumental,/Users/gsretikkaprasad/Desktop/Music Data/data/fma_small/126/126719.mp3,True,3
91619,Electronic,/Users/gsretikkaprasad/Desktop/Music Data/data/fma_small/091/091619.mp3,True,0
127519,Instrumental,/Users/gsretikkaprasad/Desktop/Music Data/data/fma_small/127/127519.mp3,True,3
124409,Experimental,/Users/gsretikkaprasad/Desktop/Music Data/data/fma_small/124/124409.mp3,True,1
59679,International,/Users/gsretikkaprasad/Desktop/Music Data/data/fma_small/059/059679.mp3,True,4
130929,Instrumental,/Users/gsretikkaprasad/Desktop/Music Data/data/fma_small/130/130929.mp3,True,3
66717,Rock,/Users/gsretikkaprasad/Desktop/Music Data/data/fma_small/066/066717.mp3,True,7
40139,Rock,/Users/gsretikkaprasad/Desktop/Music Data/data/fma_small/040/040139.mp3,True,7
143060,Electronic,/Users/gsretikkaprasad/Desktop/Music Data/data/fma_small/143/143060.mp3,True,0
64253,Experimental,/Users/gsretikkaprasad/Desktop/Music Data/data/fma_small/064/064253.mp3,True,1
134951,International,/Users/gsretikkaprasad/Desktop/Music Data/data/fma_small/134/134951.mp3,True,4
51301,Experimental,/Users/gsretikkaprasad/Desktop/Music Data/data/fma_small/051/051301.mp3,True,1
110230,Experimental,/Users/gsretikkaprasad/Desktop/Music Data/data/fma_small/110/110230.mp3,True,1
10577,Folk,/Users/gsretikkaprasad/Desktop/Music Data/data/fma_small/010/010577.mp3,True,2
59711,International,/Users/gsretikkaprasad/Desktop/Music Data/data/fma_small/059/059711.mp3,True,4
67363,Pop,/Users/gsretikkaprasad/Desktop/Music Data/data/fma_small/067/067363.mp3,True,5
128448,Rock,/Users/gsretikkaprasad/Desktop/Music Data/data/fma_small/128/128448.mp3,True,7
93519,Electronic,/Users/gsretikkaprasad/Desktop/Music Data/data/fma_small/093/093519.mp3,True,0
145645,Electronic,/Users/gsretikkaprasad/Desktop/Music Data/data/fma_small/145/145645.mp3,True,0
10443,Folk,/Users/gsretikkaprasad/Desktop/Music Data/data/fma_small/010/010443.mp3,True,2
54719,Electronic,/Users/gsretikkaprasad/Desktop/Music Data/data/fma_small/054/054719.mp3,True,0
19889,International,/Users/gsretikkaprasad/Desktop/Music Data/data/fma_small/019/019889.mp3,True,4
14391,Hip-Hop,/Users/gsretikkaprasad/Desktop/Music Data/data/fma_small/014/014391.mp3,True,6
92564,Electronic,/Users/gsretikkaprasad/Desktop/Music Data/data/fma_small/092/092564.mp3,True,0
22472,Pop,/Users/gsretikkaprasad/Desktop/Music Data/data/fma_small/022/022472.mp3,True,5
119895,Instrumental,/Users/gsretikkaprasad/Desktop/Music Data/data/fma_small/119/119895.mp3,True,3
124753,Electronic,/Users/gsretikkaprasad/Desktop/Music Data/data/fma_small/124/124753.mp3,True,0
148586,Pop,/Users/gsretikkaprasad/Desktop/Music Data/data/fma_small/148/148586.mp3,True,5
129268,Rock,/Users/gsretikkaprasad/Desktop/Music Data/data/fma_small/129/129268.mp3,True,7
147815,Electronic,/Users/gsretikkaprasad/Desktop/Music Data/data/fma_small/147/147815.mp3,True,0
38859,Experimental,/Users/gsretikkaprasad/Desktop/Music Data/data/fma_small/038/038859.mp3,True,1
38361,Folk,/Users/gsretikkaprasad/Desktop/Music Data/data/fma_small/038/038361.mp3,True,2
145462,Electronic,/Users/gsretikkaprasad/Desktop/Music Data/data/fma_small/145/145462.mp3,True,0
104278,Electronic,/Users/gsretikkaprasad/Desktop/Music Data/data/fma_small/104/104278.mp3,True,0
127913,Pop,/Users/gsretikkaprasad/Desktop/Music Data/data/fma_small/127/127913.mp3,True,5
16820,Rock,/Users/gsretikkaprasad/Desktop/Music Data/data/fma_small/016/016820.mp3,True,7
126181,Instrumental,/Users/gsretikkaprasad/Desktop/Music Data/data/fma_small/126/126181.mp3,True,3
117450,Rock,/Users/gsretikkaprasad/Desktop/Music Data/data/fma_small/117/117450.mp3,True,7
8363,Experimental,/Users/gsretikkaprasad/Desktop/Music Data/data/fma_small/008/008363.mp3,True,1
43173,International,/Users/gsretikkaprasad/Desktop/Music Data/data/fma_small/043/043173.mp3,True,4
133436,Instrumental,/Users/gsretikkaprasad/Desktop/Music Data/data/fma_small/133/133436.mp3,True,3
122199,Experimental,/Users/gsretikkaprasad/Desktop/Music Data/data/fma_small/122/122199.mp3,True,1
127276,Pop,/Users/gsretikkaprasad/Desktop/Music Data/data/fma_small/127/127276.mp3,True,5
42016,International,/Users/gsretikkaprasad/Desktop/Music Data/data/fma_small/042/042016.mp3,True,4
94465,Hip-Hop,/Users/gsretikkaprasad/Desktop/Music Data/data/fma_small/094/094465.mp3,True,6
98770,Electronic,/Users/gsretikkaprasad/Desktop/Music Data/data/fma_small/098/098770.mp3,True,0
7379,Experimental,/Users/gsretikkaprasad/Desktop/Music Data/data/fma_small/007/007379.mp3,True,1
122155,Experimental,/Users/gsretikkaprasad/Desktop/Music Data/data/fma_small/122/122155.mp3,True,1
105119,Rock,/Users/gsretikkaprasad/Desktop/Music Data/data/fma_small/105/105119.mp3,True,7
110634,Rock,/Users/gsretikkaprasad/Desktop/Music Data/data/fma_small/110/110634.mp3,True,7
73123,Electronic,/Users/gsretikkaprasad/Desktop/Music Data/data/fma_small/073/073123.mp3,True,0
71711,Rock,/Users/gsretikkaprasad/Desktop/Music Data/data/fma_small/071/071711.mp3,True,7
12490,Folk,/Users/gsretikkaprasad/Desktop/Music Data/data/fma_small/012/012490.mp3,True,2
129094,Rock,/Users/gsretikkaprasad/Desktop/Music Data/data/fma_small/129/129094.mp3,True,7
8256,Folk,/Users/gsretikkaprasad/Desktop/Music Data/data/fma_small/008/008256.mp3,True,2
128500,Folk,/Users/gsretikkaprasad/Desktop/Music Data/data/fma_small/128/128500.mp3,True,2
142550,Pop,/Users/gsretikkaprasad/Desktop/Music Data/data/fma_small/142/142550.mp3,True,5
107046,Pop,/Users/gsretikkaprasad/Desktop/Music Data/data/fma_small/107/107046.mp3,True,5
44947,International,/Users/gsretikkaprasad/Desktop/Music Data/data/fma_small/044/044947.mp3,True,4
147022,Hip-Hop,/Users/gsretikkaprasad/Desktop/Music Data/data/fma_small/147/147022.mp3,True,6
77517,Experimental,/Users/gsretikkaprasad/Desktop/Music Data/data/fma_small/077/077517.mp3,True,1
45387,Instrumental,/Users/gsretikkaprasad/Desktop/Music Data/data/fma_small/045/045387.mp3,True,3
69947,Rock,/Users/gsretikkaprasad/Desktop/Music Data/data/fma_small/069/069947.mp3,True,7
56523,Electronic,/Users/gsretikkaprasad/Desktop/Music Data/data/fma_small/056/056523.mp3,True,0
74384,Experimental,/Users/gsretikkaprasad/Desktop/Music Data/data/fma_small/074/074384.mp3,True,1
62749,Pop,/Users/gsretikkaprasad/Desktop/Music Data/data/fma_small/062/062749.mp3,True,5
49847,Folk,/Users/gsretikkaprasad/Desktop/Music Data/data/fma_small/049/049847.mp3,True,2
85593,Pop,/Users/gsretikkaprasad/Desktop/Music Data/data/fma_small/085/085593.mp3,True,5
116345,Electronic,/Users/gsretikkaprasad/Desktop/Music Data/data/fma_small/116/116345.mp3,True,0
113336,Electronic,/Users/gsretikkaprasad/Desktop/Music Data/data/fma_small/113/113336.mp3,True,0
70424,Pop,/Users/gsretikkaprasad/Desktop/Music Data/data/fma_small/070/070424.mp3,True,5
3721,Rock,/Users/gsretikkaprasad/Desktop/Music Data/data/fma_small/003/003721.mp3,True,7
138025,Instrumental,/Users/gsretikkaprasad/Desktop/Music Data/data/fma_small/138/138025.mp3,True,3
132449,Folk,/Users/gsretikkaprasad/Desktop/Music Data/data/fma_small/132/132449.mp3,True,2
138580,Electronic,/Users/gsretikkaprasad/Desktop/Music Data/data/fma_small/138/138580.mp3,True,0
144477,Folk,/Users/gsretikkaprasad/Desktop/Music Data/data/fma_small/144/144477.mp3,True,2
130922,Electronic,/Users/gsretikkaprasad/Desktop/Music Data/data/fma_small/130/130922.mp3,True,0
134929,International,/Users/gsretikkaprasad/Desktop/Music Data/data/fma_small/134/134929.mp3,True,4
128814,Instrumental,/Users/gsretikkaprasad/Desktop/Music Data/data/fma_small/128/128814.mp3,True,3
16354,Rock,/Users/gsretikkaprasad/Desktop/Music Data/data/fma_small/016/016354.mp3,True,7
66757,Instrumental,/Users/gsretikkaprasad/Desktop/Music Data/data/fma_small/066/066757.mp3,True,3
80341,International,/Users/gsretikkaprasad/Desktop/Music Data/data/fma_small/080/080341.mp3,True,4
30682,Experimental,/Users/gsretikkaprasad/Desktop/Music Data/data/fma_small/030/030682.mp3,True,1
131657,Rock,/Users/gsretikkaprasad/Desktop/Music Data/data/fma_small/131/131657.mp3,True,7
1195,Folk,/Users/gsretikkaprasad/Desktop/Music Data/data/fma_small/001/001195.mp3,True,2
111747,Rock,/Users/gsretikkaprasad/Desktop/Music Data/data/fma_small/111/111747.mp3,True,7
51113,Experimental,/Users/gsretikkaprasad/Desktop/Music Data/data/fma_small/051/051113.mp3,True,1
111974,Rock,/Users/gsretikkaprasad/Desktop/Music Data/data/fma_small/111/111974.mp3,True,7
29971,Folk,/Users/gsretikkaprasad/Desktop/Music Data/data/fma_small/029/029971.mp3,True,2
75433,Instrumental,/Users/gsretikkaprasad/Desktop/Music Data/data/fma_small/075/075433.mp3,True,3
71695,Hip-Hop,/Users/gsretikkaprasad/Desktop/Music Data/data/fma_small/071/071695.mp3,True,6
86037,Instrumental,/Users/gsretikkaprasad/Desktop/Music Data/data/fma_small/086/086037.mp3,True,3
11774,Hip-Hop,/Users/gsretikkaprasad/Desktop/Music Data/data/fma_small/011/011774.mp3,True,6
127209,Instrumental,/Users/gsretikkaprasad/Desktop/Music Data/data/fma_small/127/127209.mp3,True,3
43865,Hip-Hop,/Users/gsretikkaprasad/Desktop/Music Data/data/fma_small/043/043865.mp3,True,6
145457,Instrumental,/Users/gsretikkaprasad/Desktop/Music Data/data/fma_small/145/145457.mp3,True,3
118987,Experimental,/Users/gsretikkaprasad/Desktop/Music Data/data/fma_small/118/118987.mp3,True,1
69203,Electronic,/Users/gsretikkaprasad/Desktop/Music Data/data/fma_small/069/069203.mp3,True,0
6443,Hip-Hop,/Users/gsretikkaprasad/Desktop/Music Data/data/fma_small/006/006443.mp3,True,6
88959,Rock,/Users/gsretikkaprasad/Desktop/Music Data/data/fma_small/088/088959.mp3,True,7
68353,Pop,/Users/gsretikkaprasad/Desktop/Music Data/data/fma_small/068/068353.mp3,True,5
10481,Folk,/Users/gsretikkaprasad/Desktop/Music Data/data/fma_small/010/010481.mp3,True,2
44952,International,/Users/gsretikkaprasad/Desktop/Music Data/data/fma_small/044/044952.mp3,True,4
15487,International,/Users/gsretikkaprasad/Desktop/Music Data/data/fma_small/015/015487.mp3,True,4
142948,Rock,/Users/gsretikkaprasad/Desktop/Music Data/data/fma_small/142/142948.mp3,True,7
27797,Pop,/Users/gsretikkaprasad/Desktop/Music Data/data/fma_small/027/027797.mp3,True,5
143237,Pop,/Users/gsretikkaprasad/Desktop/Music Data/data/fma_small/143/143237.mp3,True,5
72786,Hip-Hop,/Users/gsretikkaprasad/Desktop/Music Data/data/fma_small/072/072786.mp3,True,6
69764,Folk,/Users/gsretikkaprasad/Desktop/Music Data/data/fma_small/069/069764.mp3,True,2
45127,Pop,/Users/gsretikkaprasad/Desktop/Music Data/data/fma_small/045/045127.mp3,True,5
26013,Hip-Hop,/Users/gsretikkaprasad/Desktop/Music Data/data/fma_small/026/026013.mp3,True,6
116235,Electronic,/Users/gsretikkaprasad/Desktop/Music Data/data/fma_small/116/116235.mp3,True,0
107101,Rock,/Users/gsretikkaprasad/Desktop/Music Data/data/fma_small/107/107101.mp3,True,7
11803,Hip-Hop,/Users/gsretikkaprasad/Desktop/Music Data/data/fma_small/011/011803.mp3,True,6
43029,International,/Users/gsretikkaprasad/Desktop/Music Data/data/fma_small/043/043029.mp3,True,4
88429,Pop,/Users/gsretikkaprasad/Desktop/Music Data/data/fma_small/088/088429.mp3,True,5
52948,Folk,/Users/gsretikkaprasad/Desktop/Music Data/data/fma_small/052/052948.mp3,True,2
133561,Instrumental,/Users/gsretikkaprasad/Desktop/Music Data/data/fma_small/133/133561.mp3,True,3
118972,Experimental,/Users/gsretikkaprasad/Desktop/Music Data/data/fma_small/118/118972.mp3,True,1
4093,International,/Users/gsretikkaprasad/Desktop/Music Data/data/fma_small/004/004093.mp3,True,4
38965,Experimental,/Users/gsretikkaprasad/Desktop/Music Data/data/fma_small/038/038965.mp3,True,1
122168,Experimental,/Users/gsretikkaprasad/Desktop/Music Data/data/fma_small/122/122168.mp3,True,1
142671,Hip-Hop,/Users/gsretikkaprasad/Desktop/Music Data/data/fma_small/142/142671.mp3,True,6
142529,Folk,/Users/gsretikkaprasad/Desktop/Music Data/data/fma_small/142/142529.mp3,True,2
138320,Rock,/Users/gsretikkaprasad/Desktop/Music Data/data/fma_small/138/138320.mp3,True,7
40683,Electronic,/Users/gsretikkaprasad/Desktop/Music Data/data/fma_small/040/040683.mp3,True,0
16879,Hip-Hop,/Users/gsretikkaprasad/Desktop/Music Data/data/fma_small/016/016879.mp3,True,6
17345,Pop,/Users/gsretikkaprasad/Desktop/Music Data/data/fma_small/017/017345.mp3,True,5
145777,Instrumental,/Users/gsretikkaprasad/Desktop/Music Data/data/fma_small/145/145777.mp3,True,3
71937,Rock,/Users/gsretikkaprasad/Desktop/Music Data/data/fma_small/071/071937.mp3,True,7
47661,Folk,/Users/gsretikkaprasad/Desktop/Music Data/data/fma_small/047/047661.mp3,True,2
115597,Experimental,/Users/gsretikkaprasad/Desktop/Music Data/data/fma_small/115/115597.mp3,True,1
99703,Electronic,/Users/gsretikkaprasad/Desktop/Music Data/data/fma_small/099/099703.mp3,True,0
112526,Rock,/Users/gsretikkaprasad/Desktop/Music Data/data/fma_small/112/112526.mp3,True,7
69792,Experimental,/Users/gsretikkaprasad/Desktop/Music Data/data/fma_small/069/069792.mp3,True,1
142088,Hip-Hop,/Users/gsretikkaprasad/Desktop/Music Data/data/fma_small/142/142088.mp3,True,6
96718,Rock,/Users/gsretikkaprasad/Desktop/Music Data/data/fma_small/096/096718.mp3,True,7
62190,International,/Users/gsretikkaprasad/Desktop/Music Data/data/fma_small/062/062190.mp3,True,4
145887,Instrumental,/Users/gsretikkaprasad/Desktop/Music Data/data/fma_small/145/145887.mp3,True,3
142085,Hip-Hop,/Users/gsretikkaprasad/Desktop/Music Data/data/fma_small/142/142085.mp3,True,6
39875,Experimental,/Users/gsretikkaprasad/Desktop/Music Data/data/fma_small/039/039875.mp3,True,1
98585,Hip-Hop,/Users/gsretikkaprasad/Desktop/Music Data/data/fma_small/098/098585.mp3,True,6
36145,Electronic,/Users/gsretikkaprasad/Desktop/Music Data/data/fma_small/036/036145.mp3,True,0
56470,International,/Users/gsretikkaprasad/Desktop/Music Data/data/fma_small/056/056470.mp3,True,4
67470,Electronic,/Users/gsretikkaprasad/Desktop/Music Data/data/fma_small/067/067470.mp3,True,0
126417,Instrumental,/Users/gsretikkaprasad/Desktop/Music Data/data/fma_small/126/126417.mp3,True,3
12690,International,/Users/gsretikkaprasad/Desktop/Music Data/data/fma_small/012/012690.mp3,True,4
126276,Instrumental,/Users/gsretikkaprasad/Desktop/Music Data/data/fma_small/126/126276.mp3,True,3
90530,Instrumental,/Users/gsretikkaprasad/Desktop/Music Data/data/fma_small/090/090530.mp3,True,3
82505,Folk,/Users/gsretikkaprasad/Desktop/Music Data/data/fma_small/082/082505.mp3,True,2
98582,Hip-Hop,/Users/gsretikkaprasad/Desktop/Music Data/data/fma_small/098/098582.mp3,True,6
131978,Rock,/Users/gsretikkaprasad/Desktop/Music Data/data/fma_small/131/131978.mp3,True,7
148214,Folk,/Users/gsretikkaprasad/Desktop/Music Data/data/fma_small/148/148214.mp3,True,2
107908,Electronic,/Users/gsretikkaprasad/Desktop/Music Data/data/fma_small/107/107908.mp3,True,0
17605,International,/Users/gsretikkaprasad/Desktop/Music Data/data/fma_small/017/017605.mp3,True,4
123933,Electronic,/Users/gsretikkaprasad/Desktop/Music Data/data/fma_small/123/123933.mp3,True,0
133453,Instrumental,/Users/gsretikkaprasad/Desktop/Music Data/data/fma_small/133/133453.mp3,True,3
43621,Folk,/Users/gsretikkaprasad/Desktop/Music Data/data/fma_small/043/043621.mp3,True,2
92874,Experimental,/Users/gsretikkaprasad/Desktop/Music Data/data/fma_small/092/092874.mp3,True,1
134453,Instrumental,/Users/gsretikkaprasad/Desktop/Music Data/data/fma_small/134/134453.mp3,True,3
85956,Pop,/Users/gsretikkaprasad/Desktop/Music Data/data/fma_small/085/085956.mp3,True,5
57626,Experimental,/Users/gsretikkaprasad/Desktop/Music Data/data/fma_small/057/057626.mp3,True,1
144469,Folk,/Users/gsretikkaprasad/Desktop/Music Data/data/fma_small/144/144469.mp3,True,2
60754,International,/Users/gsretikkaprasad/Desktop/Music Data/data/fma_small/060/060754.mp3,True,4
4682,Hip-Hop,/Users/gsretikkaprasad/Desktop/Music Data/data/fma_small/004/004682.mp3,True,6
88872,Folk,/Users/gsretikkaprasad/Desktop/Music Data/data/fma_small/088/088872.mp3,True,2
84144,Experimental,/Users/gsretikkaprasad/Desktop/Music Data/data/fma_small/084/084144.mp3,True,1
126055,Experimental,/Users/gsretikkaprasad/Desktop/Music Data/data/fma_small/126/126055.mp3,True,1
69747,Pop,/Users/gsretikkaprasad/Desktop/Music Data/data/fma_small/069/069747.mp3,True,5
91868,Rock,/Users/gsretikkaprasad/Desktop/Music Data/data/fma_small/091/091868.mp3,True,7
85309,Pop,/Users/gsretikkaprasad/Desktop/Music Data/data/fma_small/085/085309.mp3,True,5
148246,Rock,/Users/gsretikkaprasad/Desktop/Music Data/data/fma_small/148/148246.mp3,True,7
64535,Electronic,/Users/gsretikkaprasad/Desktop/Music Data/data/fma_small/064/064535.mp3,True,0
6675,Experimental,/Users/gsretikkaprasad/Desktop/Music Data/data/fma_small/006/006675.mp3,True,1
99419,Rock,/Users/gsretikkaprasad/Desktop/Music Data/data/fma_small/099/099419.mp3,True,7
108298,Rock,/Users/gsretikkaprasad/Desktop/Music Data/data/fma_small/108/108298.mp3,True,7
45523,Folk,/Users/gsretikkaprasad/Desktop/Music Data/data/fma_small/045/045523.mp3,True,2
139536,Instrumental,/Users/gsretikkaprasad/Desktop/Music Data/data/fma_small/139/139536.mp3,True,3
144423,Electronic,/Users/gsretikkaprasad/Desktop/Music Data/data/fma_small/144/144423.mp3,True,0
12488,Folk,/Users/gsretikkaprasad/Desktop/Music Data/data/fma_small/012/012488.mp3,True,2
122352,Folk,/Users/gsretikkaprasad/Desktop/Music Data/data/fma_small/122/122352.mp3,True,2
107598,Folk,/Users/gsretikkaprasad/Desktop/Music Data/data/fma_small/107/107598.mp3,True,2
78833,Hip-Hop,/Users/gsretikkaprasad/Desktop/Music Data/data/fma_small/078/078833.mp3,True,6
15625,Experimental,/Users/gsretikkaprasad/Desktop/Music Data/data/fma_small/015/015625.mp3,True,1
127181,Pop,/Users/gsretikkaprasad/Desktop/Music Data/data/fma_small/127/127181.mp3,True,5
4788,Rock,/Users/gsretikkaprasad/Desktop/Music Data/data/fma_small/004/004788.mp3,True,7
131448,Pop,/Users/gsretikkaprasad/Desktop/Music Data/data/fma_small/131/131448.mp3,True,5
128472,Instrumental,/Users/gsretikkaprasad/Desktop/Music Data/data/fma_small/128/128472.mp3,True,3
6407,Folk,/Users/gsretikkaprasad/Desktop/Music Data/data/fma_small/006/006407.mp3,True,2
45941,Experimental,/Users/gsretikkaprasad/Desktop/Music Data/data/fma_small/045/045941.mp3,True,1
150268,Instrumental,/Users/gsretikkaprasad/Desktop/Music Data/data/fma_small/150/150268.mp3,True,3
42139,Experimental,/Users/gsretikkaprasad/Desktop/Music Data/data/fma_small/042/042139.mp3,True,1
51784,Electronic,/Users/gsretikkaprasad/Desktop/Music Data/data/fma_small/051/051784.mp3,True,0
74908,Rock,/Users/gsretikkaprasad/Desktop/Music Data/data/fma_small/074/074908.mp3,True,7
44169,Experimental,/Users/gsretikkaprasad/Desktop/Music Data/data/fma_small/044/044169.mp3,True,1
71252,Hip-Hop,/Users/gsretikkaprasad/Desktop/Music Data/data/fma_small/071/071252.mp3,True,6
126295,Rock,/Users/gsretikkaprasad/Desktop/Music Data/data/fma_small/126/126295.mp3,True,7
119134,Experimental,/Users/gsretikkaprasad/Desktop/Music Data/data/fma_small/119/119134.mp3,True,1
92954,Instrumental,/Users/gsretikkaprasad/Desktop/Music Data/data/fma_small/092/092954.mp3,True,3
80754,International,/Users/gsretikkaprasad/Desktop/Music Data/data/fma_small/080/080754.mp3,True,4
114073,Instrumental,/Users/gsretikkaprasad/Desktop/Music Data/data/fma_small/114/114073.mp3,True,3
108471,Instrumental,/Users/gsretikkaprasad/Desktop/Music Data/data/fma_small/108/108471.mp3,True,3
65619,Rock,/Users/gsretikkaprasad/Desktop/Music Data/data/fma_small/065/065619.mp3,True,7
149775,Experimental,/Users/gsretikkaprasad/Desktop/Music Data/data/fma_small/149/149775.mp3,True,1
73584,Folk,/Users/gsretikkaprasad/Desktop/Music Data/data/fma_small/073/073584.mp3,True,2
68549,Experimental,/Users/gsretikkaprasad/Desktop/Music Data/data/fma_small/068/068549.mp3,True,1
48015,Rock,/Users/gsretikkaprasad/Desktop/Music Data/data/fma_small/048/048015.mp3,True,7
54576,International,/Users/gsretikkaprasad/Desktop/Music Data/data/fma_small/054/054576.mp3,True,4
119578,Experimental,/Users/gsretikkaprasad/Desktop/Music Data/data/fma_small/119/119578.mp3,True,1
98627,Hip-Hop,/Users/gsretikkaprasad/Desktop/Music Data/data/fma_small/098/098627.mp3,True,6
14539,Hip-Hop,/Users/gsretikkaprasad/Desktop/Music Data/data/fma_small/014/014539.mp3,True,6
125289,Electronic,/Users/gsretikkaprasad/Desktop/Music Data/data/fma_small/125/125289.mp3,True,0
47070,Electronic,/Users/gsretikkaprasad/Desktop/Music Data/data/fma_small/047/047070.mp3,True,0
112211,Instrumental,/Users/gsretikkaprasad/Desktop/Music Data/data/fma_small/112/112211.mp3,True,3
84141,Experimental,/Users/gsretikkaprasad/Desktop/Music Data/data/fma_small/084/084141.mp3,True,1
120327,Instrumental,/Users/gsretikkaprasad/Desktop/Music Data/data/fma_small/120/120327.mp3,True,3
148607,Pop,/Users/gsretikkaprasad/Desktop/Music Data/data/fma_small/148/148607.mp3,True,5
36959,Pop,/Users/gsretikkaprasad/Desktop/Music Data/data/fma_small/036/036959.mp3,True,5
93950,Rock,/Users/gsretikkaprasad/Desktop/Music Data/data/fma_small/093/093950.mp3,True,7
7492,Hip-Hop,/Users/gsretikkaprasad/Desktop/Music Data/data/fma_small/007/007492.mp3,True,6
80756,International,/Users/gsretikkaprasad/Desktop/Music Data/data/fma_small/080/080756.mp3,True,4
38819,International,/Users/gsretikkaprasad/Desktop/Music Data/data/fma_small/038/038819.mp3,True,4
121415,Rock,/Users/gsretikkaprasad/Desktop/Music Data/data/fma_small/121/121415.mp3,True,7
130988,Instrumental,/Users/gsretikkaprasad/Desktop/Music Data/data/fma_small/130/130988.mp3,True,3
107533,Instrumental,/Users/gsretikkaprasad/Desktop/Music Data/data/fma_small/107/107533.mp3,True,3
123866,Rock,/Users/gsretikkaprasad/Desktop/Music Data/data/fma_small/123/123866.mp3,True,7
116587,Experimental,/Users/gsretikkaprasad/Desktop/Music Data/data/fma_small/116/116587.mp3,True,1
56797,Electronic,/Users/gsretikkaprasad/Desktop/Music Data/data/fma_small/056/056797.mp3,True,0
127277,Pop,/Users/gsretikkaprasad/Desktop/Music Data/data/fma_small/127/127277.mp3,True,5
85592,Pop,/Users/gsretikkaprasad/Desktop/Music Data/data/fma_small/085/085592.mp3,True,5
127279,Pop,/Users/gsretikkaprasad/Desktop/Music Data/data/fma_small/127/127279.mp3,True,5
70772,Hip-Hop,/Users/gsretikkaprasad/Desktop/Music Data/data/fma_small/070/070772.mp3,True,6
59684,International,/Users/gsretikkaprasad/Desktop/Music Data/data/fma_small/059/059684.mp3,True,4
148216,Folk,/Users/gsretikkaprasad/Desktop/Music Data/data/fma_small/148/148216.mp3,True,2
91309,Hip-Hop,/Users/gsretikkaprasad/Desktop/Music Data/data/fma_small/091/091309.mp3,True,6
68682,Electronic,/Users/gsretikkaprasad/Desktop/Music Data/data/fma_small/068/068682.mp3,True,0
129972,Rock,/Users/gsretikkaprasad/Desktop/Music Data/data/fma_small/129/129972.mp3,True,7
25601,International,/Users/gsretikkaprasad/Desktop/Music Data/data/fma_small/025/025601.mp3,True,4
54480,International,/Users/gsretikkaprasad/Desktop/Music Data/data/fma_small/054/054480.mp3,True,4
40660,Instrumental,/Users/gsretikkaprasad/Desktop/Music Data/data/fma_small/040/040660.mp3,True,3
118618,Instrumental,/Users/gsretikkaprasad/Desktop/Music Data/data/fma_small/118/118618.mp3,True,3
105890,Folk,/Users/gsretikkaprasad/Desktop/Music Data/data/fma_small/105/105890.mp3,True,2
24430,Hip-Hop,/Users/gsretikkaprasad/Desktop/Music Data/data/fma_small/024/024430.mp3,True,6
143299,Instrumental,/Users/gsretikkaprasad/Desktop/Music Data/data/fma_small/143/143299.mp3,True,3
116736,Instrumental,/Users/gsretikkaprasad/Desktop/Music Data/data/fma_small/116/116736.mp3,True,3
4077,International,/Users/gsretikkaprasad/Desktop/Music Data/data/fma_small/004/004077.mp3,True,4
11204,Hip-Hop,/Users/gsretikkaprasad/Desktop/Music Data/data/fma_small/011/011204.mp3,True,6
98299,International,/Users/gsretikkaprasad/Desktop/Music Data/data/fma_small/098/098299.mp3,True,4
36966,Pop,/Users/gsretikkaprasad/Desktop/Music Data/data/fma_small/036/036966.mp3,True,5
61160,Hip-Hop,/Users/gsretikkaprasad/Desktop/Music Data/data/fma_small/061/061160.mp3,True,6
56559,Rock,/Users/gsretikkaprasad/Desktop/Music Data/data/fma_small/056/056559.mp3,True,7
86082,Experimental,/Users/gsretikkaprasad/Desktop/Music Data/data/fma_small/086/086082.mp3,True,1
109538,Electronic,/Users/gsretikkaprasad/Desktop/Music Data/data/fma_small/109/109538.mp3,True,0
117991,Experimental,/Users/gsretikkaprasad/Desktop/Music Data/data/fma_small/117/117991.mp3,True,1
60146,International,/Users/gsretikkaprasad/Desktop/Music Data/data/fma_small/060/060146.mp3,True,4
126014,Instrumental,/Users/gsretikkaprasad/Desktop/Music Data/data/fma_small/126/126014.mp3,True,3
126676,Rock,/Users/gsretikkaprasad/Desktop/Music Data/data/fma_small/126/126676.mp3,True,7
125999,Electronic,/Users/gsretikkaprasad/Desktop/Music Data/data/fma_small/125/125999.mp3,True,0
134510,Hip-Hop,/Users/gsretikkaprasad/Desktop/Music Data/data/fma_small/134/134510.mp3,True,6
81999,Instrumental,/Users/gsretikkaprasad/Desktop/Music Data/data/fma_small/081/081999.mp3,True,3
104064,Pop,/Users/gsretikkaprasad/Desktop/Music Data/data/fma_small/104/104064.mp3,True,5
129624,Experimental,/Users/gsretikkaprasad/Desktop/Music Data/data/fma_small/129/129624.mp3,True,1
13562,Electronic,/Users/gsretikkaprasad/Desktop/Music Data/data/fma_small/013/013562.mp3,True,0
142091,Hip-Hop,/Users/gsretikkaprasad/Desktop/Music Data/data/fma_small/142/142091.mp3,True,6
113950,Folk,/Users/gsretikkaprasad/Desktop/Music Data/data/fma_small/113/113950.mp3,True,2
107949,International,/Users/gsretikkaprasad/Desktop/Music Data/data/fma_small/107/107949.mp3,True,4
62531,International,/Users/gsretikkaprasad/Desktop/Music Data/data/fma_small/062/062531.mp3,True,4
52648,Electronic,/Users/gsretikkaprasad/Desktop/Music Data/data/fma_small/052/052648.mp3,True,0
43765,International,/Users/gsretikkaprasad/Desktop/Music Data/data/fma_small/043/043765.mp3,True,4
126224,Experimental,/Users/gsretikkaprasad/Desktop/Music Data/data/fma_small/126/126224.mp3,True,1
146153,Hip-Hop,/Users/gsretikkaprasad/Desktop/Music Data/data/fma_small/146/146153.mp3,True,6
28608,Pop,/Users/gsretikkaprasad/Desktop/Music Data/data/fma_small/028/028608.mp3,True,5
114006,Instrumental,/Users/gsretikkaprasad/Desktop/Music Data/data/fma_small/114/114006.mp3,True,3
64522,Hip-Hop,/Users/gsretikkaprasad/Desktop/Music Data/data/fma_small/064/064522.mp3,True,6
32081,Rock,/Users/gsretikkaprasad/Desktop/Music Data/data/fma_small/032/032081.mp3,True,7
10521,Experimental,/Users/gsretikkaprasad/Desktop/Music Data/data/fma_small/010/010521.mp3,True,1
45393,Instrumental,/Users/gsretikkaprasad/Desktop/Music Data/data/fma_small/045/045393.mp3,True,3
121740,Pop,/Users/gsretikkaprasad/Desktop/Music Data/data/fma_small/121/121740.mp3,True,5
73821,Experimental,/Users/gsretikkaprasad/Desktop/Music Data/data/fma_small/073/073821.mp3,True,1
64628,Hip-Hop,/Users/gsretikkaprasad/Desktop/Music Data/data/fma_small/064/064628.mp3,True,6
120200,Pop,/Users/gsretikkaprasad/Desktop/Music Data/data/fma_small/120/120200.mp3,True,5
53301,International,/Users/gsretikkaprasad/Desktop/Music Data/data/fma_small/053/053301.mp3,True,4
83440,Folk,/Users/gsretikkaprasad/Desktop/Music Data/data/fma_small/083/083440.mp3,True,2
114940,International,/Users/gsretikkaprasad/Desktop/Music Data/data/fma_small/114/114940.mp3,True,4
95722,Instrumental,/Users/gsretikkaprasad/Desktop/Music Data/data/fma_small/095/095722.mp3,True,3
57175,Folk,/Users/gsretikkaprasad/Desktop/Music Data/data/fma_small/057/057175.mp3,True,2
145743,Hip-Hop,/Users/gsretikkaprasad/Desktop/Music Data/data/fma_small/145/145743.mp3,True,6
114401,Rock,/Users/gsretikkaprasad/Desktop/Music Data/data/fma_small/114/114401.mp3,True,7
132773,Electronic,/Users/gsretikkaprasad/Desktop/Music Data/data/fma_small/132/132773.mp3,True,0
81083,Folk,/Users/gsretikkaprasad/Desktop/Music Data/data/fma_small/081/081083.mp3,True,2
42240,International,/Users/gsretikkaprasad/Desktop/Music Data/data/fma_small/042/042240.mp3,True,4
124391,Rock,/Users/gsretikkaprasad/Desktop/Music Data/data/fma_small/124/124391.mp3,True,7
10387,Folk,/Users/gsretikkaprasad/Desktop/Music Data/data/fma_small/010/010387.mp3,True,2
109072,Experimental,/Users/gsretikkaprasad/Desktop/Music Data/data/fma_small/109/109072.mp3,True,1
38522,Rock,/Users/gsretikkaprasad/Desktop/Music Data/data/fma_small/038/038522.mp3,True,7
115814,Electronic,/Users/gsretikkaprasad/Desktop/Music Data/data/fma_small/115/115814.mp3,True,0
39663,Pop,/Users/gsretikkaprasad/Desktop/Music Data/data/fma_small/039/039663.mp3,True,5
85952,Pop,/Users/gsretikkaprasad/Desktop/Music Data/data/fma_small/085/085952.mp3,True,5
148585,Pop,/Users/gsretikkaprasad/Desktop/Music Data/data/fma_small/148/148585.mp3,True,5
97568,Hip-Hop,/Users/gsretikkaprasad/Desktop/Music Data/data/fma_small/097/097568.mp3,True,6
116882,Electronic,/Users/gsretikkaprasad/Desktop/Music Data/data/fma_small/116/116882.mp3,True,0
37325,Pop,/Users/gsretikkaprasad/Desktop/Music Data/data/fma_small/037/037325.mp3,True,5
20366,Instrumental,/Users/gsretikkaprasad/Desktop/Music Data/data/fma_small/020/020366.mp3,True,3
31390,Folk,/Users/gsretikkaprasad/Desktop/Music Data/data/fma_small/031/031390.mp3,True,2
84135,Experimental,/Users/gsretikkaprasad/Desktop/Music Data/data/fma_small/084/084135.mp3,True,1
92949,Instrumental,/Users/gsretikkaprasad/Desktop/Music Data/data/fma_small/092/092949.mp3,True,3
40725,Electronic,/Users/gsretikkaprasad/Desktop/Music Data/data/fma_small/040/040725.mp3,True,0
43025,International,/Users/gsretikkaprasad/Desktop/Music Data/data/fma_small/043/043025.mp3,True,4
52127,International,/Users/gsretikkaprasad/Desktop/Music Data/data/fma_small/052/052127.mp3,True,4
50539,Rock,/Users/gsretikkaprasad/Desktop/Music Data/data/fma_small/050/050539.mp3,True,7
126185,Instrumental,/Users/gsretikkaprasad/Desktop/Music Data/data/fma_small/126/126185.mp3,True,3
139772,Instrumental,/Users/gsretikkaprasad/Desktop/Music Data/data/fma_small/139/139772.mp3,True,3
110264,Hip-Hop,/Users/gsretikkaprasad/Desktop/Music Data/data/fma_small/110/110264.mp3,True,6
3950,Rock,/Users/gsretikkaprasad/Desktop/Music Data/data/fma_small/003/003950.mp3,True,7
123976,Hip-Hop,/Users/gsretikkaprasad/Desktop/Music Data/data/fma_small/123/123976.mp3,True,6
12051,Folk,/Users/gsretikkaprasad/Desktop/Music Data/data/fma_small/012/012051.mp3,True,2
101873,Experimental,/Users/gsretikkaprasad/Desktop/Music Data/data/fma_small/101/101873.mp3,True,1
87322,Pop,/Users/gsretikkaprasad/Desktop/Music Data/data/fma_small/087/087322.mp3,True,5
94026,Rock,/Users/gsretikkaprasad/Desktop/Music Data/data/fma_small/094/094026.mp3,True,7
64409,International,/Users/gsretikkaprasad/Desktop/Music Data/data/fma_small/064/064409.mp3,True,4
50283,International,/Users/gsretikkaprasad/Desktop/Music Data/data/fma_small/050/050283.mp3,True,4
94102,Rock,/Users/gsretikkaprasad/Desktop/Music Data/data/fma_small/094/094102.mp3,True,7
111819,Electronic,/Users/gsretikkaprasad/Desktop/Music Data/data/fma_small/111/111819.mp3,True,0
52118,International,/Users/gsretikkaprasad/Desktop/Music Data/data/fma_small/052/052118.mp3,True,4
73764,International,/Users/gsretikkaprasad/Desktop/Music Data/data/fma_small/073/073764.mp3,True,4
133100,Instrumental,/Users/gsretikkaprasad/Desktop/Music Data/data/fma_small/133/133100.mp3,True,3
43767,International,/Users/gsretikkaprasad/Desktop/Music Data/data/fma_small/043/043767.mp3,True,4
121589,Pop,/Users/gsretikkaprasad/Desktop/Music Data/data/fma_small/121/121589.mp3,True,5
131951,International,/Users/gsretikkaprasad/Desktop/Music Data/data/fma_small/131/131951.mp3,True,4
26017,Hip-Hop,/Users/gsretikkaprasad/Desktop/Music Data/data/fma_small/026/026017.mp3,True,6
34511,Pop,/Users/gsretikkaprasad/Desktop/Music Data/data/fma_small/034/034511.mp3,True,5
135336,Pop,/Users/gsretikkaprasad/Desktop/Music Data/data/fma_small/135/135336.mp3,True,5
124702,Hip-Hop,/Users/gsretikkaprasad/Desktop/Music Data/data/fma_small/124/124702.mp3,True,6
42019,Electronic,/Users/gsretikkaprasad/Desktop/Music Data/data/fma_small/042/042019.mp3,True,0
31391,Folk,/Users/gsretikkaprasad/Desktop/Music Data/data/fma_small/031/031391.mp3,True,2
133332,Experimental,/Users/gsretikkaprasad/Desktop/Music Data/data/fma_small/133/133332.mp3,True,1
129051,Pop,/Users/gsretikkaprasad/Desktop/Music Data/data/fma_small/129/129051.mp3,True,5
39291,Electronic,/Users/gsretikkaprasad/Desktop/Music Data/data/fma_small/039/039291.mp3,True,0
106463,Rock,/Users/gsretikkaprasad/Desktop/Music Data/data/fma_small/106/106463.mp3,True,7
145551,Folk,/Users/gsretikkaprasad/Desktop/Music Data/data/fma_small/145/145551.mp3,True,2
140584,International,/Users/gsretikkaprasad/Desktop/Music Data/data/fma_small/140/140584.mp3,True,4
26036,Hip-Hop,/Users/gsretikkaprasad/Desktop/Music Data/data/fma_small/026/026036.mp3,True,6
81660,Instrumental,/Users/gsretikkaprasad/Desktop/Music Data/data/fma_small/081/081660.mp3,True,3
83719,Hip-Hop,/Users/gsretikkaprasad/Desktop/Music Data/data/fma_small/083/083719.mp3,True,6
114040,Hip-Hop,/Users/gsretikkaprasad/Desktop/Music Data/data/fma_small/114/114040.mp3,True,6
115472,Instrumental,/Users/gsretikkaprasad/Desktop/Music Data/data/fma_small/115/115472.mp3,True,3
14571,Instrumental,/Users/gsretikkaprasad/Desktop/Music Data/data/fma_small/014/014571.mp3,True,3
132436,Experimental,/Users/gsretikkaprasad/Desktop/Music Data/data/fma_small/132/132436.mp3,True,1
132171,Rock,/Users/gsretikkaprasad/Desktop/Music Data/data/fma_small/132/132171.mp3,True,7
14736,Rock,/Users/gsretikkaprasad/Desktop/Music Data/data/fma_small/014/014736.mp3,True,7
61592,Pop,/Users/gsretikkaprasad/Desktop/Music Data/data/fma_small/061/061592.mp3,True,5
71253,Hip-Hop,/Users/gsretikkaprasad/Desktop/Music Data/data/fma_small/071/071253.mp3,True,6
13768,Hip-Hop,/Users/gsretikkaprasad/Desktop/Music Data/data/fma_small/013/013768.mp3,True,6
75747,Hip-Hop,/Users/gsretikkaprasad/Desktop/Music Data/data/fma_small/075/075747.mp3,True,6
11775,Hip-Hop,/Users/gsretikkaprasad/Desktop/Music Data/data/fma_small/011/011775.mp3,True,6
72514,Pop,/Users/gsretikkaprasad/Desktop/Music Data/data/fma_small/072/072514.mp3,True,5
91179,International,/Users/gsretikkaprasad/Desktop/Music Data/data/fma_small/091/091179.mp3,True,4
42966,Experimental,/Users/gsretikkaprasad/Desktop/Music Data/data/fma_small/042/042966.mp3,True,1
145257,Rock,/Users/gsretikkaprasad/Desktop/Music Data/data/fma_small/145/145257.mp3,True,7
109189,Instrumental,/Users/gsretikkaprasad/Desktop/Music Data/data/fma_small/109/109189.mp3,True,3
88854,Folk,/Users/gsretikkaprasad/Desktop/Music Data/data/fma_small/088/088854.mp3,True,2
9559,Rock,/Users/gsretikkaprasad/Desktop/Music Data/data/fma_small/009/009559.mp3,True,7
132139,International,/Users/gsretikkaprasad/Desktop/Music Data/data/fma_small/132/132139.mp3,True,4
11298,Hip-Hop,/Users/gsretikkaprasad/Desktop/Music Data/data/fma_small/011/011298.mp3,True,6
144548,Folk,/Users/gsretikkaprasad/Desktop/Music Data/data/fma_small/144/144548.mp3,True,2
27611,International,/Users/gsretikkaprasad/Desktop/Music Data/data/fma_small/027/027611.mp3,True,4
140939,Experimental,/Users/gsretikkaprasad/Desktop/Music Data/data/fma_small/140/140939.mp3,True,1
55123,Hip-Hop,/Users/gsretikkaprasad/Desktop/Music Data/data/fma_small/055/055123.mp3,True,6
90587,Pop,/Users/gsretikkaprasad/Desktop/Music Data/data/fma_small/090/090587.mp3,True,5
144472,Folk,/Users/gsretikkaprasad/Desktop/Music Data/data/fma_small/144/144472.mp3,True,2
110104,Electronic,/Users/gsretikkaprasad/Desktop/Music Data/data/fma_small/110/110104.mp3,True,0
133729,Rock,/Users/gsretikkaprasad/Desktop/Music Data/data/fma_small/133/133729.mp3,True,7
48368,Rock,/Users/gsretikkaprasad/Desktop/Music Data/data/fma_small/048/048368.mp3,True,7
10192,Hip-Hop,/Users/gsretikkaprasad/Desktop/Music Data/data/fma_small/010/010192.mp3,True,6
98228,Electronic,/Users/gsretikkaprasad/Desktop/Music Data/data/fma_small/098/098228.mp3,True,0
114237,Instrumental,/Users/gsretikkaprasad/Desktop/Music Data/data/fma_small/114/114237.mp3,True,3
93943,Pop,/Users/gsretikkaprasad/Desktop/Music Data/data/fma_small/093/093943.mp3,True,5
68587,Electronic,/Users/gsretikkaprasad/Desktop/Music Data/data/fma_small/068/068587.mp3,True,0
57819,Hip-Hop,/Users/gsretikkaprasad/Desktop/Music Data/data/fma_small/057/057819.mp3,True,6
45516,Folk,/Users/gsretikkaprasad/Desktop/Music Data/data/fma_small/045/045516.mp3,True,2
66483,Experimental,/Users/gsretikkaprasad/Desktop/Music Data/data/fma_small/066/066483.mp3,True,1
145610,Rock,/Users/gsretikkaprasad/Desktop/Music Data/data/fma_small/145/145610.mp3,True,7
64567,Rock,/Users/gsretikkaprasad/Desktop/Music Data/data/fma_small/064/064567.mp3,True,7
131911,Instrumental,/Users/gsretikkaprasad/Desktop/Music Data/data/fma_small/131/131911.mp3,True,3
134795,Instrumental,/Users/gsretikkaprasad/Desktop/Music Data/data/fma_small/134/134795.mp3,True,3
126667,Rock,/Users/gsretikkaprasad/Desktop/Music Data/data/fma_small/126/126667.mp3,True,7
108837,Hip-Hop,/Users/gsretikkaprasad/Desktop/Music Data/data/fma_small/108/108837.mp3,True,6
132042,Folk,/Users/gsretikkaprasad/Desktop/Music Data/data/fma_small/132/132042.mp3,True,2
115922,Folk,/Users/gsretikkaprasad/Desktop/Music Data/data/fma_small/115/115922.mp3,True,2
53228,Pop,/Users/gsretikkaprasad/Desktop/Music Data/data/fma_small/053/053228.mp3,True,5
74380,Experimental,/Users/gsretikkaprasad/Desktop/Music Data/data/fma_small/074/074380.mp3,True,1
71225,Hip-Hop,/Users/gsretikkaprasad/Desktop/Music Data/data/fma_small/071/071225.mp3,True,6
113018,Pop,/Users/gsretikkaprasad/Desktop/Music Data/data/fma_small/113/113018.mp3,True,5
135986,Electronic,/Users/gsretikkaprasad/Desktop/Music Data/data/fma_small/135/135986.mp3,True,0
128476,Pop,/Users/gsretikkaprasad/Desktop/Music Data/data/fma_small/128/128476.mp3,True,5
96695,Folk,/Users/gsretikkaprasad/Desktop/Music Data/data/fma_small/096/096695.mp3,True,2
62191,International,/Users/gsretikkaprasad/Desktop/Music Data/data/fma_small/062/062191.mp3,True,4
17499,Hip-Hop,/Users/gsretikkaprasad/Desktop/Music Data/data/fma_small/017/017499.mp3,True,6
130709,Hip-Hop,/Users/gsretikkaprasad/Desktop/Music Data/data/fma_small/130/130709.mp3,True,6
113700,International,/Users/gsretikkaprasad/Desktop/Music Data/data/fma_small/113/113700.mp3,True,4
50753,Rock,/Users/gsretikkaprasad/Desktop/Music Data/data/fma_small/050/050753.mp3,True,7
134825,Hip-Hop,/Users/gsretikkaprasad/Desktop/Music Data/data/fma_small/134/134825.mp3,True,6
135220,International,/Users/gsretikkaprasad/Desktop/Music Data/data/fma_small/135/135220.mp3,True,4
108021,Instrumental,/Users/gsretikkaprasad/Desktop/Music Data/data/fma_small/108/108021.mp3,True,3
123474,Rock,/Users/gsretikkaprasad/Desktop/Music Data/data/fma_small/123/123474.mp3,True,7
67597,Folk,/Users/gsretikkaprasad/Desktop/Music Data/data/fma_small/067/067597.mp3,True,2
21404,Pop,/Users/gsretikkaprasad/Desktop/Music Data/data/fma_small/021/021404.mp3,True,5
111389,Pop,/Users/gsretikkaprasad/Desktop/Music Data/data/fma_small/111/111389.mp3,True,5
117472,Pop,/Users/gsretikkaprasad/Desktop/Music Data/data/fma_small/117/117472.mp3,True,5
108881,Instrumental,/Users/gsretikkaprasad/Desktop/Music Data/data/fma_small/108/108881.mp3,True,3
113357,Folk,/Users/gsretikkaprasad/Desktop/Music Data/data/fma_small/113/113357.mp3,True,2
122166,Experimental,/Users/gsretikkaprasad/Desktop/Music Data/data/fma_small/122/122166.mp3,True,1
127287,Pop,/Users/gsretikkaprasad/Desktop/Music Data/data/fma_small/127/127287.mp3,True,5
152569,Instrumental,/Users/gsretikkaprasad/Desktop/Music Data/data/fma_small/152/152569.mp3,True,3
116547,Rock,/Users/gsretikkaprasad/Desktop/Music Data/data/fma_small/116/116547.mp3,True,7
87431,Rock,/Users/gsretikkaprasad/Desktop/Music Data/data/fma_small/087/087431.mp3,True,7
56020,Experimental,/Users/gsretikkaprasad/Desktop/Music Data/data/fma_small/056/056020.mp3,True,1
110209,Experimental,/Users/gsretikkaprasad/Desktop/Music Data/data/fma_small/110/110209.mp3,True,1
73467,Pop,/Users/gsretikkaprasad/Desktop/Music Data/data/fma_small/073/073467.mp3,True,5
129374,Pop,/Users/gsretikkaprasad/Desktop/Music Data/data/fma_small/129/129374.mp3,True,5
11677,International,/Users/gsretikkaprasad/Desktop/Music Data/data/fma_small/011/011677.mp3,True,4
32693,Hip-Hop,/Users/gsretikkaprasad/Desktop/Music Data/data/fma_small/032/032693.mp3,True,6
54032,Pop,/Users/gsretikkaprasad/Desktop/Music Data/data/fma_small/054/054032.mp3,True,5
81565,Instrumental,/Users/gsretikkaprasad/Desktop/Music Data/data/fma_small/081/081565.mp3,True,3
57936,Experimental,/Users/gsretikkaprasad/Desktop/Music Data/data/fma_small/057/057936.mp3,True,1
107567,Folk,/Users/gsretikkaprasad/Desktop/Music Data/data/fma_small/107/107567.mp3,True,2
21228,Hip-Hop,/Users/gsretikkaprasad/Desktop/Music Data/data/fma_small/021/021228.mp3,True,6
93983,Rock,/Users/gsretikkaprasad/Desktop/Music Data/data/fma_small/093/093983.mp3,True,7
119086,Experimental,/Users/gsretikkaprasad/Desktop/Music Data/data/fma_small/119/119086.mp3,True,1
59445,Pop,/Users/gsretikkaprasad/Desktop/Music Data/data/fma_small/059/059445.mp3,True,5
91455,Rock,/Users/gsretikkaprasad/Desktop/Music Data/data/fma_small/091/091455.mp3,True,7
3779,International,/Users/gsretikkaprasad/Desktop/Music Data/data/fma_small/003/003779.mp3,True,4
85957,Pop,/Users/gsretikkaprasad/Desktop/Music Data/data/fma_small/085/085957.mp3,True,5
75787,Rock,/Users/gsretikkaprasad/Desktop/Music Data/data/fma_small/075/075787.mp3,True,7
66646,Pop,/Users/gsretikkaprasad/Desktop/Music Data/data/fma_small/066/066646.mp3,True,5
125185,Folk,/Users/gsretikkaprasad/Desktop/Music Data/data/fma_small/125/125185.mp3,True,2
126885,Instrumental,/Users/gsretikkaprasad/Desktop/Music Data/data/fma_small/126/126885.mp3,True,3
71516,Electronic,/Users/gsretikkaprasad/Desktop/Music Data/data/fma_small/071/071516.mp3,True,0
123001,Electronic,/Users/gsretikkaprasad/Desktop/Music Data/data/fma_small/123/123001.mp3,True,0
88876,Folk,/Users/gsretikkaprasad/Desktop/Music Data/data/fma_small/088/088876.mp3,True,2
82893,Folk,/Users/gsretikkaprasad/Desktop/Music Data/data/fma_small/082/082893.mp3,True,2
7495,Rock,/Users/gsretikkaprasad/Desktop/Music Data/data/fma_small/007/007495.mp3,True,7
62005,Instrumental,/Users/gsretikkaprasad/Desktop/Music Data/data/fma_small/062/062005.mp3,True,3
65076,International,/Users/gsretikkaprasad/Desktop/Music Data/data/fma_small/065/065076.mp3,True,4
105196,Folk,/Users/gsretikkaprasad/Desktop/Music Data/data/fma_small/105/105196.mp3,True,2
148606,Pop,/Users/gsretikkaprasad/Desktop/Music Data/data/fma_small/148/148606.mp3,True,5
140925,Electronic,/Users/gsretikkaprasad/Desktop/Music Data/data/fma_small/140/140925.mp3,True,0
56895,Pop,/Users/gsretikkaprasad/Desktop/Music Data/data/fma_small/056/056895.mp3,True,5
36371,Pop,/Users/gsretikkaprasad/Desktop/Music Data/data/fma_small/036/036371.mp3,True,5
11672,International,/Users/gsretikkaprasad/Desktop/Music Data/data/fma_small/011/011672.mp3,True,4
111871,Instrumental,/Users/gsretikkaprasad/Desktop/Music Data/data/fma_small/111/111871.mp3,True,3
120333,Instrumental,/Users/gsretikkaprasad/Desktop/Music Data/data/fma_small/120/120333.mp3,True,3
109445,Folk,/Users/gsretikkaprasad/Desktop/Music Data/data/fma_small/109/109445.mp3,True,2
68895,Electronic,/Users/gsretikkaprasad/Desktop/Music Data/data/fma_small/068/068895.mp3,True,0
92574,Experimental,/Users/gsretikkaprasad/Desktop/Music Data/data/fma_small/092/092574.mp3,True,1
60756,International,/Users/gsretikkaprasad/Desktop/Music Data/data/fma_small/060/060756.mp3,True,4
73921,Pop,/Users/gsretikkaprasad/Desktop/Music Data/data/fma_small/073/073921.mp3,True,5
18144,Pop,/Users/gsretikkaprasad/Desktop/Music Data/data/fma_small/018/018144.mp3,True,5
6680,Experimental,/Users/gsretikkaprasad/Desktop/Music Data/data/fma_small/006/006680.mp3,True,1
73550,Hip-Hop,/Users/gsretikkaprasad/Desktop/Music Data/data/fma_small/073/073550.mp3,True,6
125809,Instrumental,/Users/gsretikkaprasad/Desktop/Music Data/data/fma_small/125/125809.mp3,True,3
64008,Pop,/Users/gsretikkaprasad/Desktop/Music Data/data/fma_small/064/064008.mp3,True,5
51275,Pop,/Users/gsretikkaprasad/Desktop/Music Data/data/fma_small/051/051275.mp3,True,5
112586,Experimental,/Users/gsretikkaprasad/Desktop/Music Data/data/fma_small/112/112586.mp3,True,1
7483,Hip-Hop,/Users/gsretikkaprasad/Desktop/Music Data/data/fma_small/007/007483.mp3,True,6
122647,Instrumental,/Users/gsretikkaprasad/Desktop/Music Data/data/fma_small/122/122647.mp3,True,3
59683,International,/Users/gsretikkaprasad/Desktop/Music Data/data/fma_small/059/059683.mp3,True,4
126241,Instrumental,/Users/gsretikkaprasad/Desktop/Music Data/data/fma_small/126/126241.mp3,True,3
53723,International,/Users/gsretikkaprasad/Desktop/Music Data/data/fma_small/053/053723.mp3,True,4
131774,Pop,/Users/gsretikkaprasad/Desktop/Music Data/data/fma_small/131/131774.mp3,True,5
71503,Electronic,/Users/gsretikkaprasad/Desktop/Music Data/data/fma_small/071/071503.mp3,True,0
122654,Instrumental,/Users/gsretikkaprasad/Desktop/Music Data/data/fma_small/122/122654.mp3,True,3
92508,Rock,/Users/gsretikkaprasad/Desktop/Music Data/data/fma_small/092/092508.mp3,True,7
5879,Folk,/Users/gsretikkaprasad/Desktop/Music Data/data/fma_small/005/005879.mp3,True,2
80775,International,/Users/gsretikkaprasad/Desktop/Music Data/data/fma_small/080/080775.mp3,True,4
1684,International,/Users/gsretikkaprasad/Desktop/Music Data/data/fma_small/001/001684.mp3,True,4
149689,Hip-Hop,/Users/gsretikkaprasad/Desktop/Music Data/data/fma_small/149/149689.mp3,True,6
30059,Hip-Hop,/Users/gsretikkaprasad/Desktop/Music Data/data/fma_small/030/030059.mp3,True,6
129876,International,/Users/gsretikkaprasad/Desktop/Music Data/data/fma_small/129/129876.mp3,True,4
122803,Pop,/Users/gsretikkaprasad/Desktop/Music Data/data/fma_small/122/122803.mp3,True,5
44809,Pop,/Users/gsretikkaprasad/Desktop/Music Data/data/fma_small/044/044809.mp3,True,5
118223,Experimental,/Users/gsretikkaprasad/Desktop/Music Data/data/fma_small/118/118223.mp3,True,1
24432,Hip-Hop,/Users/gsretikkaprasad/Desktop/Music Data/data/fma_small/024/024432.mp3,True,6
110687,Electronic,/Users/gsretikkaprasad/Desktop/Music Data/data/fma_small/110/110687.mp3,True,0
144215,Hip-Hop,/Users/gsretikkaprasad/Desktop/Music Data/data/fma_small/144/144215.mp3,True,6
81945,Folk,/Users/gsretikkaprasad/Desktop/Music Data/data/fma_small/081/081945.mp3,True,2
40237,Folk,/Users/gsretikkaprasad/Desktop/Music Data/data/fma_small/040/040237.mp3,True,2
98238,Instrumental,/Users/gsretikkaprasad/Desktop/Music Data/data/fma_small/098/098238.mp3,True,3
94635,Pop,/Users/gsretikkaprasad/Desktop/Music Data/data/fma_small/094/094635.mp3,True,5
777,Rock,/Users/gsretikkaprasad/Desktop/Music Data/data/fma_small/000/000777.mp3,True,7
1082,International,/Users/gsretikkaprasad/Desktop/Music Data/data/fma_small/001/001082.mp3,True,4
89196,Hip-Hop,/Users/gsretikkaprasad/Desktop/Music Data/data/fma_small/089/089196.mp3,True,6
145058,Experimental,/Users/gsretikkaprasad/Desktop/Music Data/data/fma_small/145/145058.mp3,True,1
40244,Folk,/Users/gsretikkaprasad/Desktop/Music Data/data/fma_small/040/040244.mp3,True,2
132786,Pop,/Users/gsretikkaprasad/Desktop/Music Data/data/fma_small/132/132786.mp3,True,5
120206,Pop,/Users/gsretikkaprasad/Desktop/Music Data/data/fma_small/120/120206.mp3,True,5
121590,Pop,/Users/gsretikkaprasad/Desktop/Music Data/data/fma_small/121/121590.mp3,True,5
5191,Pop,/Users/gsretikkaprasad/Desktop/Music Data/data/fma_small/005/005191.mp3,True,5
43023,International,/Users/gsretikkaprasad/Desktop/Music Data/data/fma_small/043/043023.mp3,True,4
39665,Pop,/Users/gsretikkaprasad/Desktop/Music Data/data/fma_small/039/039665.mp3,True,5
6331,International,/Users/gsretikkaprasad/Desktop/Music Data/data/fma_small/006/006331.mp3,True,4
109235,Rock,/Users/gsretikkaprasad/Desktop/Music Data/data/fma_small/109/109235.mp3,True,7
134486,Pop,/Users/gsretikkaprasad/Desktop/Music Data/data/fma_small/134/134486.mp3,True,5
122359,Folk,/Users/gsretikkaprasad/Desktop/Music Data/data/fma_small/122/122359.mp3,True,2
90590,Pop,/Users/gsretikkaprasad/Desktop/Music Data/data/fma_small/090/090590.mp3,True,5
75398,Hip-Hop,/Users/gsretikkaprasad/Desktop/Music Data/data/fma_small/075/075398.mp3,True,6
85347,Electronic,/Users/gsretikkaprasad/Desktop/Music Data/data/fma_small/085/085347.mp3,True,0
114410,Rock,/Users/gsretikkaprasad/Desktop/Music Data/data/fma_small/114/114410.mp3,True,7
63161,Experimental,/Users/gsretikkaprasad/Desktop/Music Data/data/fma_small/063/063161.mp3,True,1
125287,Electronic,/Users/gsretikkaprasad/Desktop/Music Data/data/fma_small/125/125287.mp3,True,0
129620,Experimental,/Users/gsretikkaprasad/Desktop/Music Data/data/fma_small/129/129620.mp3,True,1
3263,Folk,/Users/gsretikkaprasad/Desktop/Music Data/data/fma_small/003/003263.mp3,True,2
90639,Rock,/Users/gsretikkaprasad/Desktop/Music Data/data/fma_small/090/090639.mp3,True,7
113020,Pop,/Users/gsretikkaprasad/Desktop/Music Data/data/fma_small/113/113020.mp3,True,5
126357,Pop,/Users/gsretikkaprasad/Desktop/Music Data/data/fma_small/126/126357.mp3,True,5
60875,International,/Users/gsretikkaprasad/Desktop/Music Data/data/fma_small/060/060875.mp3,True,4
9505,Experimental,/Users/gsretikkaprasad/Desktop/Music Data/data/fma_small/009/009505.mp3,True,1
95908,Hip-Hop,/Users/gsretikkaprasad/Desktop/Music Data/data/fma_small/095/095908.mp3,True,6
43861,Hip-Hop,/Users/gsretikkaprasad/Desktop/Music Data/data/fma_small/043/043861.mp3,True,6
36144,Electronic,/Users/gsretikkaprasad/Desktop/Music Data/data/fma_small/036/036144.mp3,True,0
64627,Hip-Hop,/Users/gsretikkaprasad/Desktop/Music Data/data/fma_small/064/064627.mp3,True,6
3538,Pop,/Users/gsretikkaprasad/Desktop/Music Data/data/fma_small/003/003538.mp3,True,5
123458,Instrumental,/Users/gsretikkaprasad/Desktop/Music Data/data/fma_small/123/123458.mp3,True,3
73797,Folk,/Users/gsretikkaprasad/Desktop/Music Data/data/fma_small/073/073797.mp3,True,2
135222,International,/Users/gsretikkaprasad/Desktop/Music Data/data/fma_small/135/135222.mp3,True,4
144936,Pop,/Users/gsretikkaprasad/Desktop/Music Data/data/fma_small/144/144936.mp3,True,5
108967,Rock,/Users/gsretikkaprasad/Desktop/Music Data/data/fma_small/108/108967.mp3,True,7
148518,Pop,/Users/gsretikkaprasad/Desktop/Music Data/data/fma_small/148/148518.mp3,True,5
68354,Pop,/Users/gsretikkaprasad/Desktop/Music Data/data/fma_small/068/068354.mp3,True,5
137424,Rock,/Users/gsretikkaprasad/Desktop/Music Data/data/fma_small/137/137424.mp3,True,7
123467,Instrumental,/Users/gsretikkaprasad/Desktop/Music Data/data/fma_small/123/123467.mp3,True,3
38826,International,/Users/gsretikkaprasad/Desktop/Music Data/data/fma_small/038/038826.mp3,True,4
125813,Instrumental,/Users/gsretikkaprasad/Desktop/Music Data/data/fma_small/125/125813.mp3,True,3
93704,Folk,/Users/gsretikkaprasad/Desktop/Music Data/data/fma_small/093/093704.mp3,True,2
14661,Folk,/Users/gsretikkaprasad/Desktop/Music Data/data/fma_small/014/014661.mp3,True,2
56273,Pop,/Users/gsretikkaprasad/Desktop/Music Data/data/fma_small/056/056273.mp3,True,5
121664,Instrumental,/Users/gsretikkaprasad/Desktop/Music Data/data/fma_small/121/121664.mp3,True,3
98618,Hip-Hop,/Users/gsretikkaprasad/Desktop/Music Data/data/fma_small/098/098618.mp3,True,6
73767,International,/Users/gsretikkaprasad/Desktop/Music Data/data/fma_small/073/073767.mp3,True,4
119719,Folk,/Users/gsretikkaprasad/Desktop/Music Data/data/fma_small/119/119719.mp3,True,2
127520,Instrumental,/Users/gsretikkaprasad/Desktop/Music Data/data/fma_small/127/127520.mp3,True,3
120332,Instrumental,/Users/gsretikkaprasad/Desktop/Music Data/data/fma_small/120/120332.mp3,True,3
114405,Rock,/Users/gsretikkaprasad/Desktop/Music Data/data/fma_small/114/114405.mp3,True,7
1417,Rock,/Users/gsretikkaprasad/Desktop/Music Data/data/fma_small/001/001417.mp3,True,7
42040,Hip-Hop,/Users/gsretikkaprasad/Desktop/Music Data/data/fma_small/042/042040.mp3,True,6
133972,Instrumental,/Users/gsretikkaprasad/Desktop/Music Data/data/fma_small/133/133972.mp3,True,3
9918,Experimental,/Users/gsretikkaprasad/Desktop/Music Data/data/fma_small/009/009918.mp3,True,1
96743,International,/Users/gsretikkaprasad/Desktop/Music Data/data/fma_small/096/096743.mp3,True,4
58169,Pop,/Users/gsretikkaprasad/Desktop/Music Data/data/fma_small/058/058169.mp3,True,5
146019,Instrumental,/Users/gsretikkaprasad/Desktop/Music Data/data/fma_small/146/146019.mp3,True,3
125722,Pop,/Users/gsretikkaprasad/Desktop/Music Data/data/fma_small/125/125722.mp3,True,5
122625,Instrumental,/Users/gsretikkaprasad/Desktop/Music Data/data/fma_small/122/122625.mp3,True,3
136466,Hip-Hop,/Users/gsretikkaprasad/Desktop/Music Data/data/fma_small/136/136466.mp3,True,6
119894,Instrumental,/Users/gsretikkaprasad/Desktop/Music Data/data/fma_small/119/119894.mp3,True,3
54063,Folk,/Users/gsretikkaprasad/Desktop/Music Data/data/fma_small/054/054063.mp3,True,2
53862,Electronic,/Users/gsretikkaprasad/Desktop/Music Data/data/fma_small/053/053862.mp3,True,0
105714,Folk,/Users/gsretikkaprasad/Desktop/Music Data/data/fma_small/105/105714.mp3,True,2
89847,Hip-Hop,/Users/gsretikkaprasad/Desktop/Music Data/data/fma_small/089/089847.mp3,True,6
26322,Experimental,/Users/gsretikkaprasad/Desktop/Music Data/data/fma_small/026/026322.mp3,True,1
82915,Instrumental,/Users/gsretikkaprasad/Desktop/Music Data/data/fma_small/082/082915.mp3,True,3
24418,Hip-Hop,/Users/gsretikkaprasad/Desktop/Music Data/data/fma_small/024/024418.mp3,True,6
57272,Experimental,/Users/gsretikkaprasad/Desktop/Music Data/data/fma_small/057/057272.mp3,True,1
107579,Folk,/Users/gsretikkaprasad/Desktop/Music Data/data/fma_small/107/107579.mp3,True,2
109681,Hip-Hop,/Users/gsretikkaprasad/Desktop/Music Data/data/fma_small/109/109681.mp3,True,6
125614,Instrumental,/Users/gsretikkaprasad/Desktop/Music Data/data/fma_small/125/125614.mp3,True,3
129188,Instrumental,/Users/gsretikkaprasad/Desktop/Music Data/data/fma_small/129/129188.mp3,True,3
65685,Folk,/Users/gsretikkaprasad/Desktop/Music Data/data/fma_small/065/065685.mp3,True,2
111911,Rock,/Users/gsretikkaprasad/Desktop/Music Data/data/fma_small/111/111911.mp3,True,7
3778,International,/Users/gsretikkaprasad/Desktop/Music Data/data/fma_small/003/003778.mp3,True,4
146726,Hip-Hop,/Users/gsretikkaprasad/Desktop/Music Data/data/fma_small/146/146726.mp3,True,6
98298,International,/Users/gsretikkaprasad/Desktop/Music Data/data/fma_small/098/098298.mp3,True,4
136094,Rock,/Users/gsretikkaprasad/Desktop/Music Data/data/fma_small/136/136094.mp3,True,7
105145,Rock,/Users/gsretikkaprasad/Desktop/Music Data/data/fma_small/105/105145.mp3,True,7
70208,Hip-Hop,/Users/gsretikkaprasad/Desktop/Music Data/data/fma_small/070/070208.mp3,True,6
14541,Hip-Hop,/Users/gsretikkaprasad/Desktop/Music Data/data/fma_small/014/014541.mp3,True,6
91349,Pop,/Users/gsretikkaprasad/Desktop/Music Data/data/fma_small/091/091349.mp3,True,5
68869,Experimental,/Users/gsretikkaprasad/Desktop/Music Data/data/fma_small/068/068869.mp3,True,1
48464,Electronic,/Users/gsretikkaprasad/Desktop/Music Data/data/fma_small/048/048464.mp3,True,0
22315,International,/Users/gsretikkaprasad/Desktop/Music Data/data/fma_small/022/022315.mp3,True,4
55810,Electronic,/Users/gsretikkaprasad/Desktop/Music Data/data/fma_small/055/055810.mp3,True,0
126516,Experimental,/Users/gsretikkaprasad/Desktop/Music Data/data/fma_small/126/126516.mp3,True,1
121591,Pop,/Users/gsretikkaprasad/Desktop/Music Data/data/fma_small/121/121591.mp3,True,5
123978,Hip-Hop,/Users/gsretikkaprasad/Desktop/Music Data/data/fma_small/123/123978.mp3,True,6
39188,Experimental,/Users/gsretikkaprasad/Desktop/Music Data/data/fma_small/039/039188.mp3,True,1
112977,Instrumental,/Users/gsretikkaprasad/Desktop/Music Data/data/fma_small/112/112977.mp3,True,3
87972,Folk,/Users/gsretikkaprasad/Desktop/Music Data/data/fma_small/087/087972.mp3,True,2
23016,Electronic,/Users/gsretikkaprasad/Desktop/Music Data/data/fma_small/023/023016.mp3,True,0
47068,Electronic,/Users/gsretikkaprasad/Desktop/Music Data/data/fma_small/047/047068.mp3,True,0
43886,Experimental,/Users/gsretikkaprasad/Desktop/Music Data/data/fma_small/043/043886.mp3,True,1
54753,Hip-Hop,/Users/gsretikkaprasad/Desktop/Music Data/data/fma_small/054/054753.mp3,True,6
126405,Pop,/Users/gsretikkaprasad/Desktop/Music Data/data/fma_small/126/126405.mp3,True,5
87237,Electronic,/Users/gsretikkaprasad/Desktop/Music Data/data/fma_small/087/087237.mp3,True,0
14588,Instrumental,/Users/gsretikkaprasad/Desktop/Music Data/data/fma_small/014/014588.mp3,True,3
142418,Rock,/Users/gsretikkaprasad/Desktop/Music Data/data/fma_small/142/142418.mp3,True,7
128699,Rock,/Users/gsretikkaprasad/Desktop/Music Data/data/fma_small/128/128699.mp3,True,7
28479,Pop,/Users/gsretikkaprasad/Desktop/Music Data/data/fma_small/028/028479.mp3,True,5
139935,Electronic,/Users/gsretikkaprasad/Desktop/Music Data/data/fma_small/139/139935.mp3,True,0
138016,Folk,/Users/gsretikkaprasad/Desktop/Music Data/data/fma_small/138/138016.mp3,True,2
58117,Pop,/Users/gsretikkaprasad/Desktop/Music Data/data/fma_small/058/058117.mp3,True,5
72074,Electronic,/Users/gsretikkaprasad/Desktop/Music Data/data/fma_small/072/072074.mp3,True,0
92535,Folk,/Users/gsretikkaprasad/Desktop/Music Data/data/fma_small/092/092535.mp3,True,2
62594,International,/Users/gsretikkaprasad/Desktop/Music Data/data/fma_small/062/062594.mp3,True,4
139954,Electronic,/Users/gsretikkaprasad/Desktop/Music Data/data/fma_small/139/139954.mp3,True,0
129042,Instrumental,/Users/gsretikkaprasad/Desktop/Music Data/data/fma_small/129/129042.mp3,True,3
69554,Hip-Hop,/Users/gsretikkaprasad/Desktop/Music Data/data/fma_small/069/069554.mp3,True,6
100550,Electronic,/Users/gsretikkaprasad/Desktop/Music Data/data/fma_small/100/100550.mp3,True,0
67331,Pop,/Users/gsretikkaprasad/Desktop/Music Data/data/fma_small/067/067331.mp3,True,5
110629,Experimental,/Users/gsretikkaprasad/Desktop/Music Data/data/fma_small/110/110629.mp3,True,1
81195,Electronic,/Users/gsretikkaprasad/Desktop/Music Data/data/fma_small/081/081195.mp3,True,0
128482,Pop,/Users/gsretikkaprasad/Desktop/Music Data/data/fma_small/128/128482.mp3,True,5
135371,Rock,/Users/gsretikkaprasad/Desktop/Music Data/data/fma_small/135/135371.mp3,True,7
127498,Instrumental,/Users/gsretikkaprasad/Desktop/Music Data/data/fma_small/127/127498.mp3,True,3
17588,Electronic,/Users/gsretikkaprasad/Desktop/Music Data/data/fma_small/017/017588.mp3,True,0
124175,Instrumental,/Users/gsretikkaprasad/Desktop/Music Data/data/fma_small/124/124175.mp3,True,3
74945,Pop,/Users/gsretikkaprasad/Desktop/Music Data/data/fma_small/074/074945.mp3,True,5
37113,Instrumental,/Users/gsretikkaprasad/Desktop/Music Data/data/fma_small/037/037113.mp3,True,3
113267,International,/Users/gsretikkaprasad/Desktop/Music Data/data/fma_small/113/113267.mp3,True,4
122649,Instrumental,/Users/gsretikkaprasad/Desktop/Music Data/data/fma_small/122/122649.mp3,True,3
89992,Experimental,/Users/gsretikkaprasad/Desktop/Music Data/data/fma_small/089/089992.mp3,True,1
54942,Rock,/Users/gsretikkaprasad/Desktop/Music Data/data/fma_small/054/054942.mp3,True,7
94638,Pop,/Users/gsretikkaprasad/Desktop/Music Data/data/fma_small/094/094638.mp3,True,5
32001,Rock,/Users/gsretikkaprasad/Desktop/Music Data/data/fma_small/032/032001.mp3,True,7
116704,Folk,/Users/gsretikkaprasad/Desktop/Music Data/data/fma_small/116/116704.mp3,True,2
145780,Rock,/Users/gsretikkaprasad/Desktop/Music Data/data/fma_small/145/145780.mp3,True,7
26466,Folk,/Users/gsretikkaprasad/Desktop/Music Data/data/fma_small/026/026466.mp3,True,2
55481,Experimental,/Users/gsretikkaprasad/Desktop/Music Data/data/fma_small/055/055481.mp3,True,1
143186,Experimental,/Users/gsretikkaprasad/Desktop/Music Data/data/fma_small/143/143186.mp3,True,1
38780,International,/Users/gsretikkaprasad/Desktop/Music Data/data/fma_small/038/038780.mp3,True,4
92868,Rock,/Users/gsretikkaprasad/Desktop/Music Data/data/fma_small/092/092868.mp3,True,7
118279,Rock,/Users/gsretikkaprasad/Desktop/Music Data/data/fma_small/118/118279.mp3,True,7
87192,Pop,/Users/gsretikkaprasad/Desktop/Music Data/data/fma_small/087/087192.mp3,True,5
109468,Rock,/Users/gsretikkaprasad/Desktop/Music Data/data/fma_small/109/109468.mp3,True,7
67333,Pop,/Users/gsretikkaprasad/Desktop/Music Data/data/fma_small/067/067333.mp3,True,5
105412,Electronic,/Users/gsretikkaprasad/Desktop/Music Data/data/fma_small/105/105412.mp3,True,0
125616,Instrumental,/Users/gsretikkaprasad/Desktop/Music Data/data/fma_small/125/125616.mp3,True,3
94263,Electronic,/Users/gsretikkaprasad/Desktop/Music Data/data/fma_small/094/094263.mp3,True,0
141592,International,/Users/gsretikkaprasad/Desktop/Music Data/data/fma_small/141/141592.mp3,True,4
93981,International,/Users/gsretikkaprasad/Desktop/Music Data/data/fma_small/093/093981.mp3,True,4
121474,Instrumental,/Users/gsretikkaprasad/Desktop/Music Data/data/fma_small/121/121474.mp3,True,3
141179,Pop,/Users/gsretikkaprasad/Desktop/Music Data/data/fma_small/141/141179.mp3,True,5
49072,Experimental,/Users/gsretikkaprasad/Desktop/Music Data/data/fma_small/049/049072.mp3,True,1
57628,Experimental,/Users/gsretikkaprasad/Desktop/Music Data/data/fma_small/057/057628.mp3,True,1
72059,Folk,/Users/gsretikkaprasad/Desktop/Music Data/data/fma_small/072/072059.mp3,True,2
126018,Instrumental,/Users/gsretikkaprasad/Desktop/Music Data/data/fma_small/126/126018.mp3,True,3
123461,Instrumental,/Users/gsretikkaprasad/Desktop/Music Data/data/fma_small/123/123461.mp3,True,3
7373,Experimental,/Users/gsretikkaprasad/Desktop/Music Data/data/fma_small/007/007373.mp3,True,1
17607,International,/Users/gsretikkaprasad/Desktop/Music Data/data/fma_small/017/017607.mp3,True,4
71158,Hip-Hop,/Users/gsretikkaprasad/Desktop/Music Data/data/fma_small/071/071158.mp3,True,6
141139,Instrumental,/Users/gsretikkaprasad/Desktop/Music Data/data/fma_small/141/141139.mp3,True,3
137725,Rock,/Users/gsretikkaprasad/Desktop/Music Data/data/fma_small/137/137725.mp3,True,7
121321,Hip-Hop,/Users/gsretikkaprasad/Desktop/Music Data/data/fma_small/121/121321.mp3,True,6
37121,Experimental,/Users/gsretikkaprasad/Desktop/Music Data/data/fma_small/037/037121.mp3,True,1
145749,Hip-Hop,/Users/gsretikkaprasad/Desktop/Music Data/data/fma_small/145/145749.mp3,True,6
108475,Instrumental,/Users/gsretikkaprasad/Desktop/Music Data/data/fma_small/108/108475.mp3,True,3
44803,Experimental,/Users/gsretikkaprasad/Desktop/Music Data/data/fma_small/044/044803.mp3,True,1
90591,Pop,/Users/gsretikkaprasad/Desktop/Music Data/data/fma_small/090/090591.mp3,True,5
116029,Electronic,/Users/gsretikkaprasad/Desktop/Music Data/data/fma_small/116/116029.mp3,True,0
52126,International,/Users/gsretikkaprasad/Desktop/Music Data/data/fma_small/052/052126.mp3,True,4
47198,Experimental,/Users/gsretikkaprasad/Desktop/Music Data/data/fma_small/047/047198.mp3,True,1
127205,Pop,/Users/gsretikkaprasad/Desktop/Music Data/data/fma_small/127/127205.mp3,True,5
113166,Rock,/Users/gsretikkaprasad/Desktop/Music Data/data/fma_small/113/113166.mp3,True,7
3270,Folk,/Users/gsretikkaprasad/Desktop/Music Data/data/fma_small/003/003270.mp3,True,2
62450,Pop,/Users/gsretikkaprasad/Desktop/Music Data/data/fma_small/062/062450.mp3,True,5
81988,Instrumental,/Users/gsretikkaprasad/Desktop/Music Data/data/fma_small/081/081988.mp3,True,3
16095,Pop,/Users/gsretikkaprasad/Desktop/Music Data/data/fma_small/016/016095.mp3,True,5
114375,Instrumental,/Users/gsretikkaprasad/Desktop/Music Data/data/fma_small/114/114375.mp3,True,3
36388,Pop,/Users/gsretikkaprasad/Desktop/Music Data/data/fma_small/036/036388.mp3,True,5
121735,Pop,/Users/gsretikkaprasad/Desktop/Music Data/data/fma_small/121/121735.mp3,True,5
91087,Electronic,/Users/gsretikkaprasad/Desktop/Music Data/data/fma_small/091/091087.mp3,True,0
93915,Instrumental,/Users/gsretikkaprasad/Desktop/Music Data/data/fma_small/093/093915.mp3,True,3
75932,Hip-Hop,/Users/gsretikkaprasad/Desktop/Music Data/data/fma_small/075/075932.mp3,True,6
43028,International,/Users/gsretikkaprasad/Desktop/Music Data/data/fma_small/043/043028.mp3,True,4
54467,International,/Users/gsretikkaprasad/Desktop/Music Data/data/fma_small/054/054467.mp3,True,4
70655,Hip-Hop,/Users/gsretikkaprasad/Desktop/Music Data/data/fma_small/070/070655.mp3,True,6
126226,Experimental,/Users/gsretikkaprasad/Desktop/Music Data/data/fma_small/126/126226.mp3,True,1
119898,Instrumental,/Users/gsretikkaprasad/Desktop/Music Data/data/fma_small/119/119898.mp3,True,3
108017,Instrumental,/Users/gsretikkaprasad/Desktop/Music Data/data/fma_small/108/108017.mp3,True,3
72562,Folk,/Users/gsretikkaprasad/Desktop/Music Data/data/fma_small/072/072562.mp3,True,2
97585,Folk,/Users/gsretikkaprasad/Desktop/Music Data/data/fma_small/097/097585.mp3,True,2
145020,Rock,/Users/gsretikkaprasad/Desktop/Music Data/data/fma_small/145/145020.mp3,True,7
125815,Instrumental,/Users/gsretikkaprasad/Desktop/Music Data/data/fma_small/125/125815.mp3,True,3
120300,Instrumental,/Users/gsretikkaprasad/Desktop/Music Data/data/fma_small/120/120300.mp3,True,3
31165,International,/Users/gsretikkaprasad/Desktop/Music Data/data/fma_small/031/031165.mp3,True,4
42044,Rock,/Users/gsretikkaprasad/Desktop/Music Data/data/fma_small/042/042044.mp3,True,7
145550,Folk,/Users/gsretikkaprasad/Desktop/Music Data/data/fma_small/145/145550.mp3,True,2
85290,Electronic,/Users/gsretikkaprasad/Desktop/Music Data/data/fma_small/085/085290.mp3,True,0
125824,Instrumental,/Users/gsretikkaprasad/Desktop/Music Data/data/fma_small/125/125824.mp3,True,3
114404,Rock,/Users/gsretikkaprasad/Desktop/Music Data/data/fma_small/114/114404.mp3,True,7
123000,Electronic,/Users/gsretikkaprasad/Desktop/Music Data/data/fma_small/123/123000.mp3,True,0
126233,Instrumental,/Users/gsretikkaprasad/Desktop/Music Data/data/fma_small/126/126233.mp3,True,3
97587,Folk,/Users/gsretikkaprasad/Desktop/Music Data/data/fma_small/097/097587.mp3,True,2
62452,Pop,/Users/gsretikkaprasad/Desktop/Music Data/data/fma_small/062/062452.mp3,True,5
59653,International,/Users/gsretikkaprasad/Desktop/Music Data/data/fma_small/059/059653.mp3,True,4
107189,International,/Users/gsretikkaprasad/Desktop/Music Data/data/fma_small/107/107189.mp3,True,4
85837,Electronic,/Users/gsretikkaprasad/Desktop/Music Data/data/fma_small/085/085837.mp3,True,0
75749,Hip-Hop,/Users/gsretikkaprasad/Desktop/Music Data/data/fma_small/075/075749.mp3,True,6
148773,Electronic,/Users/gsretikkaprasad/Desktop/Music Data/data/fma_small/148/148773.mp3,True,0
131979,Rock,/Users/gsretikkaprasad/Desktop/Music Data/data/fma_small/131/131979.mp3,True,7
1666,Pop,/Users/gsretikkaprasad/Desktop/Music Data/data/fma_small/001/001666.mp3,True,5
136467,Hip-Hop,/Users/gsretikkaprasad/Desktop/Music Data/data/fma_small/136/136467.mp3,True,6
26638,Rock,/Users/gsretikkaprasad/Desktop/Music Data/data/fma_small/026/026638.mp3,True,7
59373,Rock,/Users/gsretikkaprasad/Desktop/Music Data/data/fma_small/059/059373.mp3,True,7
72076,Electronic,/Users/gsretikkaprasad/Desktop/Music Data/data/fma_small/072/072076.mp3,True,0
54153,Instrumental,/Users/gsretikkaprasad/Desktop/Music Data/data/fma_small/054/054153.mp3,True,3
59449,Pop,/Users/gsretikkaprasad/Desktop/Music Data/data/fma_small/059/059449.mp3,True,5
145750,Hip-Hop,/Users/gsretikkaprasad/Desktop/Music Data/data/fma_small/145/145750.mp3,True,6
14733,Rock,/Users/gsretikkaprasad/Desktop/Music Data/data/fma_small/014/014733.mp3,True,7
19890,International,/Users/gsretikkaprasad/Desktop/Music Data/data/fma_small/019/019890.mp3,True,4
150062,Folk,/Users/gsretikkaprasad/Desktop/Music Data/data/fma_small/150/150062.mp3,True,2
107613,Electronic,/Users/gsretikkaprasad/Desktop/Music Data/data/fma_small/107/107613.mp3,True,0
95724,Instrumental,/Users/gsretikkaprasad/Desktop/Music Data/data/fma_small/095/095724.mp3,True,3
129049,Pop,/Users/gsretikkaprasad/Desktop/Music Data/data/fma_small/129/129049.mp3,True,5
133435,Instrumental,/Users/gsretikkaprasad/Desktop/Music Data/data/fma_small/133/133435.mp3,True,3
56645,Rock,/Users/gsretikkaprasad/Desktop/Music Data/data/fma_small/056/056645.mp3,True,7
120308,Instrumental,/Users/gsretikkaprasad/Desktop/Music Data/data/fma_small/120/120308.mp3,True,3
10575,Folk,/Users/gsretikkaprasad/Desktop/Music Data/data/fma_small/010/010575.mp3,True,2
83791,Rock,/Users/gsretikkaprasad/Desktop/Music Data/data/fma_small/083/083791.mp3,True,7
52954,Folk,/Users/gsretikkaprasad/Desktop/Music Data/data/fma_small/052/052954.mp3,True,2
81457,Instrumental,/Users/gsretikkaprasad/Desktop/Music Data/data/fma_small/081/081457.mp3,True,3
86040,Instrumental,/Users/gsretikkaprasad/Desktop/Music Data/data/fma_small/086/086040.mp3,True,3
31356,Folk,/Users/gsretikkaprasad/Desktop/Music Data/data/fma_small/031/031356.mp3,True,2
21895,Electronic,/Users/gsretikkaprasad/Desktop/Music Data/data/fma_small/021/021895.mp3,True,0
98575,Hip-Hop,/Users/gsretikkaprasad/Desktop/Music Data/data/fma_small/098/098575.mp3,True,6
4785,Rock,/Users/gsretikkaprasad/Desktop/Music Data/data/fma_small/004/004785.mp3,True,7
25215,International,/Users/gsretikkaprasad/Desktop/Music Data/data/fma_small/025/025215.mp3,True,4
107532,Instrumental,/Users/gsretikkaprasad/Desktop/Music Data/data/fma_small/107/107532.mp3,True,3
147412,Rock,/Users/gsretikkaprasad/Desktop/Music Data/data/fma_small/147/147412.mp3,True,7
42141,Experimental,/Users/gsretikkaprasad/Desktop/Music Data/data/fma_small/042/042141.mp3,True,1
64629,Hip-Hop,/Users/gsretikkaprasad/Desktop/Music Data/data/fma_small/064/064629.mp3,True,6
23156,International,/Users/gsretikkaprasad/Desktop/Music Data/data/fma_small/023/023156.mp3,True,4
14208,Electronic,/Users/gsretikkaprasad/Desktop/Music Data/data/fma_small/014/014208.mp3,True,0
210,Folk,/Users/gsretikkaprasad/Desktop/Music Data/data/fma_small/000/000210.mp3,True,2
133294,Experimental,/Users/gsretikkaprasad/Desktop/Music Data/data/fma_small/133/133294.mp3,True,1
119727,Experimental,/Users/gsretikkaprasad/Desktop/Music Data/data/fma_small/119/119727.mp3,True,1
89704,Rock,/Users/gsretikkaprasad/Desktop/Music Data/data/fma_small/089/089704.mp3,True,7
71506,Electronic,/Users/gsretikkaprasad/Desktop/Music Data/data/fma_small/071/071506.mp3,True,0
24524,Experimental,/Users/gsretikkaprasad/Desktop/Music Data/data/fma_small/024/024524.mp3,True,1
141878,Rock,/Users/gsretikkaprasad/Desktop/Music Data/data/fma_small/141/141878.mp3,True,7
54662,Electronic,/Users/gsretikkaprasad/Desktop/Music Data/data/fma_small/054/054662.mp3,True,0
64408,International,/Users/gsretikkaprasad/Desktop/Music Data/data/fma_small/064/064408.mp3,True,4
49407,Experimental,/Users/gsretikkaprasad/Desktop/Music Data/data/fma_small/049/049407.mp3,True,1
6677,Experimental,/Users/gsretikkaprasad/Desktop/Music Data/data/fma_small/006/006677.mp3,True,1
132454,Folk,/Users/gsretikkaprasad/Desktop/Music Data/data/fma_small/132/132454.mp3,True,2
6332,International,/Users/gsretikkaprasad/Desktop/Music Data/data/fma_small/006/006332.mp3,True,4
73770,International,/Users/gsretikkaprasad/Desktop/Music Data/data/fma_small/073/073770.mp3,True,4
18159,Folk,/Users/gsretikkaprasad/Desktop/Music Data/data/fma_small/018/018159.mp3,True,2
13706,Electronic,/Users/gsretikkaprasad/Desktop/Music Data/data/fma_small/013/013706.mp3,True,0
1197,Folk,/Users/gsretikkaprasad/Desktop/Music Data/data/fma_small/001/001197.mp3,True,2
12179,Pop,/Users/gsretikkaprasad/Desktop/Music Data/data/fma_small/012/012179.mp3,True,5
150265,Instrumental,/Users/gsretikkaprasad/Desktop/Music Data/data/fma_small/150/150265.mp3,True,3
4779,Rock,/Users/gsretikkaprasad/Desktop/Music Data/data/fma_small/004/004779.mp3,True,7
127296,Pop,/Users/gsretikkaprasad/Desktop/Music Data/data/fma_small/127/127296.mp3,True,5
49064,Experimental,/Users/gsretikkaprasad/Desktop/Music Data/data/fma_small/049/049064.mp3,True,1
64364,Pop,/Users/gsretikkaprasad/Desktop/Music Data/data/fma_small/064/064364.mp3,True,5
132793,Pop,/Users/gsretikkaprasad/Desktop/Music Data/data/fma_small/132/132793.mp3,True,5
125681,Instrumental,/Users/gsretikkaprasad/Desktop/Music Data/data/fma_small/125/125681.mp3,True,3
107427,Electronic,/Users/gsretikkaprasad/Desktop/Music Data/data/fma_small/107/107427.mp3,True,0
121256,Rock,/Users/gsretikkaprasad/Desktop/Music Data/data/fma_small/121/121256.mp3,True,7
85832,Electronic,/Users/gsretikkaprasad/Desktop/Music Data/data/fma_small/085/085832.mp3,True,0
83558,Hip-Hop,/Users/gsretikkaprasad/Desktop/Music Data/data/fma_small/083/083558.mp3,True,6
47665,Pop,/Users/gsretikkaprasad/Desktop/Music Data/data/fma_small/047/047665.mp3,True,5
75425,Hip-Hop,/Users/gsretikkaprasad/Desktop/Music Data/data/fma_small/075/075425.mp3,True,6
110102,Electronic,/Users/gsretikkaprasad/Desktop/Music Data/data/fma_small/110/110102.mp3,True,0
142534,International,/Users/gsretikkaprasad/Desktop/Music Data/data/fma_small/142/142534.mp3,True,4
119922,Rock,/Users/gsretikkaprasad/Desktop/Music Data/data/fma_small/119/119922.mp3,True,7
88871,Folk,/Users/gsretikkaprasad/Desktop/Music Data/data/fma_small/088/088871.mp3,True,2
6783,Folk,/Users/gsretikkaprasad/Desktop/Music Data/data/fma_small/006/006783.mp3,True,2
66783,Pop,/Users/gsretikkaprasad/Desktop/Music Data/data/fma_small/066/066783.mp3,True,5
48493,International,/Users/gsretikkaprasad/Desktop/Music Data/data/fma_small/048/048493.mp3,True,4
134939,International,/Users/gsretikkaprasad/Desktop/Music Data/data/fma_small/134/134939.mp3,True,4
88485,Experimental,/Users/gsretikkaprasad/Desktop/Music Data/data/fma_small/088/088485.mp3,True,1
148514,Pop,/Users/gsretikkaprasad/Desktop/Music Data/data/fma_small/148/148514.mp3,True,5
89841,Hip-Hop,/Users/gsretikkaprasad/Desktop/Music Data/data/fma_small/089/089841.mp3,True,6
43599,International,/Users/gsretikkaprasad/Desktop/Music Data/data/fma_small/043/043599.mp3,True,4
69201,Electronic,/Users/gsretikkaprasad/Desktop/Music Data/data/fma_small/069/069201.mp3,True,0
115273,International,/Users/gsretikkaprasad/Desktop/Music Data/data/fma_small/115/115273.mp3,True,4
92466,Electronic,/Users/gsretikkaprasad/Desktop/Music Data/data/fma_small/092/092466.mp3,True,0
117668,International,/Users/gsretikkaprasad/Desktop/Music Data/data/fma_small/117/117668.mp3,True,4
114558,Electronic,/Users/gsretikkaprasad/Desktop/Music Data/data/fma_small/114/114558.mp3,True,0
73779,International,/Users/gsretikkaprasad/Desktop/Music Data/data/fma_small/073/073779.mp3,True,4
122457,Electronic,/Users/gsretikkaprasad/Desktop/Music Data/data/fma_small/122/122457.mp3,True,0
4072,International,/Users/gsretikkaprasad/Desktop/Music Data/data/fma_small/004/004072.mp3,True,4
49476,Hip-Hop,/Users/gsretikkaprasad/Desktop/Music Data/data/fma_small/049/049476.mp3,True,6
56690,International,/Users/gsretikkaprasad/Desktop/Music Data/data/fma_small/056/056690.mp3,True,4
127339,Rock,/Users/gsretikkaprasad/Desktop/Music Data/data/fma_small/127/127339.mp3,True,7
115272,International,/Users/gsretikkaprasad/Desktop/Music Data/data/fma_small/115/115272.mp3,True,4
60533,International,/Users/gsretikkaprasad/Desktop/Music Data/data/fma_small/060/060533.mp3,True,4
125825,Instrumental,/Users/gsretikkaprasad/Desktop/Music Data/data/fma_small/125/125825.mp3,True,3
60873,International,/Users/gsretikkaprasad/Desktop/Music Data/data/fma_small/060/060873.mp3,True,4
97211,Folk,/Users/gsretikkaprasad/Desktop/Music Data/data/fma_small/097/097211.mp3,True,2
126671,Rock,/Users/gsretikkaprasad/Desktop/Music Data/data/fma_small/126/126671.mp3,True,7
82886,Experimental,/Users/gsretikkaprasad/Desktop/Music Data/data/fma_small/082/082886.mp3,True,1
131567,Experimental,/Users/gsretikkaprasad/Desktop/Music Data/data/fma_small/131/131567.mp3,True,1
106955,Rock,/Users/gsretikkaprasad/Desktop/Music Data/data/fma_small/106/106955.mp3,True,7
41570,Folk,/Users/gsretikkaprasad/Desktop/Music Data/data/fma_small/041/041570.mp3,True,2
108495,Hip-Hop,/Users/gsretikkaprasad/Desktop/Music Data/data/fma_small/108/108495.mp3,True,6
123835,Rock,/Users/gsretikkaprasad/Desktop/Music Data/data/fma_small/123/123835.mp3,True,7
47670,Pop,/Users/gsretikkaprasad/Desktop/Music Data/data/fma_small/047/047670.mp3,True,5
145189,Instrumental,/Users/gsretikkaprasad/Desktop/Music Data/data/fma_small/145/145189.mp3,True,3
138215,Hip-Hop,/Users/gsretikkaprasad/Desktop/Music Data/data/fma_small/138/138215.mp3,True,6
68410,Experimental,/Users/gsretikkaprasad/Desktop/Music Data/data/fma_small/068/068410.mp3,True,1
133942,Instrumental,/Users/gsretikkaprasad/Desktop/Music Data/data/fma_small/133/133942.mp3,True,3
43699,International,/Users/gsretikkaprasad/Desktop/Music Data/data/fma_small/043/043699.mp3,True,4
141591,International,/Users/gsretikkaprasad/Desktop/Music Data/data/fma_small/141/141591.mp3,True,4
10480,Folk,/Users/gsretikkaprasad/Desktop/Music Data/data/fma_small/010/010480.mp3,True,2
892,Folk,/Users/gsretikkaprasad/Desktop/Music Data/data/fma_small/000/000892.mp3,True,2
73099,Experimental,/Users/gsretikkaprasad/Desktop/Music Data/data/fma_small/073/073099.mp3,True,1
73519,Rock,/Users/gsretikkaprasad/Desktop/Music Data/data/fma_small/073/073519.mp3,True,7
91312,Hip-Hop,/Users/gsretikkaprasad/Desktop/Music Data/data/fma_small/091/091312.mp3,True,6
31807,Folk,/Users/gsretikkaprasad/Desktop/Music Data/data/fma_small/031/031807.mp3,True,2
87121,Rock,/Users/gsretikkaprasad/Desktop/Music Data/data/fma_small/087/087121.mp3,True,7
149951,Hip-Hop,/Users/gsretikkaprasad/Desktop/Music Data/data/fma_small/149/149951.mp3,True,6
32021,Rock,/Users/gsretikkaprasad/Desktop/Music Data/data/fma_small/032/032021.mp3,True,7
43761,Folk,/Users/gsretikkaprasad/Desktop/Music Data/data/fma_small/043/043761.mp3,True,2
134932,International,/Users/gsretikkaprasad/Desktop/Music Data/data/fma_small/134/134932.mp3,True,4
72075,Electronic,/Users/gsretikkaprasad/Desktop/Music Data/data/fma_small/072/072075.mp3,True,0
120309,Instrumental,/Users/gsretikkaprasad/Desktop/Music Data/data/fma_small/120/120309.mp3,True,3
142569,International,/Users/gsretikkaprasad/Desktop/Music Data/data/fma_small/142/142569.mp3,True,4
61742,Pop,/Users/gsretikkaprasad/Desktop/Music Data/data/fma_small/061/061742.mp3,True,5
12552,Pop,/Users/gsretikkaprasad/Desktop/Music Data/data/fma_small/012/012552.mp3,True,5
55718,Rock,/Users/gsretikkaprasad/Desktop/Music Data/data/fma_small/055/055718.mp3,True,7
68531,Hip-Hop,/Users/gsretikkaprasad/Desktop/Music Data/data/fma_small/068/068531.mp3,True,6
154303,Hip-Hop,/Users/gsretikkaprasad/Desktop/Music Data/data/fma_small/154/154303.mp3,True,6
63999,Pop,/Users/gsretikkaprasad/Desktop/Music Data/data/fma_small/063/063999.mp3,True,5
52035,Pop,/Users/gsretikkaprasad/Desktop/Music Data/data/fma_small/052/052035.mp3,True,5
45099,Electronic,/Users/gsretikkaprasad/Desktop/Music Data/data/fma_small/045/045099.mp3,True,0
138069,Pop,/Users/gsretikkaprasad/Desktop/Music Data/data/fma_small/138/138069.mp3,True,5
116883,Folk,/Users/gsretikkaprasad/Desktop/Music Data/data/fma_small/116/116883.mp3,True,2
92275,Electronic,/Users/gsretikkaprasad/Desktop/Music Data/data/fma_small/092/092275.mp3,True,0
110651,Instrumental,/Users/gsretikkaprasad/Desktop/Music Data/data/fma_small/110/110651.mp3,True,3
132142,International,/Users/gsretikkaprasad/Desktop/Music Data/data/fma_small/132/132142.mp3,True,4
4070,International,/Users/gsretikkaprasad/Desktop/Music Data/data/fma_small/004/004070.mp3,True,4
133553,Instrumental,/Users/gsretikkaprasad/Desktop/Music Data/data/fma_small/133/133553.mp3,True,3
126187,Instrumental,/Users/gsretikkaprasad/Desktop/Music Data/data/fma_small/126/126187.mp3,True,3
58053,Experimental,/Users/gsretikkaprasad/Desktop/Music Data/data/fma_small/058/058053.mp3,True,1
114534,Instrumental,/Users/gsretikkaprasad/Desktop/Music Data/data/fma_small/114/114534.mp3,True,3
140790,Folk,/Users/gsretikkaprasad/Desktop/Music Data/data/fma_small/140/140790.mp3,True,2
109687,Hip-Hop,/Users/gsretikkaprasad/Desktop/Music Data/data/fma_small/109/109687.mp3,True,6
130944,Folk,/Users/gsretikkaprasad/Desktop/Music Data/data/fma_small/130/130944.mp3,True,2
121987,Experimental,/Users/gsretikkaprasad/Desktop/Music Data/data/fma_small/121/121987.mp3,True,1
26007,Hip-Hop,/Users/gsretikkaprasad/Desktop/Music Data/data/fma_small/026/026007.mp3,True,6
112733,Rock,/Users/gsretikkaprasad/Desktop/Music Data/data/fma_small/112/112733.mp3,True,7
109978,Pop,/Users/gsretikkaprasad/Desktop/Music Data/data/fma_small/109/109978.mp3,True,5
142089,Hip-Hop,/Users/gsretikkaprasad/Desktop/Music Data/data/fma_small/142/142089.mp3,True,6
129398,International,/Users/gsretikkaprasad/Desktop/Music Data/data/fma_small/129/129398.mp3,True,4
125617,Instrumental,/Users/gsretikkaprasad/Desktop/Music Data/data/fma_small/125/125617.mp3,True,3
113033,Hip-Hop,/Users/gsretikkaprasad/Desktop/Music Data/data/fma_small/113/113033.mp3,True,6
71250,Hip-Hop,/Users/gsretikkaprasad/Desktop/Music Data/data/fma_small/071/071250.mp3,True,6
111382,Pop,/Users/gsretikkaprasad/Desktop/Music Data/data/fma_small/111/111382.mp3,True,5
76440,Folk,/Users/gsretikkaprasad/Desktop/Music Data/data/fma_small/076/076440.mp3,True,2
94419,Rock,/Users/gsretikkaprasad/Desktop/Music Data/data/fma_small/094/094419.mp3,True,7
45335,Pop,/Users/gsretikkaprasad/Desktop/Music Data/data/fma_small/045/045335.mp3,True,5
114430,Rock,/Users/gsretikkaprasad/Desktop/Music Data/data/fma_small/114/114430.mp3,True,7
67639,Electronic,/Users/gsretikkaprasad/Desktop/Music Data/data/fma_small/067/067639.mp3,True,0
117160,Instrumental,/Users/gsretikkaprasad/Desktop/Music Data/data/fma_small/117/117160.mp3,True,3
85833,Electronic,/Users/gsretikkaprasad/Desktop/Music Data/data/fma_small/085/085833.mp3,True,0
38891,Experimental,/Users/gsretikkaprasad/Desktop/Music Data/data/fma_small/038/038891.mp3,True,1
123505,Electronic,/Users/gsretikkaprasad/Desktop/Music Data/data/fma_small/123/123505.mp3,True,0
81037,Folk,/Users/gsretikkaprasad/Desktop/Music Data/data/fma_small/081/081037.mp3,True,2
142553,Pop,/Users/gsretikkaprasad/Desktop/Music Data/data/fma_small/142/142553.mp3,True,5
149625,Hip-Hop,/Users/gsretikkaprasad/Desktop/Music Data/data/fma_small/149/149625.mp3,True,6
11818,Hip-Hop,/Users/gsretikkaprasad/Desktop/Music Data/data/fma_small/011/011818.mp3,True,6
102195,Rock,/Users/gsretikkaprasad/Desktop/Music Data/data/fma_small/102/102195.mp3,True,7
37141,Instrumental,/Users/gsretikkaprasad/Desktop/Music Data/data/fma_small/037/037141.mp3,True,3
122935,Folk,/Users/gsretikkaprasad/Desktop/Music Data/data/fma_small/122/122935.mp3,True,2
96408,Rock,/Users/gsretikkaprasad/Desktop/Music Data/data/fma_small/096/096408.mp3,True,7
24915,Experimental,/Users/gsretikkaprasad/Desktop/Music Data/data/fma_small/024/024915.mp3,True,1
148066,International,/Users/gsretikkaprasad/Desktop/Music Data/data/fma_small/148/148066.mp3,True,4
148286,Pop,/Users/gsretikkaprasad/Desktop/Music Data/data/fma_small/148/148286.mp3,True,5
70875,Pop,/Users/gsretikkaprasad/Desktop/Music Data/data/fma_small/070/070875.mp3,True,5
91164,Pop,/Users/gsretikkaprasad/Desktop/Music Data/data/fma_small/091/091164.mp3,True,5
53729,Experimental,/Users/gsretikkaprasad/Desktop/Music Data/data/fma_small/053/053729.mp3,True,1
148213,Folk,/Users/gsretikkaprasad/Desktop/Music Data/data/fma_small/148/148213.mp3,True,2
50955,Instrumental,/Users/gsretikkaprasad/Desktop/Music Data/data/fma_small/050/050955.mp3,True,3
5157,Folk,/Users/gsretikkaprasad/Desktop/Music Data/data/fma_small/005/005157.mp3,True,2
97692,Hip-Hop,/Users/gsretikkaprasad/Desktop/Music Data/data/fma_small/097/097692.mp3,True,6
129185,Instrumental,/Users/gsretikkaprasad/Desktop/Music Data/data/fma_small/129/129185.mp3,True,3
129925,International,/Users/gsretikkaprasad/Desktop/Music Data/data/fma_small/129/129925.mp3,True,4
97285,Instrumental,/Users/gsretikkaprasad/Desktop/Music Data/data/fma_small/097/097285.mp3,True,3
44354,Experimental,/Users/gsretikkaprasad/Desktop/Music Data/data/fma_small/044/044354.mp3,True,1
140266,Experimental,/Users/gsretikkaprasad/Desktop/Music Data/data/fma_small/140/140266.mp3,True,1
7487,Hip-Hop,/Users/gsretikkaprasad/Desktop/Music Data/data/fma_small/007/007487.mp3,True,6
126748,Folk,/Users/gsretikkaprasad/Desktop/Music Data/data/fma_small/126/126748.mp3,True,2
131324,Instrumental,/Users/gsretikkaprasad/Desktop/Music Data/data/fma_small/131/131324.mp3,True,3
108429,Pop,/Users/gsretikkaprasad/Desktop/Music Data/data/fma_small/108/108429.mp3,True,5
1663,Pop,/Users/gsretikkaprasad/Desktop/Music Data/data/fma_small/001/001663.mp3,True,5
39317,Experimental,/Users/gsretikkaprasad/Desktop/Music Data/data/fma_small/039/039317.mp3,True,1
144473,Folk,/Users/gsretikkaprasad/Desktop/Music Data/data/fma_small/144/144473.mp3,True,2
118920,Electronic,/Users/gsretikkaprasad/Desktop/Music Data/data/fma_small/118/118920.mp3,True,0
122086,Rock,/Users/gsretikkaprasad/Desktop/Music Data/data/fma_small/122/122086.mp3,True,7
152254,International,/Users/gsretikkaprasad/Desktop/Music Data/data/fma_small/152/152254.mp3,True,4
1270,Rock,/Users/gsretikkaprasad/Desktop/Music Data/data/fma_small/001/001270.mp3,True,7
114265,Hip-Hop,/Users/gsretikkaprasad/Desktop/Music Data/data/fma_small/114/114265.mp3,True,6
3765,Rock,/Users/gsretikkaprasad/Desktop/Music Data/data/fma_small/003/003765.mp3,True,7
54703,Folk,/Users/gsretikkaprasad/Desktop/Music Data/data/fma_small/054/054703.mp3,True,2
119828,Instrumental,/Users/gsretikkaprasad/Desktop/Music Data/data/fma_small/119/119828.mp3,True,3
10381,Folk,/Users/gsretikkaprasad/Desktop/Music Data/data/fma_small/010/010381.mp3,True,2
99214,Experimental,/Users/gsretikkaprasad/Desktop/Music Data/data/fma_small/099/099214.mp3,True,1
44236,Hip-Hop,/Users/gsretikkaprasad/Desktop/Music Data/data/fma_small/044/044236.mp3,True,6
3775,International,/Users/gsretikkaprasad/Desktop/Music Data/data/fma_small/003/003775.mp3,True,4
95725,Instrumental,/Users/gsretikkaprasad/Desktop/Music Data/data/fma_small/095/095725.mp3,True,3
141291,Instrumental,/Users/gsretikkaprasad/Desktop/Music Data/data/fma_small/141/141291.mp3,True,3
64332,Electronic,/Users/gsretikkaprasad/Desktop/Music Data/data/fma_small/064/064332.mp3,True,0
3905,Folk,/Users/gsretikkaprasad/Desktop/Music Data/data/fma_small/003/003905.mp3,True,2
13710,Electronic,/Users/gsretikkaprasad/Desktop/Music Data/data/fma_small/013/013710.mp3,True,0
56805,Electronic,/Users/gsretikkaprasad/Desktop/Music Data/data/fma_small/056/056805.mp3,True,0
113165,Rock,/Users/gsretikkaprasad/Desktop/Music Data/data/fma_small/113/113165.mp3,True,7
109068,Experimental,/Users/gsretikkaprasad/Desktop/Music Data/data/fma_small/109/109068.mp3,True,1
33216,Electronic,/Users/gsretikkaprasad/Desktop/Music Data/data/fma_small/033/033216.mp3,True,0
53586,Folk,/Users/gsretikkaprasad/Desktop/Music Data/data/fma_small/053/053586.mp3,True,2
138040,Pop,/Users/gsretikkaprasad/Desktop/Music Data/data/fma_small/138/138040.mp3,True,5
114532,Instrumental,/Users/gsretikkaprasad/Desktop/Music Data/data/fma_small/114/114532.mp3,True,3
43587,International,/Users/gsretikkaprasad/Desktop/Music Data/data/fma_small/043/043587.mp3,True,4
124992,Rock,/Users/gsretikkaprasad/Desktop/Music Data/data/fma_small/124/124992.mp3,True,7
127908,Pop,/Users/gsretikkaprasad/Desktop/Music Data/data/fma_small/127/127908.mp3,True,5
11679,International,/Users/gsretikkaprasad/Desktop/Music Data/data/fma_small/011/011679.mp3,True,4
1278,Experimental,/Users/gsretikkaprasad/Desktop/Music Data/data/fma_small/001/001278.mp3,True,1
120194,Pop,/Users/gsretikkaprasad/Desktop/Music Data/data/fma_small/120/120194.mp3,True,5
64631,Hip-Hop,/Users/gsretikkaprasad/Desktop/Music Data/data/fma_small/064/064631.mp3,True,6
135370,Rock,/Users/gsretikkaprasad/Desktop/Music Data/data/fma_small/135/135370.mp3,True,7
149712,Instrumental,/Users/gsretikkaprasad/Desktop/Music Data/data/fma_small/149/149712.mp3,True,3
142552,Pop,/Users/gsretikkaprasad/Desktop/Music Data/data/fma_small/142/142552.mp3,True,5
122646,Instrumental,/Users/gsretikkaprasad/Desktop/Music Data/data/fma_small/122/122646.mp3,True,3
91159,Pop,/Users/gsretikkaprasad/Desktop/Music Data/data/fma_small/091/091159.mp3,True,5
25378,Electronic,/Users/gsretikkaprasad/Desktop/Music Data/data/fma_small/025/025378.mp3,True,0
96935,Rock,/Users/gsretikkaprasad/Desktop/Music Data/data/fma_small/096/096935.mp3,True,7
87160,Electronic,/Users/gsretikkaprasad/Desktop/Music Data/data/fma_small/087/087160.mp3,True,0
21999,Pop,/Users/gsretikkaprasad/Desktop/Music Data/data/fma_small/021/021999.mp3,True,5
145709,Pop,/Users/gsretikkaprasad/Desktop/Music Data/data/fma_small/145/145709.mp3,True,5
112483,Hip-Hop,/Users/gsretikkaprasad/Desktop/Music Data/data/fma_small/112/112483.mp3,True,6
82629,International,/Users/gsretikkaprasad/Desktop/Music Data/data/fma_small/082/082629.mp3,True,4
12487,Folk,/Users/gsretikkaprasad/Desktop/Music Data/data/fma_small/012/012487.mp3,True,2
129043,Instrumental,/Users/gsretikkaprasad/Desktop/Music Data/data/fma_small/129/129043.mp3,True,3
18039,International,/Users/gsretikkaprasad/Desktop/Music Data/data/fma_small/018/018039.mp3,True,4
56030,International,/Users/gsretikkaprasad/Desktop/Music Data/data/fma_small/056/056030.mp3,True,4
114411,Rock,/Users/gsretikkaprasad/Desktop/Music Data/data/fma_small/114/114411.mp3,True,7
131902,Folk,/Users/gsretikkaprasad/Desktop/Music Data/data/fma_small/131/131902.mp3,True,2
69727,Rock,/Users/gsretikkaprasad/Desktop/Music Data/data/fma_small/069/069727.mp3,True,7
10993,Folk,/Users/gsretikkaprasad/Desktop/Music Data/data/fma_small/010/010993.mp3,True,2
55293,Pop,/Users/gsretikkaprasad/Desktop/Music Data/data/fma_small/055/055293.mp3,True,5
25795,International,/Users/gsretikkaprasad/Desktop/Music Data/data/fma_small/025/025795.mp3,True,4
67233,Hip-Hop,/Users/gsretikkaprasad/Desktop/Music Data/data/fma_small/067/067233.mp3,True,6
34994,Experimental,/Users/gsretikkaprasad/Desktop/Music Data/data/fma_small/034/034994.mp3,True,1
133632,Rock,/Users/gsretikkaprasad/Desktop/Music Data/data/fma_small/133/133632.mp3,True,7
73765,International,/Users/gsretikkaprasad/Desktop/Music Data/data/fma_small/073/073765.mp3,True,4
135989,Electronic,/Users/gsretikkaprasad/Desktop/Music Data/data/fma_small/135/135989.mp3,True,0
13767,Hip-Hop,/Users/gsretikkaprasad/Desktop/Music Data/data/fma_small/013/013767.mp3,True,6
106342,Folk,/Users/gsretikkaprasad/Desktop/Music Data/data/fma_small/106/106342.mp3,True,2
46841,Pop,/Users/gsretikkaprasad/Desktop/Music Data/data/fma_small/046/046841.mp3,True,5
80753,International,/Users/gsretikkaprasad/Desktop/Music Data/data/fma_small/080/080753.mp3,True,4
98235,Instrumental,/Users/gsretikkaprasad/Desktop/Music Data/data/fma_small/098/098235.mp3,True,3
15542,Experimental,/Users/gsretikkaprasad/Desktop/Music Data/data/fma_small/015/015542.mp3,True,1
5264,Hip-Hop,/Users/gsretikkaprasad/Desktop/Music Data/data/fma_small/005/005264.mp3,True,6
75937,Hip-Hop,/Users/gsretikkaprasad/Desktop/Music Data/data/fma_small/075/075937.mp3,True,6
66536,Rock,/Users/gsretikkaprasad/Desktop/Music Data/data/fma_small/066/066536.mp3,True,7
23013,Electronic,/Users/gsretikkaprasad/Desktop/Music Data/data/fma_small/023/023013.mp3,True,0
105673,Electronic,/Users/gsretikkaprasad/Desktop/Music Data/data/fma_small/105/105673.mp3,True,0
124873,Instrumental,/Users/gsretikkaprasad/Desktop/Music Data/data/fma_small/124/124873.mp3,True,3
17609,International,/Users/gsretikkaprasad/Desktop/Music Data/data/fma_small/017/017609.mp3,True,4
129696,Folk,/Users/gsretikkaprasad/Desktop/Music Data/data/fma_small/129/129696.mp3,True,2
69781,Rock,/Users/gsretikkaprasad/Desktop/Music Data/data/fma_small/069/069781.mp3,True,7
137356,Rock,/Users/gsretikkaprasad/Desktop/Music Data/data/fma_small/137/137356.mp3,True,7
96738,International,/Users/gsretikkaprasad/Desktop/Music Data/data/fma_small/096/096738.mp3,True,4
114389,Electronic,/Users/gsretikkaprasad/Desktop/Music Data/data/fma_small/114/114389.mp3,True,0
127360,International,/Users/gsretikkaprasad/Desktop/Music Data/data/fma_small/127/127360.mp3,True,4
26904,Electronic,/Users/gsretikkaprasad/Desktop/Music Data/data/fma_small/026/026904.mp3,True,0
108050,Experimental,/Users/gsretikkaprasad/Desktop/Music Data/data/fma_small/108/108050.mp3,True,1
120323,Instrumental,/Users/gsretikkaprasad/Desktop/Music Data/data/fma_small/120/120323.mp3,True,3
32439,Electronic,/Users/gsretikkaprasad/Desktop/Music Data/data/fma_small/032/032439.mp3,True,0
14738,Rock,/Users/gsretikkaprasad/Desktop/Music Data/data/fma_small/014/014738.mp3,True,7
66394,Rock,/Users/gsretikkaprasad/Desktop/Music Data/data/fma_small/066/066394.mp3,True,7
129362,Pop,/Users/gsretikkaprasad/Desktop/Music Data/data/fma_small/129/129362.mp3,True,5
61006,Folk,/Users/gsretikkaprasad/Desktop/Music Data/data/fma_small/061/061006.mp3,True,2
119582,Experimental,/Users/gsretikkaprasad/Desktop/Music Data/data/fma_small/119/119582.mp3,True,1
6610,Hip-Hop,/Users/gsretikkaprasad/Desktop/Music Data/data/fma_small/006/006610.mp3,True,6
54621,Rock,/Users/gsretikkaprasad/Desktop/Music Data/data/fma_small/054/054621.mp3,True,7
124891,Experimental,/Users/gsretikkaprasad/Desktop/Music Data/data/fma_small/124/124891.mp3,True,1
140421,Rock,/Users/gsretikkaprasad/Desktop/Music Data/data/fma_small/140/140421.mp3,True,7
35299,Electronic,/Users/gsretikkaprasad/Desktop/Music Data/data/fma_small/035/035299.mp3,True,0
114937,International,/Users/gsretikkaprasad/Desktop/Music Data/data/fma_small/114/114937.mp3,True,4
55232,International,/Users/gsretikkaprasad/Desktop/Music Data/data/fma_small/055/055232.mp3,True,4
129694,Folk,/Users/gsretikkaprasad/Desktop/Music Data/data/fma_small/129/129694.mp3,True,2
14572,Instrumental,/Users/gsretikkaprasad/Desktop/Music Data/data/fma_small/014/014572.mp3,True,3
53587,Folk,/Users/gsretikkaprasad/Desktop/Music Data/data/fma_small/053/053587.mp3,True,2
105664,Electronic,/Users/gsretikkaprasad/Desktop/Music Data/data/fma_small/105/105664.mp3,True,0
44796,Experimental,/Users/gsretikkaprasad/Desktop/Music Data/data/fma_small/044/044796.mp3,True,1
145752,Electronic,/Users/gsretikkaprasad/Desktop/Music Data/data/fma_small/145/145752.mp3,True,0
4013,Folk,/Users/gsretikkaprasad/Desktop/Music Data/data/fma_small/004/004013.mp3,True,2
25669,International,/Users/gsretikkaprasad/Desktop/Music Data/data/fma_small/025/025669.mp3,True,4
108303,Folk,/Users/gsretikkaprasad/Desktop/Music Data/data/fma_small/108/108303.mp3,True,2
120188,Pop,/Users/gsretikkaprasad/Desktop/Music Data/data/fma_small/120/120188.mp3,True,5
92554,Electronic,/Users/gsretikkaprasad/Desktop/Music Data/data/fma_small/092/092554.mp3,True,0
15541,Experimental,/Users/gsretikkaprasad/Desktop/Music Data/data/fma_small/015/015541.mp3,True,1
121318,Hip-Hop,/Users/gsretikkaprasad/Desktop/Music Data/data/fma_small/121/121318.mp3,True,6
97989,Hip-Hop,/Users/gsretikkaprasad/Desktop/Music Data/data/fma_small/097/097989.mp3,True,6
73369,Electronic,/Users/gsretikkaprasad/Desktop/Music Data/data/fma_small/073/073369.mp3,True,0
17462,Rock,/Users/gsretikkaprasad/Desktop/Music Data/data/fma_small/017/017462.mp3,True,7
117967,Experimental,/Users/gsretikkaprasad/Desktop/Music Data/data/fma_small/117/117967.mp3,True,1
122503,Pop,/Users/gsretikkaprasad/Desktop/Music Data/data/fma_small/122/122503.mp3,True,5
98576,Hip-Hop,/Users/gsretikkaprasad/Desktop/Music Data/data/fma_small/098/098576.mp3,True,6
134052,Electronic,/Users/gsretikkaprasad/Desktop/Music Data/data/fma_small/134/134052.mp3,True,0
150287,Hip-Hop,/Users/gsretikkaprasad/Desktop/Music Data/data/fma_small/150/150287.mp3,True,6
69202,Electronic,/Users/gsretikkaprasad/Desktop/Music Data/data/fma_small/069/069202.mp3,True,0
64079,Pop,/Users/gsretikkaprasad/Desktop/Music Data/data/fma_small/064/064079.mp3,True,5
119988,Hip-Hop,/Users/gsretikkaprasad/Desktop/Music Data/data/fma_small/119/119988.mp3,True,6
42119,Experimental,/Users/gsretikkaprasad/Desktop/Music Data/data/fma_small/042/042119.mp3,True,1
3624,Rock,/Users/gsretikkaprasad/Desktop/Music Data/data/fma_small/003/003624.mp3,True,7
42048,Pop,/Users/gsretikkaprasad/Desktop/Music Data/data/fma_small/042/042048.mp3,True,5
125288,Electronic,/Users/gsretikkaprasad/Desktop/Music Data/data/fma_small/125/125288.mp3,True,0
38829,International,/Users/gsretikkaprasad/Desktop/Music Data/data/fma_small/038/038829.mp3,True,4
88846,Folk,/Users/gsretikkaprasad/Desktop/Music Data/data/fma_small/088/088846.mp3,True,2
51115,Experimental,/Users/gsretikkaprasad/Desktop/Music Data/data/fma_small/051/051115.mp3,True,1
4037,Folk,/Users/gsretikkaprasad/Desktop/Music Data/data/fma_small/004/004037.mp3,True,2
47073,Electronic,/Users/gsretikkaprasad/Desktop/Music Data/data/fma_small/047/047073.mp3,True,0
96403,Rock,/Users/gsretikkaprasad/Desktop/Music Data/data/fma_small/096/096403.mp3,True,7
116549,Instrumental,/Users/gsretikkaprasad/Desktop/Music Data/data/fma_small/116/116549.mp3,True,3
126243,Instrumental,/Users/gsretikkaprasad/Desktop/Music Data/data/fma_small/126/126243.mp3,True,3
64841,Pop,/Users/gsretikkaprasad/Desktop/Music Data/data/fma_small/064/064841.mp3,True,5
109356,Rock,/Users/gsretikkaprasad/Desktop/Music Data/data/fma_small/109/109356.mp3,True,7
93985,Rock,/Users/gsretikkaprasad/Desktop/Music Data/data/fma_small/093/093985.mp3,True,7
57344,Experimental,/Users/gsretikkaprasad/Desktop/Music Data/data/fma_small/057/057344.mp3,True,1
122079,Rock,/Users/gsretikkaprasad/Desktop/Music Data/data/fma_small/122/122079.mp3,True,7
88428,Pop,/Users/gsretikkaprasad/Desktop/Music Data/data/fma_small/088/088428.mp3,True,5
55233,International,/Users/gsretikkaprasad/Desktop/Music Data/data/fma_small/055/055233.mp3,True,4
123485,Instrumental,/Users/gsretikkaprasad/Desktop/Music Data/data/fma_small/123/123485.mp3,True,3
133333,Experimental,/Users/gsretikkaprasad/Desktop/Music Data/data/fma_small/133/133333.mp3,True,1
1686,International,/Users/gsretikkaprasad/Desktop/Music Data/data/fma_small/001/001686.mp3,True,4
10694,Hip-Hop,/Users/gsretikkaprasad/Desktop/Music Data/data/fma_small/010/010694.mp3,True,6
10674,Rock,/Users/gsretikkaprasad/Desktop/Music Data/data/fma_small/010/010674.mp3,True,7
91187,International,/Users/gsretikkaprasad/Desktop/Music Data/data/fma_small/091/091187.mp3,True,4
36965,Pop,/Users/gsretikkaprasad/Desktop/Music Data/data/fma_small/036/036965.mp3,True,5
88878,Folk,/Users/gsretikkaprasad/Desktop/Music Data/data/fma_small/088/088878.mp3,True,2
67334,Pop,/Users/gsretikkaprasad/Desktop/Music Data/data/fma_small/067/067334.mp3,True,5
139461,Rock,/Users/gsretikkaprasad/Desktop/Music Data/data/fma_small/139/139461.mp3,True,7
122686,Rock,/Users/gsretikkaprasad/Desktop/Music Data/data/fma_small/122/122686.mp3,True,7
144939,Pop,/Users/gsretikkaprasad/Desktop/Music Data/data/fma_small/144/144939.mp3,True,5
108490,Hip-Hop,/Users/gsretikkaprasad/Desktop/Music Data/data/fma_small/108/108490.mp3,True,6
89816,Electronic,/Users/gsretikkaprasad/Desktop/Music Data/data/fma_small/089/089816.mp3,True,0
73344,Electronic,/Users/gsretikkaprasad/Desktop/Music Data/data/fma_small/073/073344.mp3,True,0
44792,Experimental,/Users/gsretikkaprasad/Desktop/Music Data/data/fma_small/044/044792.mp3,True,1
76072,International,/Users/gsretikkaprasad/Desktop/Music Data/data/fma_small/076/076072.mp3,True,4
12508,Folk,/Users/gsretikkaprasad/Desktop/Music Data/data/fma_small/012/012508.mp3,True,2
51111,Experimental,/Users/gsretikkaprasad/Desktop/Music Data/data/fma_small/051/051111.mp3,True,1
107125,Electronic,/Users/gsretikkaprasad/Desktop/Music Data/data/fma_small/107/107125.mp3,True,0
110652,Instrumental,/Users/gsretikkaprasad/Desktop/Music Data/data/fma_small/110/110652.mp3,True,3
70403,Rock,/Users/gsretikkaprasad/Desktop/Music Data/data/fma_small/070/070403.mp3,True,7
13556,Rock,/Users/gsretikkaprasad/Desktop/Music Data/data/fma_small/013/013556.mp3,True,7
149714,Instrumental,/Users/gsretikkaprasad/Desktop/Music Data/data/fma_small/149/149714.mp3,True,3
67766,Folk,/Users/gsretikkaprasad/Desktop/Music Data/data/fma_small/067/067766.mp3,True,2
107616,Electronic,/Users/gsretikkaprasad/Desktop/Music Data/data/fma_small/107/107616.mp3,True,0
42020,International,/Users/gsretikkaprasad/Desktop/Music Data/data/fma_small/042/042020.mp3,True,4
98577,Hip-Hop,/Users/gsretikkaprasad/Desktop/Music Data/data/fma_small/098/098577.mp3,True,6
84155,Folk,/Users/gsretikkaprasad/Desktop/Music Data/data/fma_small/084/084155.mp3,True,2
105824,Hip-Hop,/Users/gsretikkaprasad/Desktop/Music Data/data/fma_small/105/105824.mp3,True,6
118277,Experimental,/Users/gsretikkaprasad/Desktop/Music Data/data/fma_small/118/118277.mp3,True,1
11768,Hip-Hop,/Users/gsretikkaprasad/Desktop/Music Data/data/fma_small/011/011768.mp3,True,6
52125,International,/Users/gsretikkaprasad/Desktop/Music Data/data/fma_small/052/052125.mp3,True,4
131980,Instrumental,/Users/gsretikkaprasad/Desktop/Music Data/data/fma_small/131/131980.mp3,True,3
39488,Folk,/Users/gsretikkaprasad/Desktop/Music Data/data/fma_small/039/039488.mp3,True,2
137724,Rock,/Users/gsretikkaprasad/Desktop/Music Data/data/fma_small/137/137724.mp3,True,7
3911,Folk,/Users/gsretikkaprasad/Desktop/Music Data/data/fma_small/003/003911.mp3,True,2
108014,Folk,/Users/gsretikkaprasad/Desktop/Music Data/data/fma_small/108/108014.mp3,True,2
137151,Electronic,/Users/gsretikkaprasad/Desktop/Music Data/data/fma_small/137/137151.mp3,True,0
133916,Experimental,/Users/gsretikkaprasad/Desktop/Music Data/data/fma_small/133/133916.mp3,True,1
59448,Pop,/Users/gsretikkaprasad/Desktop/Music Data/data/fma_small/059/059448.mp3,True,5
116175,Instrumental,/Users/gsretikkaprasad/Desktop/Music Data/data/fma_small/116/116175.mp3,True,3
116116,Experimental,/Users/gsretikkaprasad/Desktop/Music Data/data/fma_small/116/116116.mp3,True,1
90695,Rock,/Users/gsretikkaprasad/Desktop/Music Data/data/fma_small/090/090695.mp3,True,7
29045,Pop,/Users/gsretikkaprasad/Desktop/Music Data/data/fma_small/029/029045.mp3,True,5
61492,Rock,/Users/gsretikkaprasad/Desktop/Music Data/data/fma_small/061/061492.mp3,True,7
145710,Pop,/Users/gsretikkaprasad/Desktop/Music Data/data/fma_small/145/145710.mp3,True,5
84057,Experimental,/Users/gsretikkaprasad/Desktop/Music Data/data/fma_small/084/084057.mp3,True,1
134594,Rock,/Users/gsretikkaprasad/Desktop/Music Data/data/fma_small/134/134594.mp3,True,7
113273,International,/Users/gsretikkaprasad/Desktop/Music Data/data/fma_small/113/113273.mp3,True,4
137632,Rock,/Users/gsretikkaprasad/Desktop/Music Data/data/fma_small/137/137632.mp3,True,7
83908,Experimental,/Users/gsretikkaprasad/Desktop/Music Data/data/fma_small/083/083908.mp3,True,1
45149,Electronic,/Users/gsretikkaprasad/Desktop/Music Data/data/fma_small/045/045149.mp3,True,0
115769,Instrumental,/Users/gsretikkaprasad/Desktop/Music Data/data/fma_small/115/115769.mp3,True,3
68821,Rock,/Users/gsretikkaprasad/Desktop/Music Data/data/fma_small/068/068821.mp3,True,7
131024,Experimental,/Users/gsretikkaprasad/Desktop/Music Data/data/fma_small/131/131024.mp3,True,1
111376,Pop,/Users/gsretikkaprasad/Desktop/Music Data/data/fma_small/111/111376.mp3,True,5
115271,International,/Users/gsretikkaprasad/Desktop/Music Data/data/fma_small/115/115271.mp3,True,4
79973,Experimental,/Users/gsretikkaprasad/Desktop/Music Data/data/fma_small/079/079973.mp3,True,1
114402,Rock,/Users/gsretikkaprasad/Desktop/Music Data/data/fma_small/114/114402.mp3,True,7
108845,Hip-Hop,/Users/gsretikkaprasad/Desktop/Music Data/data/fma_small/108/108845.mp3,True,6
111378,Pop,/Users/gsretikkaprasad/Desktop/Music Data/data/fma_small/111/111378.mp3,True,5
133441,Instrumental,/Users/gsretikkaprasad/Desktop/Music Data/data/fma_small/133/133441.mp3,True,3
86262,Rock,/Users/gsretikkaprasad/Desktop/Music Data/data/fma_small/086/086262.mp3,True,7
116241,Electronic,/Users/gsretikkaprasad/Desktop/Music Data/data/fma_small/116/116241.mp3,True,0
6372,International,/Users/gsretikkaprasad/Desktop/Music Data/data/fma_small/006/006372.mp3,True,4
25029,International,/Users/gsretikkaprasad/Desktop/Music Data/data/fma_small/025/025029.mp3,True,4
44848,Experimental,/Users/gsretikkaprasad/Desktop/Music Data/data/fma_small/044/044848.mp3,True,1
92881,Experimental,/Users/gsretikkaprasad/Desktop/Music Data/data/fma_small/092/092881.mp3,True,1
116453,Folk,/Users/gsretikkaprasad/Desktop/Music Data/data/fma_small/116/116453.mp3,True,2
46161,Experimental,/Users/gsretikkaprasad/Desktop/Music Data/data/fma_small/046/046161.mp3,True,1
54235,Pop,/Users/gsretikkaprasad/Desktop/Music Data/data/fma_small/054/054235.mp3,True,5
17884,Electronic,/Users/gsretikkaprasad/Desktop/Music Data/data/fma_small/017/017884.mp3,True,0
57939,Experimental,/Users/gsretikkaprasad/Desktop/Music Data/data/fma_small/057/057939.mp3,True,1
136320,Electronic,/Users/gsretikkaprasad/Desktop/Music Data/data/fma_small/136/136320.mp3,True,0
37111,Instrumental,/Users/gsretikkaprasad/Desktop/Music Data/data/fma_small/037/037111.mp3,True,3
124872,Instrumental,/Users/gsretikkaprasad/Desktop/Music Data/data/fma_small/124/124872.mp3,True,3
14585,Instrumental,/Users/gsretikkaprasad/Desktop/Music Data/data/fma_small/014/014585.mp3,True,3
138581,Electronic,/Users/gsretikkaprasad/Desktop/Music Data/data/fma_small/138/138581.mp3,True,0
126180,Instrumental,/Users/gsretikkaprasad/Desktop/Music Data/data/fma_small/126/126180.mp3,True,3
131444,Pop,/Users/gsretikkaprasad/Desktop/Music Data/data/fma_small/131/131444.mp3,True,5
53157,International,/Users/gsretikkaprasad/Desktop/Music Data/data/fma_small/053/053157.mp3,True,4
134933,International,/Users/gsretikkaprasad/Desktop/Music Data/data/fma_small/134/134933.mp3,True,4
108420,Electronic,/Users/gsretikkaprasad/Desktop/Music Data/data/fma_small/108/108420.mp3,True,0
122936,Folk,/Users/gsretikkaprasad/Desktop/Music Data/data/fma_small/122/122936.mp3,True,2
7491,Hip-Hop,/Users/gsretikkaprasad/Desktop/Music Data/data/fma_small/007/007491.mp3,True,6
109497,Rock,/Users/gsretikkaprasad/Desktop/Music Data/data/fma_small/109/109497.mp3,True,7
24700,International,/Users/gsretikkaprasad/Desktop/Music Data/data/fma_small/024/024700.mp3,True,4
67600,Folk,/Users/gsretikkaprasad/Desktop/Music Data/data/fma_small/067/067600.mp3,True,2
140135,Electronic,/Users/gsretikkaprasad/Desktop/Music Data/data/fma_small/140/140135.mp3,True,0
66636,Electronic,/Users/gsretikkaprasad/Desktop/Music Data/data/fma_small/066/066636.mp3,True,0
111399,Pop,/Users/gsretikkaprasad/Desktop/Music Data/data/fma_small/111/111399.mp3,True,5
40147,Experimental,/Users/gsretikkaprasad/Desktop/Music Data/data/fma_small/040/040147.mp3,True,1
44347,Experimental,/Users/gsretikkaprasad/Desktop/Music Data/data/fma_small/044/044347.mp3,True,1
1482,Electronic,/Users/gsretikkaprasad/Desktop/Music Data/data/fma_small/001/001482.mp3,True,0
142359,Hip-Hop,/Users/gsretikkaprasad/Desktop/Music Data/data/fma_small/142/142359.mp3,True,6
133969,Instrumental,/Users/gsretikkaprasad/Desktop/Music Data/data/fma_small/133/133969.mp3,True,3
97407,Experimental,/Users/gsretikkaprasad/Desktop/Music Data/data/fma_small/097/097407.mp3,True,1
100549,Electronic,/Users/gsretikkaprasad/Desktop/Music Data/data/fma_small/100/100549.mp3,True,0
98584,Hip-Hop,/Users/gsretikkaprasad/Desktop/Music Data/data/fma_small/098/098584.mp3,True,6
84423,Experimental,/Users/gsretikkaprasad/Desktop/Music Data/data/fma_small/084/084423.mp3,True,1
125159,Electronic,/Users/gsretikkaprasad/Desktop/Music Data/data/fma_small/125/125159.mp3,True,0
118084,Experimental,/Users/gsretikkaprasad/Desktop/Music Data/data/fma_small/118/118084.mp3,True,1
55120,Hip-Hop,/Users/gsretikkaprasad/Desktop/Music Data/data/fma_small/055/055120.mp3,True,6
11789,Hip-Hop,/Users/gsretikkaprasad/Desktop/Music Data/data/fma_small/011/011789.mp3,True,6
127911,Pop,/Users/gsretikkaprasad/Desktop/Music Data/data/fma_small/127/127911.mp3,True,5
111367,Pop,/Users/gsretikkaprasad/Desktop/Music Data/data/fma_small/111/111367.mp3,True,5
24424,Hip-Hop,/Users/gsretikkaprasad/Desktop/Music Data/data/fma_small/024/024424.mp3,True,6
40233,Folk,/Users/gsretikkaprasad/Desktop/Music Data/data/fma_small/040/040233.mp3,True,2
39904,Experimental,/Users/gsretikkaprasad/Desktop/Music Data/data/fma_small/039/039904.mp3,True,1
129189,Instrumental,/Users/gsretikkaprasad/Desktop/Music Data/data/fma_small/129/129189.mp3,True,3
126607,Experimental,/Users/gsretikkaprasad/Desktop/Music Data/data/fma_small/126/126607.mp3,True,1
83913,Experimental,/Users/gsretikkaprasad/Desktop/Music Data/data/fma_small/083/083913.mp3,True,1
38312,Experimental,/Users/gsretikkaprasad/Desktop/Music Data/data/fma_small/038/038312.mp3,True,1
138017,Folk,/Users/gsretikkaprasad/Desktop/Music Data/data/fma_small/138/138017.mp3,True,2
144938,Pop,/Users/gsretikkaprasad/Desktop/Music Data/data/fma_small/144/144938.mp3,True,5
91315,Hip-Hop,/Users/gsretikkaprasad/Desktop/Music Data/data/fma_small/091/091315.mp3,True,6
59723,International,/Users/gsretikkaprasad/Desktop/Music Data/data/fma_small/059/059723.mp3,True,4
60331,Experimental,/Users/gsretikkaprasad/Desktop/Music Data/data/fma_small/060/060331.mp3,True,1
11504,Folk,/Users/gsretikkaprasad/Desktop/Music Data/data/fma_small/011/011504.mp3,True,2
106563,Rock,/Users/gsretikkaprasad/Desktop/Music Data/data/fma_small/106/106563.mp3,True,7
111872,Instrumental,/Users/gsretikkaprasad/Desktop/Music Data/data/fma_small/111/111872.mp3,True,3
116525,Experimental,/Users/gsretikkaprasad/Desktop/Music Data/data/fma_small/116/116525.mp3,True,1
130953,Folk,/Users/gsretikkaprasad/Desktop/Music Data/data/fma_small/130/130953.mp3,True,2
134918,International,/Users/gsretikkaprasad/Desktop/Music Data/data/fma_small/134/134918.mp3,True,4
122800,Pop,/Users/gsretikkaprasad/Desktop/Music Data/data/fma_small/122/122800.mp3,True,5
86263,Rock,/Users/gsretikkaprasad/Desktop/Music Data/data/fma_small/086/086263.mp3,True,7
116451,Folk,/Users/gsretikkaprasad/Desktop/Music Data/data/fma_small/116/116451.mp3,True,2
101116,International,/Users/gsretikkaprasad/Desktop/Music Data/data/fma_small/101/101116.mp3,True,4
110735,Hip-Hop,/Users/gsretikkaprasad/Desktop/Music Data/data/fma_small/110/110735.mp3,True,6
116733,Instrumental,/Users/gsretikkaprasad/Desktop/Music Data/data/fma_small/116/116733.mp3,True,3
87430,Rock,/Users/gsretikkaprasad/Desktop/Music Data/data/fma_small/087/087430.mp3,True,7
81491,Instrumental,/Users/gsretikkaprasad/Desktop/Music Data/data/fma_small/081/081491.mp3,True,3
118222,Experimental,/Users/gsretikkaprasad/Desktop/Music Data/data/fma_small/118/118222.mp3,True,1
120307,Instrumental,/Users/gsretikkaprasad/Desktop/Music Data/data/fma_small/120/120307.mp3,True,3
92125,Pop,/Users/gsretikkaprasad/Desktop/Music Data/data/fma_small/092/092125.mp3,True,5
40598,Experimental,/Users/gsretikkaprasad/Desktop/Music Data/data/fma_small/040/040598.mp3,True,1
119027,Experimental,/Users/gsretikkaprasad/Desktop/Music Data/data/fma_small/119/119027.mp3,True,1
131323,Instrumental,/Users/gsretikkaprasad/Desktop/Music Data/data/fma_small/131/131323.mp3,True,3
55124,Hip-Hop,/Users/gsretikkaprasad/Desktop/Music Data/data/fma_small/055/055124.mp3,True,6
93364,Electronic,/Users/gsretikkaprasad/Desktop/Music Data/data/fma_small/093/093364.mp3,True,0
14365,Hip-Hop,/Users/gsretikkaprasad/Desktop/Music Data/data/fma_small/014/014365.mp3,True,6
133836,International,/Users/gsretikkaprasad/Desktop/Music Data/data/fma_small/133/133836.mp3,True,4
137425,Rock,/Users/gsretikkaprasad/Desktop/Music Data/data/fma_small/137/137425.mp3,True,7
1681,International,/Users/gsretikkaprasad/Desktop/Music Data/data/fma_small/001/001681.mp3,True,4
146725,Hip-Hop,/Users/gsretikkaprasad/Desktop/Music Data/data/fma_small/146/146725.mp3,True,6
25608,International,/Users/gsretikkaprasad/Desktop/Music Data/data/fma_small/025/025608.mp3,True,4
113031,Hip-Hop,/Users/gsretikkaprasad/Desktop/Music Data/data/fma_small/113/113031.mp3,True,6
125189,Folk,/Users/gsretikkaprasad/Desktop/Music Data/data/fma_small/125/125189.mp3,True,2
43962,Folk,/Users/gsretikkaprasad/Desktop/Music Data/data/fma_small/043/043962.mp3,True,2
149138,Hip-Hop,/Users/gsretikkaprasad/Desktop/Music Data/data/fma_small/149/149138.mp3,True,6
141286,Instrumental,/Users/gsretikkaprasad/Desktop/Music Data/data/fma_small/141/141286.mp3,True,3
11333,Experimental,/Users/gsretikkaprasad/Desktop/Music Data/data/fma_small/011/011333.mp3,True,1
135365,Rock,/Users/gsretikkaprasad/Desktop/Music Data/data/fma_small/135/135365.mp3,True,7
32687,Hip-Hop,/Users/gsretikkaprasad/Desktop/Music Data/data/fma_small/032/032687.mp3,True,6
29042,Electronic,/Users/gsretikkaprasad/Desktop/Music Data/data/fma_small/029/029042.mp3,True,0
75441,Instrumental,/Users/gsretikkaprasad/Desktop/Music Data/data/fma_small/075/075441.mp3,True,3
38882,Experimental,/Users/gsretikkaprasad/Desktop/Music Data/data/fma_small/038/038882.mp3,True,1
110650,Instrumental,/Users/gsretikkaprasad/Desktop/Music Data/data/fma_small/110/110650.mp3,True,3
1544,Folk,/Users/gsretikkaprasad/Desktop/Music Data/data/fma_small/001/001544.mp3,True,2
58060,Experimental,/Users/gsretikkaprasad/Desktop/Music Data/data/fma_small/058/058060.mp3,True,1
44778,Experimental,/Users/gsretikkaprasad/Desktop/Music Data/data/fma_small/044/044778.mp3,True,1
38907,Experimental,/Users/gsretikkaprasad/Desktop/Music Data/data/fma_small/038/038907.mp3,True,1
87152,Rock,/Users/gsretikkaprasad/Desktop/Music Data/data/fma_small/087/087152.mp3,True,7
14317,International,/Users/gsretikkaprasad/Desktop/Music Data/data/fma_small/014/014317.mp3,True,4
137152,Electronic,/Users/gsretikkaprasad/Desktop/Music Data/data/fma_small/137/137152.mp3,True,0
141293,Instrumental,/Users/gsretikkaprasad/Desktop/Music Data/data/fma_small/141/141293.mp3,True,3
133439,Instrumental,/Users/gsretikkaprasad/Desktop/Music Data/data/fma_small/133/133439.mp3,True,3
121473,Instrumental,/Users/gsretikkaprasad/Desktop/Music Data/data/fma_small/121/121473.mp3,True,3
116098,Instrumental,/Users/gsretikkaprasad/Desktop/Music Data/data/fma_small/116/116098.mp3,True,3
148604,Folk,/Users/gsretikkaprasad/Desktop/Music Data/data/fma_small/148/148604.mp3,True,2
116514,Experimental,/Users/gsretikkaprasad/Desktop/Music Data/data/fma_small/116/116514.mp3,True,1
52044,Pop,/Users/gsretikkaprasad/Desktop/Music Data/data/fma_small/052/052044.mp3,True,5
111935,Hip-Hop,/Users/gsretikkaprasad/Desktop/Music Data/data/fma_small/111/111935.mp3,True,6
70654,Hip-Hop,/Users/gsretikkaprasad/Desktop/Music Data/data/fma_small/070/070654.mp3,True,6
126743,Folk,/Users/gsretikkaprasad/Desktop/Music Data/data/fma_small/126/126743.mp3,True,2
114077,Instrumental,/Users/gsretikkaprasad/Desktop/Music Data/data/fma_small/114/114077.mp3,True,3
140258,Electronic,/Users/gsretikkaprasad/Desktop/Music Data/data/fma_small/140/140258.mp3,True,0
105716,Folk,/Users/gsretikkaprasad/Desktop/Music Data/data/fma_small/105/105716.mp3,True,2
71719,Rock,/Users/gsretikkaprasad/Desktop/Music Data/data/fma_small/071/071719.mp3,True,7
97215,Folk,/Users/gsretikkaprasad/Desktop/Music Data/data/fma_small/097/097215.mp3,True,2
111229,Instrumental,/Users/gsretikkaprasad/Desktop/Music Data/data/fma_small/111/111229.mp3,True,3
62753,Pop,/Users/gsretikkaprasad/Desktop/Music Data/data/fma_small/062/062753.mp3,True,5
127300,Pop,/Users/gsretikkaprasad/Desktop/Music Data/data/fma_small/127/127300.mp3,True,5
110743,Hip-Hop,/Users/gsretikkaprasad/Desktop/Music Data/data/fma_small/110/110743.mp3,True,6
105451,Hip-Hop,/Users/gsretikkaprasad/Desktop/Music Data/data/fma_small/105/105451.mp3,True,6
90625,Folk,/Users/gsretikkaprasad/Desktop/Music Data/data/fma_small/090/090625.mp3,True,2
13328,Pop,/Users/gsretikkaprasad/Desktop/Music Data/data/fma_small/013/013328.mp3,True,5
154306,Hip-Hop,/Users/gsretikkaprasad/Desktop/Music Data/data/fma_small/154/154306.mp3,True,6
20372,Instrumental,/Users/gsretikkaprasad/Desktop/Music Data/data/fma_small/020/020372.mp3,True,3
21676,Pop,/Users/gsretikkaprasad/Desktop/Music Data/data/fma_small/021/021676.mp3,True,5
20369,Instrumental,/Users/gsretikkaprasad/Desktop/Music Data/data/fma_small/020/020369.mp3,True,3
92562,Electronic,/Users/gsretikkaprasad/Desktop/Music Data/data/fma_small/092/092562.mp3,True,0
29245,Pop,/Users/gsretikkaprasad/Desktop/Music Data/data/fma_small/029/029245.mp3,True,5
95309,Rock,/Users/gsretikkaprasad/Desktop/Music Data/data/fma_small/095/095309.mp3,True,7
112315,Rock,/Users/gsretikkaprasad/Desktop/Music Data/data/fma_small/112/112315.mp3,True,7
71512,Electronic,/Users/gsretikkaprasad/Desktop/Music Data/data/fma_small/071/071512.mp3,True,0
73568,Folk,/Users/gsretikkaprasad/Desktop/Music Data/data/fma_small/073/073568.mp3,True,2
110611,Experimental,/Users/gsretikkaprasad/Desktop/Music Data/data/fma_small/110/110611.mp3,True,1
142519,Folk,/Users/gsretikkaprasad/Desktop/Music Data/data/fma_small/142/142519.mp3,True,2
112583,Experimental,/Users/gsretikkaprasad/Desktop/Music Data/data/fma_small/112/112583.mp3,True,1
46720,Experimental,/Users/gsretikkaprasad/Desktop/Music Data/data/fma_small/046/046720.mp3,True,1
75221,Rock,/Users/gsretikkaprasad/Desktop/Music Data/data/fma_small/075/075221.mp3,True,7
44795,Experimental,/Users/gsretikkaprasad/Desktop/Music Data/data/fma_small/044/044795.mp3,True,1
114294,Electronic,/Users/gsretikkaprasad/Desktop/Music Data/data/fma_small/114/114294.mp3,True,0
44949,International,/Users/gsretikkaprasad/Desktop/Music Data/data/fma_small/044/044949.mp3,True,4
48043,Experimental,/Users/gsretikkaprasad/Desktop/Music Data/data/fma_small/048/048043.mp3,True,1
38961,Pop,/Users/gsretikkaprasad/Desktop/Music Data/data/fma_small/038/038961.mp3,True,5
35462,Experimental,/Users/gsretikkaprasad/Desktop/Music Data/data/fma_small/035/035462.mp3,True,1
72064,Rock,/Users/gsretikkaprasad/Desktop/Music Data/data/fma_small/072/072064.mp3,True,7
97960,Electronic,/Users/gsretikkaprasad/Desktop/Music Data/data/fma_small/097/097960.mp3,True,0
72067,Electronic,/Users/gsretikkaprasad/Desktop/Music Data/data/fma_small/072/072067.mp3,True,0
28274,Rock,/Users/gsretikkaprasad/Desktop/Music Data/data/fma_small/028/028274.mp3,True,7
108049,Experimental,/Users/gsretikkaprasad/Desktop/Music Data/data/fma_small/108/108049.mp3,True,1
36526,Rock,/Users/gsretikkaprasad/Desktop/Music Data/data/fma_small/036/036526.mp3,True,7
142533,International,/Users/gsretikkaprasad/Desktop/Music Data/data/fma_small/142/142533.mp3,True,4
126409,Instrumental,/Users/gsretikkaprasad/Desktop/Music Data/data/fma_small/126/126409.mp3,True,3
10684,Folk,/Users/gsretikkaprasad/Desktop/Music Data/data/fma_small/010/010684.mp3,True,2
16339,Pop,/Users/gsretikkaprasad/Desktop/Music Data/data/fma_small/016/016339.mp3,True,5
16743,International,/Users/gsretikkaprasad/Desktop/Music Data/data/fma_small/016/016743.mp3,True,4
111579,Experimental,/Users/gsretikkaprasad/Desktop/Music Data/data/fma_small/111/111579.mp3,True,1
34484,Folk,/Users/gsretikkaprasad/Desktop/Music Data/data/fma_small/034/034484.mp3,True,2
91459,Rock,/Users/gsretikkaprasad/Desktop/Music Data/data/fma_small/091/091459.mp3,True,7
151404,Electronic,/Users/gsretikkaprasad/Desktop/Music Data/data/fma_small/151/151404.mp3,True,0
96675,Hip-Hop,/Users/gsretikkaprasad/Desktop/Music Data/data/fma_small/096/096675.mp3,True,6
133535,Instrumental,/Users/gsretikkaprasad/Desktop/Music Data/data/fma_small/133/133535.mp3,True,3
52447,Instrumental,/Users/gsretikkaprasad/Desktop/Music Data/data/fma_small/052/052447.mp3,True,3
26600,Experimental,/Users/gsretikkaprasad/Desktop/Music Data/data/fma_small/026/026600.mp3,True,1
144544,Folk,/Users/gsretikkaprasad/Desktop/Music Data/data/fma_small/144/144544.mp3,True,2
16744,International,/Users/gsretikkaprasad/Desktop/Music Data/data/fma_small/016/016744.mp3,True,4
137723,Rock,/Users/gsretikkaprasad/Desktop/Music Data/data/fma_small/137/137723.mp3,True,7
116452,Folk,/Users/gsretikkaprasad/Desktop/Music Data/data/fma_small/116/116452.mp3,True,2
133457,Instrumental,/Users/gsretikkaprasad/Desktop/Music Data/data/fma_small/133/133457.mp3,True,3
114212,Instrumental,/Users/gsretikkaprasad/Desktop/Music Data/data/fma_small/114/114212.mp3,True,3
53457,Electronic,/Users/gsretikkaprasad/Desktop/Music Data/data/fma_small/053/053457.mp3,True,0
150080,International,/Users/gsretikkaprasad/Desktop/Music Data/data/fma_small/150/150080.mp3,True,4
134792,Instrumental,/Users/gsretikkaprasad/Desktop/Music Data/data/fma_small/134/134792.mp3,True,3
125286,Electronic,/Users/gsretikkaprasad/Desktop/Music Data/data/fma_small/125/125286.mp3,True,0
821,Pop,/Users/gsretikkaprasad/Desktop/Music Data/data/fma_small/000/000821.mp3,True,5
131016,Hip-Hop,/Users/gsretikkaprasad/Desktop/Music Data/data/fma_small/131/131016.mp3,True,6
58539,Rock,/Users/gsretikkaprasad/Desktop/Music Data/data/fma_small/058/058539.mp3,True,7
82631,International,/Users/gsretikkaprasad/Desktop/Music Data/data/fma_small/082/082631.mp3,True,4
122627,Instrumental,/Users/gsretikkaprasad/Desktop/Music Data/data/fma_small/122/122627.mp3,True,3
130930,Instrumental,/Users/gsretikkaprasad/Desktop/Music Data/data/fma_small/130/130930.mp3,True,3
135228,International,/Users/gsretikkaprasad/Desktop/Music Data/data/fma_small/135/135228.mp3,True,4
85692,Folk,/Users/gsretikkaprasad/Desktop/Music Data/data/fma_small/085/085692.mp3,True,2
120184,Pop,/Users/gsretikkaprasad/Desktop/Music Data/data/fma_small/120/120184.mp3,True,5
142551,Pop,/Users/gsretikkaprasad/Desktop/Music Data/data/fma_small/142/142551.mp3,True,5
98619,Hip-Hop,/Users/gsretikkaprasad/Desktop/Music Data/data/fma_small/098/098619.mp3,True,6
43623,Folk,/Users/gsretikkaprasad/Desktop/Music Data/data/fma_small/043/043623.mp3,True,2
57630,Experimental,/Users/gsretikkaprasad/Desktop/Music Data/data/fma_small/057/057630.mp3,True,1
16158,Pop,/Users/gsretikkaprasad/Desktop/Music Data/data/fma_small/016/016158.mp3,True,5
110448,International,/Users/gsretikkaprasad/Desktop/Music Data/data/fma_small/110/110448.mp3,True,4
26656,Electronic,/Users/gsretikkaprasad/Desktop/Music Data/data/fma_small/026/026656.mp3,True,0
85310,Pop,/Users/gsretikkaprasad/Desktop/Music Data/data/fma_small/085/085310.mp3,True,5
130682,Rock,/Users/gsretikkaprasad/Desktop/Music Data/data/fma_small/130/130682.mp3,True,7
36567,Experimental,/Users/gsretikkaprasad/Desktop/Music Data/data/fma_small/036/036567.mp3,True,1
134950,International,/Users/gsretikkaprasad/Desktop/Music Data/data/fma_small/134/134950.mp3,True,4
22473,Pop,/Users/gsretikkaprasad/Desktop/Music Data/data/fma_small/022/022473.mp3,True,5
52121,International,/Users/gsretikkaprasad/Desktop/Music Data/data/fma_small/052/052121.mp3,True,4
135364,Rock,/Users/gsretikkaprasad/Desktop/Music Data/data/fma_small/135/135364.mp3,True,7
127331,Instrumental,/Users/gsretikkaprasad/Desktop/Music Data/data/fma_small/127/127331.mp3,True,3
121657,Instrumental,/Users/gsretikkaprasad/Desktop/Music Data/data/fma_small/121/121657.mp3,True,3
97691,Hip-Hop,/Users/gsretikkaprasad/Desktop/Music Data/data/fma_small/097/097691.mp3,True,6
133835,International,/Users/gsretikkaprasad/Desktop/Music Data/data/fma_small/133/133835.mp3,True,4
127878,Experimental,/Users/gsretikkaprasad/Desktop/Music Data/data/fma_small/127/127878.mp3,True,1
61679,Pop,/Users/gsretikkaprasad/Desktop/Music Data/data/fma_small/061/061679.mp3,True,5
24427,Hip-Hop,/Users/gsretikkaprasad/Desktop/Music Data/data/fma_small/024/024427.mp3,True,6
36147,Electronic,/Users/gsretikkaprasad/Desktop/Music Data/data/fma_small/036/036147.mp3,True,0
73572,Folk,/Users/gsretikkaprasad/Desktop/Music Data/data/fma_small/073/073572.mp3,True,2
143304,Instrumental,/Users/gsretikkaprasad/Desktop/Music Data/data/fma_small/143/143304.mp3,True,3
133837,International,/Users/gsretikkaprasad/Desktop/Music Data/data/fma_small/133/133837.mp3,True,4
97958,Electronic,/Users/gsretikkaprasad/Desktop/Music Data/data/fma_small/097/097958.mp3,True,0
148210,Folk,/Users/gsretikkaprasad/Desktop/Music Data/data/fma_small/148/148210.mp3,True,2
56692,International,/Users/gsretikkaprasad/Desktop/Music Data/data/fma_small/056/056692.mp3,True,4
125823,Instrumental,/Users/gsretikkaprasad/Desktop/Music Data/data/fma_small/125/125823.mp3,True,3
47077,Electronic,/Users/gsretikkaprasad/Desktop/Music Data/data/fma_small/047/047077.mp3,True,0
24365,International,/Users/gsretikkaprasad/Desktop/Music Data/data/fma_small/024/024365.mp3,True,4
40657,Instrumental,/Users/gsretikkaprasad/Desktop/Music Data/data/fma_small/040/040657.mp3,True,3
57418,Instrumental,/Users/gsretikkaprasad/Desktop/Music Data/data/fma_small/057/057418.mp3,True,3
122932,Folk,/Users/gsretikkaprasad/Desktop/Music Data/data/fma_small/122/122932.mp3,True,2
97986,Hip-Hop,/Users/gsretikkaprasad/Desktop/Music Data/data/fma_small/097/097986.mp3,True,6
146716,Hip-Hop,/Users/gsretikkaprasad/Desktop/Music Data/data/fma_small/146/146716.mp3,True,6
113564,Experimental,/Users/gsretikkaprasad/Desktop/Music Data/data/fma_small/113/113564.mp3,True,1
152103,International,/Users/gsretikkaprasad/Desktop/Music Data/data/fma_small/152/152103.mp3,True,4
130932,Instrumental,/Users/gsretikkaprasad/Desktop/Music Data/data/fma_small/130/130932.mp3,True,3
8357,Experimental,/Users/gsretikkaprasad/Desktop/Music Data/data/fma_small/008/008357.mp3,True,1
55186,Electronic,/Users/gsretikkaprasad/Desktop/Music Data/data/fma_small/055/055186.mp3,True,0
152545,Hip-Hop,/Users/gsretikkaprasad/Desktop/Music Data/data/fma_small/152/152545.mp3,True,6
111793,Instrumental,/Users/gsretikkaprasad/Desktop/Music Data/data/fma_small/111/111793.mp3,True,3
75754,Hip-Hop,/Users/gsretikkaprasad/Desktop/Music Data/data/fma_small/075/075754.mp3,True,6
120318,Instrumental,/Users/gsretikkaprasad/Desktop/Music Data/data/fma_small/120/120318.mp3,True,3
69788,Experimental,/Users/gsretikkaprasad/Desktop/Music Data/data/fma_small/069/069788.mp3,True,1
41714,Experimental,/Users/gsretikkaprasad/Desktop/Music Data/data/fma_small/041/041714.mp3,True,1
131772,Pop,/Users/gsretikkaprasad/Desktop/Music Data/data/fma_small/131/131772.mp3,True,5
24371,International,/Users/gsretikkaprasad/Desktop/Music Data/data/fma_small/024/024371.mp3,True,4
138010,Rock,/Users/gsretikkaprasad/Desktop/Music Data/data/fma_small/138/138010.mp3,True,7
122683,Rock,/Users/gsretikkaprasad/Desktop/Music Data/data/fma_small/122/122683.mp3,True,7
32335,Pop,/Users/gsretikkaprasad/Desktop/Music Data/data/fma_small/032/032335.mp3,True,5
75230,Rock,/Users/gsretikkaprasad/Desktop/Music Data/data/fma_small/075/075230.mp3,True,7
3880,Folk,/Users/gsretikkaprasad/Desktop/Music Data/data/fma_small/003/003880.mp3,True,2
146988,Experimental,/Users/gsretikkaprasad/Desktop/Music Data/data/fma_small/146/146988.mp3,True,1
83789,Rock,/Users/gsretikkaprasad/Desktop/Music Data/data/fma_small/083/083789.mp3,True,7
60547,International,/Users/gsretikkaprasad/Desktop/Music Data/data/fma_small/060/060547.mp3,True,4
15540,Experimental,/Users/gsretikkaprasad/Desktop/Music Data/data/fma_small/015/015540.mp3,True,1
12050,Folk,/Users/gsretikkaprasad/Desktop/Music Data/data/fma_small/012/012050.mp3,True,2
129807,Hip-Hop,/Users/gsretikkaprasad/Desktop/Music Data/data/fma_small/129/129807.mp3,True,6
59675,International,/Users/gsretikkaprasad/Desktop/Music Data/data/fma_small/059/059675.mp3,True,4
113311,Rock,/Users/gsretikkaprasad/Desktop/Music Data/data/fma_small/113/113311.mp3,True,7
6803,International,/Users/gsretikkaprasad/Desktop/Music Data/data/fma_small/006/006803.mp3,True,4
120771,Instrumental,/Users/gsretikkaprasad/Desktop/Music Data/data/fma_small/120/120771.mp3,True,3
143318,Rock,/Users/gsretikkaprasad/Desktop/Music Data/data/fma_small/143/143318.mp3,True,7
140791,Folk,/Users/gsretikkaprasad/Desktop/Music Data/data/fma_small/140/140791.mp3,True,2
53576,Folk,/Users/gsretikkaprasad/Desktop/Music Data/data/fma_small/053/053576.mp3,True,2
73192,Rock,/Users/gsretikkaprasad/Desktop/Music Data/data/fma_small/073/073192.mp3,True,7
64860,Experimental,/Users/gsretikkaprasad/Desktop/Music Data/data/fma_small/064/064860.mp3,True,1
40122,Experimental,/Users/gsretikkaprasad/Desktop/Music Data/data/fma_small/040/040122.mp3,True,1
63226,Pop,/Users/gsretikkaprasad/Desktop/Music Data/data/fma_small/063/063226.mp3,True,5
127358,International,/Users/gsretikkaprasad/Desktop/Music Data/data/fma_small/127/127358.mp3,True,4
106566,Rock,/Users/gsretikkaprasad/Desktop/Music Data/data/fma_small/106/106566.mp3,True,7
13378,Pop,/Users/gsretikkaprasad/Desktop/Music Data/data/fma_small/013/013378.mp3,True,5
10383,Folk,/Users/gsretikkaprasad/Desktop/Music Data/data/fma_small/010/010383.mp3,True,2
97848,Electronic,/Users/gsretikkaprasad/Desktop/Music Data/data/fma_small/097/097848.mp3,True,0
69303,Experimental,/Users/gsretikkaprasad/Desktop/Music Data/data/fma_small/069/069303.mp3,True,1
113026,Pop,/Users/gsretikkaprasad/Desktop/Music Data/data/fma_small/113/113026.mp3,True,5
39900,Experimental,/Users/gsretikkaprasad/Desktop/Music Data/data/fma_small/039/039900.mp3,True,1
63043,Rock,/Users/gsretikkaprasad/Desktop/Music Data/data/fma_small/063/063043.mp3,True,7
107850,Hip-Hop,/Users/gsretikkaprasad/Desktop/Music Data/data/fma_small/107/107850.mp3,True,6
116880,Electronic,/Users/gsretikkaprasad/Desktop/Music Data/data/fma_small/116/116880.mp3,True,0
1733,Experimental,/Users/gsretikkaprasad/Desktop/Music Data/data/fma_small/001/001733.mp3,True,1
62436,Pop,/Users/gsretikkaprasad/Desktop/Music Data/data/fma_small/062/062436.mp3,True,5
129910,Hip-Hop,/Users/gsretikkaprasad/Desktop/Music Data/data/fma_small/129/129910.mp3,True,6
144546,Folk,/Users/gsretikkaprasad/Desktop/Music Data/data/fma_small/144/144546.mp3,True,2
49844,Folk,/Users/gsretikkaprasad/Desktop/Music Data/data/fma_small/049/049844.mp3,True,2
68843,Folk,/Users/gsretikkaprasad/Desktop/Music Data/data/fma_small/068/068843.mp3,True,2
39259,Experimental,/Users/gsretikkaprasad/Desktop/Music Data/data/fma_small/039/039259.mp3,True,1
49071,Experimental,/Users/gsretikkaprasad/Desktop/Music Data/data/fma_small/049/049071.mp3,True,1
144547,Folk,/Users/gsretikkaprasad/Desktop/Music Data/data/fma_small/144/144547.mp3,True,2
32882,Hip-Hop,/Users/gsretikkaprasad/Desktop/Music Data/data/fma_small/032/032882.mp3,True,6
131918,Instrumental,/Users/gsretikkaprasad/Desktop/Music Data/data/fma_small/131/131918.mp3,True,3
149078,Pop,/Users/gsretikkaprasad/Desktop/Music Data/data/fma_small/149/149078.mp3,True,5
24421,Hip-Hop,/Users/gsretikkaprasad/Desktop/Music Data/data/fma_small/024/024421.mp3,True,6
141569,Hip-Hop,/Users/gsretikkaprasad/Desktop/Music Data/data/fma_small/141/141569.mp3,True,6
138021,Instrumental,/Users/gsretikkaprasad/Desktop/Music Data/data/fma_small/138/138021.mp3,True,3
109670,Hip-Hop,/Users/gsretikkaprasad/Desktop/Music Data/data/fma_small/109/109670.mp3,True,6
14869,Electronic,/Users/gsretikkaprasad/Desktop/Music Data/data/fma_small/014/014869.mp3,True,0
126521,Experimental,/Users/gsretikkaprasad/Desktop/Music Data/data/fma_small/126/126521.mp3,True,1
71510,Electronic,/Users/gsretikkaprasad/Desktop/Music Data/data/fma_small/071/071510.mp3,True,0
43600,International,/Users/gsretikkaprasad/Desktop/Music Data/data/fma_small/043/043600.mp3,True,4
40909,Experimental,/Users/gsretikkaprasad/Desktop/Music Data/data/fma_small/040/040909.mp3,True,1
133443,Instrumental,/Users/gsretikkaprasad/Desktop/Music Data/data/fma_small/133/133443.mp3,True,3
108036,Rock,/Users/gsretikkaprasad/Desktop/Music Data/data/fma_small/108/108036.mp3,True,7
141594,International,/Users/gsretikkaprasad/Desktop/Music Data/data/fma_small/141/141594.mp3,True,4
19420,Pop,/Users/gsretikkaprasad/Desktop/Music Data/data/fma_small/019/019420.mp3,True,5
55717,Rock,/Users/gsretikkaprasad/Desktop/Music Data/data/fma_small/055/055717.mp3,True,7
124485,Pop,/Users/gsretikkaprasad/Desktop/Music Data/data/fma_small/124/124485.mp3,True,5
127183,Pop,/Users/gsretikkaprasad/Desktop/Music Data/data/fma_small/127/127183.mp3,True,5
127661,Instrumental,/Users/gsretikkaprasad/Desktop/Music Data/data/fma_small/127/127661.mp3,True,3
3840,Rock,/Users/gsretikkaprasad/Desktop/Music Data/data/fma_small/003/003840.mp3,True,7
127290,Pop,/Users/gsretikkaprasad/Desktop/Music Data/data/fma_small/127/127290.mp3,True,5
113276,International,/Users/gsretikkaprasad/Desktop/Music Data/data/fma_small/113/113276.mp3,True,4
106522,Experimental,/Users/gsretikkaprasad/Desktop/Music Data/data/fma_small/106/106522.mp3,True,1
40242,Folk,/Users/gsretikkaprasad/Desktop/Music Data/data/fma_small/040/040242.mp3,True,2
29750,Experimental,/Users/gsretikkaprasad/Desktop/Music Data/data/fma_small/029/029750.mp3,True,1
134823,Hip-Hop,/Users/gsretikkaprasad/Desktop/Music Data/data/fma_small/134/134823.mp3,True,6
54365,Hip-Hop,/Users/gsretikkaprasad/Desktop/Music Data/data/fma_small/054/054365.mp3,True,6
114293,Electronic,/Users/gsretikkaprasad/Desktop/Music Data/data/fma_small/114/114293.mp3,True,0
152568,Instrumental,/Users/gsretikkaprasad/Desktop/Music Data/data/fma_small/152/152568.mp3,True,3
141292,Instrumental,/Users/gsretikkaprasad/Desktop/Music Data/data/fma_small/141/141292.mp3,True,3
68407,Experimental,/Users/gsretikkaprasad/Desktop/Music Data/data/fma_small/068/068407.mp3,True,1
44851,Experimental,/Users/gsretikkaprasad/Desktop/Music Data/data/fma_small/044/044851.mp3,True,1
36143,Electronic,/Users/gsretikkaprasad/Desktop/Music Data/data/fma_small/036/036143.mp3,True,0
68894,Electronic,/Users/gsretikkaprasad/Desktop/Music Data/data/fma_small/068/068894.mp3,True,0
73335,Electronic,/Users/gsretikkaprasad/Desktop/Music Data/data/fma_small/073/073335.mp3,True,0
40845,Electronic,/Users/gsretikkaprasad/Desktop/Music Data/data/fma_small/040/040845.mp3,True,0
126749,Folk,/Users/gsretikkaprasad/Desktop/Music Data/data/fma_small/126/126749.mp3,True,2
676,Hip-Hop,/Users/gsretikkaprasad/Desktop/Music Data/data/fma_small/000/000676.mp3,True,6
63255,Folk,/Users/gsretikkaprasad/Desktop/Music Data/data/fma_small/063/063255.mp3,True,2
120770,Instrumental,/Users/gsretikkaprasad/Desktop/Music Data/data/fma_small/120/120770.mp3,True,3
4235,International,/Users/gsretikkaprasad/Desktop/Music Data/data/fma_small/004/004235.mp3,True,4
131932,International,/Users/gsretikkaprasad/Desktop/Music Data/data/fma_small/131/131932.mp3,True,4
111187,Folk,/Users/gsretikkaprasad/Desktop/Music Data/data/fma_small/111/111187.mp3,True,2
72784,Hip-Hop,/Users/gsretikkaprasad/Desktop/Music Data/data/fma_small/072/072784.mp3,True,6
131925,Instrumental,/Users/gsretikkaprasad/Desktop/Music Data/data/fma_small/131/131925.mp3,True,3
138213,Hip-Hop,/Users/gsretikkaprasad/Desktop/Music Data/data/fma_small/138/138213.mp3,True,6
111398,Pop,/Users/gsretikkaprasad/Desktop/Music Data/data/fma_small/111/111398.mp3,True,5
74378,Experimental,/Users/gsretikkaprasad/Desktop/Music Data/data/fma_small/074/074378.mp3,True,1
85492,Folk,/Users/gsretikkaprasad/Desktop/Music Data/data/fma_small/085/085492.mp3,True,2
129046,Rock,/Users/gsretikkaprasad/Desktop/Music Data/data/fma_small/129/129046.mp3,True,7
35198,Experimental,/Users/gsretikkaprasad/Desktop/Music Data/data/fma_small/035/035198.mp3,True,1
119985,Hip-Hop,/Users/gsretikkaprasad/Desktop/Music Data/data/fma_small/119/119985.mp3,True,6
145260,Rock,/Users/gsretikkaprasad/Desktop/Music Data/data/fma_small/145/145260.mp3,True,7
127532,Experimental,/Users/gsretikkaprasad/Desktop/Music Data/data/fma_small/127/127532.mp3,True,1
33071,International,/Users/gsretikkaprasad/Desktop/Music Data/data/fma_small/033/033071.mp3,True,4
108421,Electronic,/Users/gsretikkaprasad/Desktop/Music Data/data/fma_small/108/108421.mp3,True,0
112734,Rock,/Users/gsretikkaprasad/Desktop/Music Data/data/fma_small/112/112734.mp3,True,7
47199,Experimental,/Users/gsretikkaprasad/Desktop/Music Data/data/fma_small/047/047199.mp3,True,1
70770,Hip-Hop,/Users/gsretikkaprasad/Desktop/Music Data/data/fma_small/070/070770.mp3,True,6
14809,Folk,/Users/gsretikkaprasad/Desktop/Music Data/data/fma_small/014/014809.mp3,True,2
45154,Electronic,/Users/gsretikkaprasad/Desktop/Music Data/data/fma_small/045/045154.mp3,True,0
47826,Experimental,/Users/gsretikkaprasad/Desktop/Music Data/data/fma_small/047/047826.mp3,True,1
115292,Instrumental,/Users/gsretikkaprasad/Desktop/Music Data/data/fma_small/115/115292.mp3,True,3
56520,Folk,/Users/gsretikkaprasad/Desktop/Music Data/data/fma_small/056/056520.mp3,True,2
87101,Instrumental,/Users/gsretikkaprasad/Desktop/Music Data/data/fma_small/087/087101.mp3,True,3
94348,Rock,/Users/gsretikkaprasad/Desktop/Music Data/data/fma_small/094/094348.mp3,True,7
61007,Folk,/Users/gsretikkaprasad/Desktop/Music Data/data/fma_small/061/061007.mp3,True,2
138579,Electronic,/Users/gsretikkaprasad/Desktop/Music Data/data/fma_small/138/138579.mp3,True,0
38775,International,/Users/gsretikkaprasad/Desktop/Music Data/data/fma_small/038/038775.mp3,True,4
131919,Instrumental,/Users/gsretikkaprasad/Desktop/Music Data/data/fma_small/131/131919.mp3,True,3
89474,Electronic,/Users/gsretikkaprasad/Desktop/Music Data/data/fma_small/089/089474.mp3,True,0
30740,Experimental,/Users/gsretikkaprasad/Desktop/Music Data/data/fma_small/030/030740.mp3,True,1
37727,Rock,/Users/gsretikkaprasad/Desktop/Music Data/data/fma_small/037/037727.mp3,True,7
131904,Folk,/Users/gsretikkaprasad/Desktop/Music Data/data/fma_small/131/131904.mp3,True,2
13538,International,/Users/gsretikkaprasad/Desktop/Music Data/data/fma_small/013/013538.mp3,True,4
56689,International,/Users/gsretikkaprasad/Desktop/Music Data/data/fma_small/056/056689.mp3,True,4
74383,Experimental,/Users/gsretikkaprasad/Desktop/Music Data/data/fma_small/074/074383.mp3,True,1
75928,Hip-Hop,/Users/gsretikkaprasad/Desktop/Music Data/data/fma_small/075/075928.mp3,True,6
21402,Pop,/Users/gsretikkaprasad/Desktop/Music Data/data/fma_small/021/021402.mp3,True,5
145757,Electronic,/Users/gsretikkaprasad/Desktop/Music Data/data/fma_small/145/145757.mp3,True,0
135363,Rock,/Users/gsretikkaprasad/Desktop/Music Data/data/fma_small/135/135363.mp3,True,7
105718,Folk,/Users/gsretikkaprasad/Desktop/Music Data/data/fma_small/105/105718.mp3,True,2
70303,Electronic,/Users/gsretikkaprasad/Desktop/Music Data/data/fma_small/070/070303.mp3,True,0
129924,International,/Users/gsretikkaprasad/Desktop/Music Data/data/fma_small/129/129924.mp3,True,4
121451,Electronic,/Users/gsretikkaprasad/Desktop/Music Data/data/fma_small/121/121451.mp3,True,0
56468,International,/Users/gsretikkaprasad/Desktop/Music Data/data/fma_small/056/056468.mp3,True,4
108808,Hip-Hop,/Users/gsretikkaprasad/Desktop/Music Data/data/fma_small/108/108808.mp3,True,6
47657,Electronic,/Users/gsretikkaprasad/Desktop/Music Data/data/fma_small/047/047657.mp3,True,0
104780,Pop,/Users/gsretikkaprasad/Desktop/Music Data/data/fma_small/104/104780.mp3,True,5
77519,Experimental,/Users/gsretikkaprasad/Desktop/Music Data/data/fma_small/077/077519.mp3,True,1
114245,Electronic,/Users/gsretikkaprasad/Desktop/Music Data/data/fma_small/114/114245.mp3,True,0
13201,Hip-Hop,/Users/gsretikkaprasad/Desktop/Music Data/data/fma_small/013/013201.mp3,True,6
94038,Instrumental,/Users/gsretikkaprasad/Desktop/Music Data/data/fma_small/094/094038.mp3,True,3
123438,Hip-Hop,/Users/gsretikkaprasad/Desktop/Music Data/data/fma_small/123/123438.mp3,True,6
131021,Hip-Hop,/Users/gsretikkaprasad/Desktop/Music Data/data/fma_small/131/131021.mp3,True,6
16878,Hip-Hop,/Users/gsretikkaprasad/Desktop/Music Data/data/fma_small/016/016878.mp3,True,6
120513,Instrumental,/Users/gsretikkaprasad/Desktop/Music Data/data/fma_small/120/120513.mp3,True,3
127912,Pop,/Users/gsretikkaprasad/Desktop/Music Data/data/fma_small/127/127912.mp3,True,5
66390,Electronic,/Users/gsretikkaprasad/Desktop/Music Data/data/fma_small/066/066390.mp3,True,0
69726,Rock,/Users/gsretikkaprasad/Desktop/Music Data/data/fma_small/069/069726.mp3,True,7
117627,Folk,/Users/gsretikkaprasad/Desktop/Music Data/data/fma_small/117/117627.mp3,True,2
11922,Hip-Hop,/Users/gsretikkaprasad/Desktop/Music Data/data/fma_small/011/011922.mp3,True,6
32329,Pop,/Users/gsretikkaprasad/Desktop/Music Data/data/fma_small/032/032329.mp3,True,5
56552,Rock,/Users/gsretikkaprasad/Desktop/Music Data/data/fma_small/056/056552.mp3,True,7
112484,Hip-Hop,/Users/gsretikkaprasad/Desktop/Music Data/data/fma_small/112/112484.mp3,True,6
34263,Experimental,/Users/gsretikkaprasad/Desktop/Music Data/data/fma_small/034/034263.mp3,True,1
59688,International,/Users/gsretikkaprasad/Desktop/Music Data/data/fma_small/059/059688.mp3,True,4
23014,Folk,/Users/gsretikkaprasad/Desktop/Music Data/data/fma_small/023/023014.mp3,True,2
108992,Rock,/Users/gsretikkaprasad/Desktop/Music Data/data/fma_small/108/108992.mp3,True,7
139933,Electronic,/Users/gsretikkaprasad/Desktop/Music Data/data/fma_small/139/139933.mp3,True,0
148114,Instrumental,/Users/gsretikkaprasad/Desktop/Music Data/data/fma_small/148/148114.mp3,True,3
130927,Instrumental,/Users/gsretikkaprasad/Desktop/Music Data/data/fma_small/130/130927.mp3,True,3
54031,Pop,/Users/gsretikkaprasad/Desktop/Music Data/data/fma_small/054/054031.mp3,True,5
51263,Pop,/Users/gsretikkaprasad/Desktop/Music Data/data/fma_small/051/051263.mp3,True,5
144944,Pop,/Users/gsretikkaprasad/Desktop/Music Data/data/fma_small/144/144944.mp3,True,5
127265,Folk,/Users/gsretikkaprasad/Desktop/Music Data/data/fma_small/127/127265.mp3,True,2
68404,Rock,/Users/gsretikkaprasad/Desktop/Music Data/data/fma_small/068/068404.mp3,True,7
22348,Pop,/Users/gsretikkaprasad/Desktop/Music Data/data/fma_small/022/022348.mp3,True,5
122633,Instrumental,/Users/gsretikkaprasad/Desktop/Music Data/data/fma_small/122/122633.mp3,True,3
95310,Rock,/Users/gsretikkaprasad/Desktop/Music Data/data/fma_small/095/095310.mp3,True,7
152262,International,/Users/gsretikkaprasad/Desktop/Music Data/data/fma_small/152/152262.mp3,True,4
12350,Folk,/Users/gsretikkaprasad/Desktop/Music Data/data/fma_small/012/012350.mp3,True,2
142575,International,/Users/gsretikkaprasad/Desktop/Music Data/data/fma_small/142/142575.mp3,True,4
38450,Experimental,/Users/gsretikkaprasad/Desktop/Music Data/data/fma_small/038/038450.mp3,True,1
37368,Pop,/Users/gsretikkaprasad/Desktop/Music Data/data/fma_small/037/037368.mp3,True,5
149422,Experimental,/Users/gsretikkaprasad/Desktop/Music Data/data/fma_small/149/149422.mp3,True,1
122087,Rock,/Users/gsretikkaprasad/Desktop/Music Data/data/fma_small/122/122087.mp3,True,7
68839,Folk,/Users/gsretikkaprasad/Desktop/Music Data/data/fma_small/068/068839.mp3,True,2
89473,Hip-Hop,/Users/gsretikkaprasad/Desktop/Music Data/data/fma_small/089/089473.mp3,True,6
135372,Rock,/Users/gsretikkaprasad/Desktop/Music Data/data/fma_small/135/135372.mp3,True,7
118507,Experimental,/Users/gsretikkaprasad/Desktop/Music Data/data/fma_small/118/118507.mp3,True,1
54442,International,/Users/gsretikkaprasad/Desktop/Music Data/data/fma_small/054/054442.mp3,True,4
110623,Experimental,/Users/gsretikkaprasad/Desktop/Music Data/data/fma_small/110/110623.mp3,True,1
111335,Rock,/Users/gsretikkaprasad/Desktop/Music Data/data/fma_small/111/111335.mp3,True,7
13749,Hip-Hop,/Users/gsretikkaprasad/Desktop/Music Data/data/fma_small/013/013749.mp3,True,6
33460,Rock,/Users/gsretikkaprasad/Desktop/Music Data/data/fma_small/033/033460.mp3,True,7
5381,Folk,/Users/gsretikkaprasad/Desktop/Music Data/data/fma_small/005/005381.mp3,True,2
11206,Electronic,/Users/gsretikkaprasad/Desktop/Music Data/data/fma_small/011/011206.mp3,True,0
109447,Folk,/Users/gsretikkaprasad/Desktop/Music Data/data/fma_small/109/109447.mp3,True,2
132122,Pop,/Users/gsretikkaprasad/Desktop/Music Data/data/fma_small/132/132122.mp3,True,5
128827,Experimental,/Users/gsretikkaprasad/Desktop/Music Data/data/fma_small/128/128827.mp3,True,1
69828,Hip-Hop,/Users/gsretikkaprasad/Desktop/Music Data/data/fma_small/069/069828.mp3,True,6
38964,Experimental,/Users/gsretikkaprasad/Desktop/Music Data/data/fma_small/038/038964.mp3,True,1
14742,Rock,/Users/gsretikkaprasad/Desktop/Music Data/data/fma_small/014/014742.mp3,True,7
137054,Electronic,/Users/gsretikkaprasad/Desktop/Music Data/data/fma_small/137/137054.mp3,True,0
73776,International,/Users/gsretikkaprasad/Desktop/Music Data/data/fma_small/073/073776.mp3,True,4
145003,Folk,/Users/gsretikkaprasad/Desktop/Music Data/data/fma_small/145/145003.mp3,True,2
126102,Pop,/Users/gsretikkaprasad/Desktop/Music Data/data/fma_small/126/126102.mp3,True,5
37920,Electronic,/Users/gsretikkaprasad/Desktop/Music Data/data/fma_small/037/037920.mp3,True,0
85488,Folk,/Users/gsretikkaprasad/Desktop/Music Data/data/fma_small/085/085488.mp3,True,2
131912,Instrumental,/Users/gsretikkaprasad/Desktop/Music Data/data/fma_small/131/131912.mp3,True,3
42984,Experimental,/Users/gsretikkaprasad/Desktop/Music Data/data/fma_small/042/042984.mp3,True,1
73494,Experimental,/Users/gsretikkaprasad/Desktop/Music Data/data/fma_small/073/073494.mp3,True,1
61820,Rock,/Users/gsretikkaprasad/Desktop/Music Data/data/fma_small/061/061820.mp3,True,7
114556,Electronic,/Users/gsretikkaprasad/Desktop/Music Data/data/fma_small/114/114556.mp3,True,0
134981,Folk,/Users/gsretikkaprasad/Desktop/Music Data/data/fma_small/134/134981.mp3,True,2
150079,International,/Users/gsretikkaprasad/Desktop/Music Data/data/fma_small/150/150079.mp3,True,4
64834,Pop,/Users/gsretikkaprasad/Desktop/Music Data/data/fma_small/064/064834.mp3,True,5
69002,Experimental,/Users/gsretikkaprasad/Desktop/Music Data/data/fma_small/069/069002.mp3,True,1
134801,Electronic,/Users/gsretikkaprasad/Desktop/Music Data/data/fma_small/134/134801.mp3,True,0
8208,Rock,/Users/gsretikkaprasad/Desktop/Music Data/data/fma_small/008/008208.mp3,True,7
126297,Rock,/Users/gsretikkaprasad/Desktop/Music Data/data/fma_small/126/126297.mp3,True,7
114385,Electronic,/Users/gsretikkaprasad/Desktop/Music Data/data/fma_small/114/114385.mp3,True,0
90582,Pop,/Users/gsretikkaprasad/Desktop/Music Data/data/fma_small/090/090582.mp3,True,5
57371,Instrumental,/Users/gsretikkaprasad/Desktop/Music Data/data/fma_small/057/057371.mp3,True,3
78849,Hip-Hop,/Users/gsretikkaprasad/Desktop/Music Data/data/fma_small/078/078849.mp3,True,6
24429,Hip-Hop,/Users/gsretikkaprasad/Desktop/Music Data/data/fma_small/024/024429.mp3,True,6
81365,Experimental,/Users/gsretikkaprasad/Desktop/Music Data/data/fma_small/081/081365.mp3,True,1
126240,Instrumental,/Users/gsretikkaprasad/Desktop/Music Data/data/fma_small/126/126240.mp3,True,3
14584,Instrumental,/Users/gsretikkaprasad/Desktop/Music Data/data/fma_small/014/014584.mp3,True,3
137899,Hip-Hop,/Users/gsretikkaprasad/Desktop/Music Data/data/fma_small/137/137899.mp3,True,6
71690,Hip-Hop,/Users/gsretikkaprasad/Desktop/Music Data/data/fma_small/071/071690.mp3,True,6
145704,Pop,/Users/gsretikkaprasad/Desktop/Music Data/data/fma_small/145/145704.mp3,True,5
36618,Pop,/Users/gsretikkaprasad/Desktop/Music Data/data/fma_small/036/036618.mp3,True,5
89991,Experimental,/Users/gsretikkaprasad/Desktop/Music Data/data/fma_small/089/089991.mp3,True,1
4519,Electronic,/Users/gsretikkaprasad/Desktop/Music Data/data/fma_small/004/004519.mp3,True,0
22480,Pop,/Users/gsretikkaprasad/Desktop/Music Data/data/fma_small/022/022480.mp3,True,5
126559,Experimental,/Users/gsretikkaprasad/Desktop/Music Data/data/fma_small/126/126559.mp3,True,1
121654,Instrumental,/Users/gsretikkaprasad/Desktop/Music Data/data/fma_small/121/121654.mp3,True,3
104282,Electronic,/Users/gsretikkaprasad/Desktop/Music Data/data/fma_small/104/104282.mp3,True,0
19708,Folk,/Users/gsretikkaprasad/Desktop/Music Data/data/fma_small/019/019708.mp3,True,2
29526,Electronic,/Users/gsretikkaprasad/Desktop/Music Data/data/fma_small/029/029526.mp3,True,0
17634,International,/Users/gsretikkaprasad/Desktop/Music Data/data/fma_small/017/017634.mp3,True,4
122364,Folk,/Users/gsretikkaprasad/Desktop/Music Data/data/fma_small/122/122364.mp3,True,2
58221,Rock,/Users/gsretikkaprasad/Desktop/Music Data/data/fma_small/058/058221.mp3,True,7
17906,Pop,/Users/gsretikkaprasad/Desktop/Music Data/data/fma_small/017/017906.mp3,True,5
56495,Hip-Hop,/Users/gsretikkaprasad/Desktop/Music Data/data/fma_small/056/056495.mp3,True,6
13708,Electronic,/Users/gsretikkaprasad/Desktop/Music Data/data/fma_small/013/013708.mp3,True,0
118503,Experimental,/Users/gsretikkaprasad/Desktop/Music Data/data/fma_small/118/118503.mp3,True,1
39530,Pop,/Users/gsretikkaprasad/Desktop/Music Data/data/fma_small/039/039530.mp3,True,5
69787,Experimental,/Users/gsretikkaprasad/Desktop/Music Data/data/fma_small/069/069787.mp3,True,1
110684,Experimental,/Users/gsretikkaprasad/Desktop/Music Data/data/fma_small/110/110684.mp3,True,1
107188,International,/Users/gsretikkaprasad/Desktop/Music Data/data/fma_small/107/107188.mp3,True,4
108319,Experimental,/Users/gsretikkaprasad/Desktop/Music Data/data/fma_small/108/108319.mp3,True,1
115948,Folk,/Users/gsretikkaprasad/Desktop/Music Data/data/fma_small/115/115948.mp3,True,2
76073,International,/Users/gsretikkaprasad/Desktop/Music Data/data/fma_small/076/076073.mp3,True,4
5376,Folk,/Users/gsretikkaprasad/Desktop/Music Data/data/fma_small/005/005376.mp3,True,2
3537,Pop,/Users/gsretikkaprasad/Desktop/Music Data/data/fma_small/003/003537.mp3,True,5
40241,Folk,/Users/gsretikkaprasad/Desktop/Music Data/data/fma_small/040/040241.mp3,True,2
126232,Instrumental,/Users/gsretikkaprasad/Desktop/Music Data/data/fma_small/126/126232.mp3,True,3
148290,Pop,/Users/gsretikkaprasad/Desktop/Music Data/data/fma_small/148/148290.mp3,True,5
82507,Folk,/Users/gsretikkaprasad/Desktop/Music Data/data/fma_small/082/082507.mp3,True,2
111658,Rock,/Users/gsretikkaprasad/Desktop/Music Data/data/fma_small/111/111658.mp3,True,7
74387,Experimental,/Users/gsretikkaprasad/Desktop/Music Data/data/fma_small/074/074387.mp3,True,1
81082,Folk,/Users/gsretikkaprasad/Desktop/Music Data/data/fma_small/081/081082.mp3,True,2
41825,Pop,/Users/gsretikkaprasad/Desktop/Music Data/data/fma_small/041/041825.mp3,True,5
132678,Instrumental,/Users/gsretikkaprasad/Desktop/Music Data/data/fma_small/132/132678.mp3,True,3
108528,Electronic,/Users/gsretikkaprasad/Desktop/Music Data/data/fma_small/108/108528.mp3,True,0
74365,Electronic,/Users/gsretikkaprasad/Desktop/Music Data/data/fma_small/074/074365.mp3,True,0
70774,Hip-Hop,/Users/gsretikkaprasad/Desktop/Music Data/data/fma_small/070/070774.mp3,True,6
11946,Experimental,/Users/gsretikkaprasad/Desktop/Music Data/data/fma_small/011/011946.mp3,True,1
26640,Rock,/Users/gsretikkaprasad/Desktop/Music Data/data/fma_small/026/026640.mp3,True,7
110777,Hip-Hop,/Users/gsretikkaprasad/Desktop/Music Data/data/fma_small/110/110777.mp3,True,6
81895,Experimental,/Users/gsretikkaprasad/Desktop/Music Data/data/fma_small/081/081895.mp3,True,1
48808,Folk,/Users/gsretikkaprasad/Desktop/Music Data/data/fma_small/048/048808.mp3,True,2
115263,International,/Users/gsretikkaprasad/Desktop/Music Data/data/fma_small/115/115263.mp3,True,4
121663,Instrumental,/Users/gsretikkaprasad/Desktop/Music Data/data/fma_small/121/121663.mp3,True,3
38834,International,/Users/gsretikkaprasad/Desktop/Music Data/data/fma_small/038/038834.mp3,True,4
116177,Instrumental,/Users/gsretikkaprasad/Desktop/Music Data/data/fma_small/116/116177.mp3,True,3
11334,Experimental,/Users/gsretikkaprasad/Desktop/Music Data/data/fma_small/011/011334.mp3,True,1
111385,Pop,/Users/gsretikkaprasad/Desktop/Music Data/data/fma_small/111/111385.mp3,True,5
126455,Folk,/Users/gsretikkaprasad/Desktop/Music Data/data/fma_small/126/126455.mp3,True,2
98028,International,/Users/gsretikkaprasad/Desktop/Music Data/data/fma_small/098/098028.mp3,True,4
42659,Folk,/Users/gsretikkaprasad/Desktop/Music Data/data/fma_small/042/042659.mp3,True,2
14386,Hip-Hop,/Users/gsretikkaprasad/Desktop/Music Data/data/fma_small/014/014386.mp3,True,6
86993,Rock,/Users/gsretikkaprasad/Desktop/Music Data/data/fma_small/086/086993.mp3,True,7
54159,Instrumental,/Users/gsretikkaprasad/Desktop/Music Data/data/fma_small/054/054159.mp3,True,3
57078,Pop,/Users/gsretikkaprasad/Desktop/Music Data/data/fma_small/057/057078.mp3,True,5
118952,Instrumental,/Users/gsretikkaprasad/Desktop/Music Data/data/fma_small/118/118952.mp3,True,3
148234,Folk,/Users/gsretikkaprasad/Desktop/Music Data/data/fma_small/148/148234.mp3,True,2
100479,Hip-Hop,/Users/gsretikkaprasad/Desktop/Music Data/data/fma_small/100/100479.mp3,True,6
111372,Pop,/Users/gsretikkaprasad/Desktop/Music Data/data/fma_small/111/111372.mp3,True,5
113272,International,/Users/gsretikkaprasad/Desktop/Music Data/data/fma_small/113/113272.mp3,True,4
28692,Rock,/Users/gsretikkaprasad/Desktop/Music Data/data/fma_small/028/028692.mp3,True,7
121257,Rock,/Users/gsretikkaprasad/Desktop/Music Data/data/fma_small/121/121257.mp3,True,7
12147,Pop,/Users/gsretikkaprasad/Desktop/Music Data/data/fma_small/012/012147.mp3,True,5
52631,Electronic,/Users/gsretikkaprasad/Desktop/Music Data/data/fma_small/052/052631.mp3,True,0
120467,Electronic,/Users/gsretikkaprasad/Desktop/Music Data/data/fma_small/120/120467.mp3,True,0
148288,Pop,/Users/gsretikkaprasad/Desktop/Music Data/data/fma_small/148/148288.mp3,True,5
148519,Pop,/Users/gsretikkaprasad/Desktop/Music Data/data/fma_small/148/148519.mp3,True,5
52389,Pop,/Users/gsretikkaprasad/Desktop/Music Data/data/fma_small/052/052389.mp3,True,5
72131,Hip-Hop,/Users/gsretikkaprasad/Desktop/Music Data/data/fma_small/072/072131.mp3,True,6
73169,Folk,/Users/gsretikkaprasad/Desktop/Music Data/data/fma_small/073/073169.mp3,True,2
110208,Experimental,/Users/gsretikkaprasad/Desktop/Music Data/data/fma_small/110/110208.mp3,True,1
75908,Rock,/Users/gsretikkaprasad/Desktop/Music Data/data/fma_small/075/075908.mp3,True,7
47894,Pop,/Users/gsretikkaprasad/Desktop/Music Data/data/fma_small/047/047894.mp3,True,5
137935,Rock,/Users/gsretikkaprasad/Desktop/Music Data/data/fma_small/137/137935.mp3,True,7
126294,Rock,/Users/gsretikkaprasad/Desktop/Music Data/data/fma_small/126/126294.mp3,True,7
84817,Pop,/Users/gsretikkaprasad/Desktop/Music Data/data/fma_small/084/084817.mp3,True,5
53725,International,/Users/gsretikkaprasad/Desktop/Music Data/data/fma_small/053/053725.mp3,True,4
55289,Pop,/Users/gsretikkaprasad/Desktop/Music Data/data/fma_small/055/055289.mp3,True,5
68579,Experimental,/Users/gsretikkaprasad/Desktop/Music Data/data/fma_small/068/068579.mp3,True,1
50752,Rock,/Users/gsretikkaprasad/Desktop/Music Data/data/fma_small/050/050752.mp3,True,7
64601,Experimental,/Users/gsretikkaprasad/Desktop/Music Data/data/fma_small/064/064601.mp3,True,1
117170,Instrumental,/Users/gsretikkaprasad/Desktop/Music Data/data/fma_small/117/117170.mp3,True,3
117884,Rock,/Users/gsretikkaprasad/Desktop/Music Data/data/fma_small/117/117884.mp3,True,7
4068,Folk,/Users/gsretikkaprasad/Desktop/Music Data/data/fma_small/004/004068.mp3,True,2
148099,Experimental,/Users/gsretikkaprasad/Desktop/Music Data/data/fma_small/148/148099.mp3,True,1
41095,Rock,/Users/gsretikkaprasad/Desktop/Music Data/data/fma_small/041/041095.mp3,True,7
70402,Rock,/Users/gsretikkaprasad/Desktop/Music Data/data/fma_small/070/070402.mp3,True,7
113034,Hip-Hop,/Users/gsretikkaprasad/Desktop/Music Data/data/fma_small/113/113034.mp3,True,6
46846,Pop,/Users/gsretikkaprasad/Desktop/Music Data/data/fma_small/046/046846.mp3,True,5
133020,Electronic,/Users/gsretikkaprasad/Desktop/Music Data/data/fma_small/133/133020.mp3,True,0
53159,International,/Users/gsretikkaprasad/Desktop/Music Data/data/fma_small/053/053159.mp3,True,4
94422,Folk,/Users/gsretikkaprasad/Desktop/Music Data/data/fma_small/094/094422.mp3,True,2
113697,International,/Users/gsretikkaprasad/Desktop/Music Data/data/fma_small/113/113697.mp3,True,4
66644,Pop,/Users/gsretikkaprasad/Desktop/Music Data/data/fma_small/066/066644.mp3,True,5
127286,Pop,/Users/gsretikkaprasad/Desktop/Music Data/data/fma_small/127/127286.mp3,True,5
147409,Rock,/Users/gsretikkaprasad/Desktop/Music Data/data/fma_small/147/147409.mp3,True,7
113971,Electronic,/Users/gsretikkaprasad/Desktop/Music Data/data/fma_small/113/113971.mp3,True,0
30050,Hip-Hop,/Users/gsretikkaprasad/Desktop/Music Data/data/fma_small/030/030050.mp3,True,6
66075,Electronic,/Users/gsretikkaprasad/Desktop/Music Data/data/fma_small/066/066075.mp3,True,0
134827,Hip-Hop,/Users/gsretikkaprasad/Desktop/Music Data/data/fma_small/134/134827.mp3,True,6
73170,Folk,/Users/gsretikkaprasad/Desktop/Music Data/data/fma_small/073/073170.mp3,True,2
147269,Hip-Hop,/Users/gsretikkaprasad/Desktop/Music Data/data/fma_small/147/147269.mp3,True,6
131764,Pop,/Users/gsretikkaprasad/Desktop/Music Data/data/fma_small/131/131764.mp3,True,5
137716,Rock,/Users/gsretikkaprasad/Desktop/Music Data/data/fma_small/137/137716.mp3,True,7
106457,Folk,/Users/gsretikkaprasad/Desktop/Music Data/data/fma_small/106/106457.mp3,True,2
142670,Hip-Hop,/Users/gsretikkaprasad/Desktop/Music Data/data/fma_small/142/142670.mp3,True,6
143307,Instrumental,/Users/gsretikkaprasad/Desktop/Music Data/data/fma_small/143/143307.mp3,True,3
103808,Hip-Hop,/Users/gsretikkaprasad/Desktop/Music Data/data/fma_small/103/103808.mp3,True,6
64863,Experimental,/Users/gsretikkaprasad/Desktop/Music Data/data/fma_small/064/064863.mp3,True,1
100973,Electronic,/Users/gsretikkaprasad/Desktop/Music Data/data/fma_small/100/100973.mp3,True,0
116449,Folk,/Users/gsretikkaprasad/Desktop/Music Data/data/fma_small/116/116449.mp3,True,2
13927,Folk,/Users/gsretikkaprasad/Desktop/Music Data/data/fma_small/013/013927.mp3,True,2
124474,Pop,/Users/gsretikkaprasad/Desktop/Music Data/data/fma_small/124/124474.mp3,True,5
99368,International,/Users/gsretikkaprasad/Desktop/Music Data/data/fma_small/099/099368.mp3,True,4
126522,Experimental,/Users/gsretikkaprasad/Desktop/Music Data/data/fma_small/126/126522.mp3,True,1
144467,Folk,/Users/gsretikkaprasad/Desktop/Music Data/data/fma_small/144/144467.mp3,True,2
85491,Folk,/Users/gsretikkaprasad/Desktop/Music Data/data/fma_small/085/085491.mp3,True,2
134445,Instrumental,/Users/gsretikkaprasad/Desktop/Music Data/data/fma_small/134/134445.mp3,True,3
126781,Folk,/Users/gsretikkaprasad/Desktop/Music Data/data/fma_small/126/126781.mp3,True,2
120305,Instrumental,/Users/gsretikkaprasad/Desktop/Music Data/data/fma_small/120/120305.mp3,True,3
117287,Electronic,/Users/gsretikkaprasad/Desktop/Music Data/data/fma_small/117/117287.mp3,True,0
24364,International,/Users/gsretikkaprasad/Desktop/Music Data/data/fma_small/024/024364.mp3,True,4
10374,Experimental,/Users/gsretikkaprasad/Desktop/Music Data/data/fma_small/010/010374.mp3,True,1
897,Experimental,/Users/gsretikkaprasad/Desktop/Music Data/data/fma_small/000/000897.mp3,True,1
96560,Rock,/Users/gsretikkaprasad/Desktop/Music Data/data/fma_small/096/096560.mp3,True,7
12189,Electronic,/Users/gsretikkaprasad/Desktop/Music Data/data/fma_small/012/012189.mp3,True,0
7713,Folk,/Users/gsretikkaprasad/Desktop/Music Data/data/fma_small/007/007713.mp3,True,2
58333,Rock,/Users/gsretikkaprasad/Desktop/Music Data/data/fma_small/058/058333.mp3,True,7
11771,Hip-Hop,/Users/gsretikkaprasad/Desktop/Music Data/data/fma_small/011/011771.mp3,True,6
129052,Pop,/Users/gsretikkaprasad/Desktop/Music Data/data/fma_small/129/129052.mp3,True,5
13540,International,/Users/gsretikkaprasad/Desktop/Music Data/data/fma_small/013/013540.mp3,True,4
134931,International,/Users/gsretikkaprasad/Desktop/Music Data/data/fma_small/134/134931.mp3,True,4
89814,Electronic,/Users/gsretikkaprasad/Desktop/Music Data/data/fma_small/089/089814.mp3,True,0
118478,Experimental,/Users/gsretikkaprasad/Desktop/Music Data/data/fma_small/118/118478.mp3,True,1
12353,Folk,/Users/gsretikkaprasad/Desktop/Music Data/data/fma_small/012/012353.mp3,True,2
50952,Folk,/Users/gsretikkaprasad/Desktop/Music Data/data/fma_small/050/050952.mp3,True,2
77952,Electronic,/Users/gsretikkaprasad/Desktop/Music Data/data/fma_small/077/077952.mp3,True,0
110259,Hip-Hop,/Users/gsretikkaprasad/Desktop/Music Data/data/fma_small/110/110259.mp3,True,6
72785,Hip-Hop,/Users/gsretikkaprasad/Desktop/Music Data/data/fma_small/072/072785.mp3,True,6
48861,Experimental,/Users/gsretikkaprasad/Desktop/Music Data/data/fma_small/048/048861.mp3,True,1
142537,International,/Users/gsretikkaprasad/Desktop/Music Data/data/fma_small/142/142537.mp3,True,4
107594,Folk,/Users/gsretikkaprasad/Desktop/Music Data/data/fma_small/107/107594.mp3,True,2
132791,Pop,/Users/gsretikkaprasad/Desktop/Music Data/data/fma_small/132/132791.mp3,True,5
32327,Pop,/Users/gsretikkaprasad/Desktop/Music Data/data/fma_small/032/032327.mp3,True,5
53592,Pop,/Users/gsretikkaprasad/Desktop/Music Data/data/fma_small/053/053592.mp3,True,5
4782,Rock,/Users/gsretikkaprasad/Desktop/Music Data/data/fma_small/004/004782.mp3,True,7
132778,Pop,/Users/gsretikkaprasad/Desktop/Music Data/data/fma_small/132/132778.mp3,True,5
129090,Rock,/Users/gsretikkaprasad/Desktop/Music Data/data/fma_small/129/129090.mp3,True,7
98666,International,/Users/gsretikkaprasad/Desktop/Music Data/data/fma_small/098/098666.mp3,True,4
6606,Hip-Hop,/Users/gsretikkaprasad/Desktop/Music Data/data/fma_small/006/006606.mp3,True,6
127295,Pop,/Users/gsretikkaprasad/Desktop/Music Data/data/fma_small/127/127295.mp3,True,5
97894,Rock,/Users/gsretikkaprasad/Desktop/Music Data/data/fma_small/097/097894.mp3,True,7
138317,Rock,/Users/gsretikkaprasad/Desktop/Music Data/data/fma_small/138/138317.mp3,True,7
145729,Hip-Hop,/Users/gsretikkaprasad/Desktop/Music Data/data/fma_small/145/145729.mp3,True,6
64538,Electronic,/Users/gsretikkaprasad/Desktop/Music Data/data/fma_small/064/064538.mp3,True,0
51272,Pop,/Users/gsretikkaprasad/Desktop/Music Data/data/fma_small/051/051272.mp3,True,5
118988,Experimental,/Users/gsretikkaprasad/Desktop/Music Data/data/fma_small/118/118988.mp3,True,1
69823,Hip-Hop,/Users/gsretikkaprasad/Desktop/Music Data/data/fma_small/069/069823.mp3,True,6
21565,Pop,/Users/gsretikkaprasad/Desktop/Music Data/data/fma_small/021/021565.mp3,True,5
84055,Experimental,/Users/gsretikkaprasad/Desktop/Music Data/data/fma_small/084/084055.mp3,True,1
63253,Folk,/Users/gsretikkaprasad/Desktop/Music Data/data/fma_small/063/063253.mp3,True,2
138311,Rock,/Users/gsretikkaprasad/Desktop/Music Data/data/fma_small/138/138311.mp3,True,7
149100,Pop,/Users/gsretikkaprasad/Desktop/Music Data/data/fma_small/149/149100.mp3,True,5
60777,International,/Users/gsretikkaprasad/Desktop/Music Data/data/fma_small/060/060777.mp3,True,4
33477,Experimental,/Users/gsretikkaprasad/Desktop/Music Data/data/fma_small/033/033477.mp3,True,1
1673,Experimental,/Users/gsretikkaprasad/Desktop/Music Data/data/fma_small/001/001673.mp3,True,1
131941,International,/Users/gsretikkaprasad/Desktop/Music Data/data/fma_small/131/131941.mp3,True,4
136995,International,/Users/gsretikkaprasad/Desktop/Music Data/data/fma_small/136/136995.mp3,True,4
26301,Experimental,/Users/gsretikkaprasad/Desktop/Music Data/data/fma_small/026/026301.mp3,True,1
28553,Electronic,/Users/gsretikkaprasad/Desktop/Music Data/data/fma_small/028/028553.mp3,True,0
120302,Instrumental,/Users/gsretikkaprasad/Desktop/Music Data/data/fma_small/120/120302.mp3,True,3
36614,Pop,/Users/gsretikkaprasad/Desktop/Music Data/data/fma_small/036/036614.mp3,True,5
89485,Folk,/Users/gsretikkaprasad/Desktop/Music Data/data/fma_small/089/089485.mp3,True,2
44917,Rock,/Users/gsretikkaprasad/Desktop/Music Data/data/fma_small/044/044917.mp3,True,7
197,Folk,/Users/gsretikkaprasad/Desktop/Music Data/data/fma_small/000/000197.mp3,True,2
11917,Hip-Hop,/Users/gsretikkaprasad/Desktop/Music Data/data/fma_small/011/011917.mp3,True,6
52641,Electronic,/Users/gsretikkaprasad/Desktop/Music Data/data/fma_small/052/052641.mp3,True,0
115761,Rock,/Users/gsretikkaprasad/Desktop/Music Data/data/fma_small/115/115761.mp3,True,7
27953,International,/Users/gsretikkaprasad/Desktop/Music Data/data/fma_small/027/027953.mp3,True,4
130952,Folk,/Users/gsretikkaprasad/Desktop/Music Data/data/fma_small/130/130952.mp3,True,2
10535,Experimental,/Users/gsretikkaprasad/Desktop/Music Data/data/fma_small/010/010535.mp3,True,1
66638,Electronic,/Users/gsretikkaprasad/Desktop/Music Data/data/fma_small/066/066638.mp3,True,0
124870,Experimental,/Users/gsretikkaprasad/Desktop/Music Data/data/fma_small/124/124870.mp3,True,1
111227,Instrumental,/Users/gsretikkaprasad/Desktop/Music Data/data/fma_small/111/111227.mp3,True,3
59659,International,/Users/gsretikkaprasad/Desktop/Music Data/data/fma_small/059/059659.mp3,True,4
144934,Pop,/Users/gsretikkaprasad/Desktop/Music Data/data/fma_small/144/144934.mp3,True,5
121323,Hip-Hop,/Users/gsretikkaprasad/Desktop/Music Data/data/fma_small/121/121323.mp3,True,6
52124,International,/Users/gsretikkaprasad/Desktop/Music Data/data/fma_small/052/052124.mp3,True,4
127343,Electronic,/Users/gsretikkaprasad/Desktop/Music Data/data/fma_small/127/127343.mp3,True,0
111379,Pop,/Users/gsretikkaprasad/Desktop/Music Data/data/fma_small/111/111379.mp3,True,5
141894,Rock,/Users/gsretikkaprasad/Desktop/Music Data/data/fma_small/141/141894.mp3,True,7
130170,Hip-Hop,/Users/gsretikkaprasad/Desktop/Music Data/data/fma_small/130/130170.mp3,True,6
95564,Experimental,/Users/gsretikkaprasad/Desktop/Music Data/data/fma_small/095/095564.mp3,True,1
63208,Folk,/Users/gsretikkaprasad/Desktop/Music Data/data/fma_small/063/063208.mp3,True,2
60864,International,/Users/gsretikkaprasad/Desktop/Music Data/data/fma_small/060/060864.mp3,True,4
99372,International,/Users/gsretikkaprasad/Desktop/Music Data/data/fma_small/099/099372.mp3,True,4
56929,Rock,/Users/gsretikkaprasad/Desktop/Music Data/data/fma_small/056/056929.mp3,True,7
52955,Folk,/Users/gsretikkaprasad/Desktop/Music Data/data/fma_small/052/052955.mp3,True,2
6396,International,/Users/gsretikkaprasad/Desktop/Music Data/data/fma_small/006/006396.mp3,True,4
100972,Electronic,/Users/gsretikkaprasad/Desktop/Music Data/data/fma_small/100/100972.mp3,True,0
64659,Rock,/Users/gsretikkaprasad/Desktop/Music Data/data/fma_small/064/064659.mp3,True,7
88960,Rock,/Users/gsretikkaprasad/Desktop/Music Data/data/fma_small/088/088960.mp3,True,7
139776,Instrumental,/Users/gsretikkaprasad/Desktop/Music Data/data/fma_small/139/139776.mp3,True,3
133434,Instrumental,/Users/gsretikkaprasad/Desktop/Music Data/data/fma_small/133/133434.mp3,True,3
118739,Folk,/Users/gsretikkaprasad/Desktop/Music Data/data/fma_small/118/118739.mp3,True,2
123342,Experimental,/Users/gsretikkaprasad/Desktop/Music Data/data/fma_small/123/123342.mp3,True,1
143059,Electronic,/Users/gsretikkaprasad/Desktop/Music Data/data/fma_small/143/143059.mp3,True,0
145762,Instrumental,/Users/gsretikkaprasad/Desktop/Music Data/data/fma_small/145/145762.mp3,True,3
117887,Rock,/Users/gsretikkaprasad/Desktop/Music Data/data/fma_small/117/117887.mp3,True,7
35534,Rock,/Users/gsretikkaprasad/Desktop/Music Data/data/fma_small/035/035534.mp3,True,7
73124,Electronic,/Users/gsretikkaprasad/Desktop/Music Data/data/fma_small/073/073124.mp3,True,0
48442,Electronic,/Users/gsretikkaprasad/Desktop/Music Data/data/fma_small/048/048442.mp3,True,0
127281,Pop,/Users/gsretikkaprasad/Desktop/Music Data/data/fma_small/127/127281.mp3,True,5
62196,International,/Users/gsretikkaprasad/Desktop/Music Data/data/fma_small/062/062196.mp3,True,4
73318,Rock,/Users/gsretikkaprasad/Desktop/Music Data/data/fma_small/073/073318.mp3,True,7
107029,Hip-Hop,/Users/gsretikkaprasad/Desktop/Music Data/data/fma_small/107/107029.mp3,True,6
130993,Instrumental,/Users/gsretikkaprasad/Desktop/Music Data/data/fma_small/130/130993.mp3,True,3
83911,Experimental,/Users/gsretikkaprasad/Desktop/Music Data/data/fma_small/083/083911.mp3,True,1
53588,Folk,/Users/gsretikkaprasad/Desktop/Music Data/data/fma_small/053/053588.mp3,True,2
130954,Folk,/Users/gsretikkaprasad/Desktop/Music Data/data/fma_small/130/130954.mp3,True,2
116388,Hip-Hop,/Users/gsretikkaprasad/Desktop/Music Data/data/fma_small/116/116388.mp3,True,6
114538,Instrumental,/Users/gsretikkaprasad/Desktop/Music Data/data/fma_small/114/114538.mp3,True,3
125313,International,/Users/gsretikkaprasad/Desktop/Music Data/data/fma_small/125/125313.mp3,True,4
106567,Rock,/Users/gsretikkaprasad/Desktop/Music Data/data/fma_small/106/106567.mp3,True,7
143532,Electronic,/Users/gsretikkaprasad/Desktop/Music Data/data/fma_small/143/143532.mp3,True,0
54236,Pop,/Users/gsretikkaprasad/Desktop/Music Data/data/fma_small/054/054236.mp3,True,5
114390,Electronic,/Users/gsretikkaprasad/Desktop/Music Data/data/fma_small/114/114390.mp3,True,0
129973,Rock,/Users/gsretikkaprasad/Desktop/Music Data/data/fma_small/129/129973.mp3,True,7
45122,Pop,/Users/gsretikkaprasad/Desktop/Music Data/data/fma_small/045/045122.mp3,True,5
110636,Rock,/Users/gsretikkaprasad/Desktop/Music Data/data/fma_small/110/110636.mp3,True,7
56460,Pop,/Users/gsretikkaprasad/Desktop/Music Data/data/fma_small/056/056460.mp3,True,5
96731,Folk,/Users/gsretikkaprasad/Desktop/Music Data/data/fma_small/096/096731.mp3,True,2
36435,Electronic,/Users/gsretikkaprasad/Desktop/Music Data/data/fma_small/036/036435.mp3,True,0
138053,Rock,/Users/gsretikkaprasad/Desktop/Music Data/data/fma_small/138/138053.mp3,True,7
125238,Experimental,/Users/gsretikkaprasad/Desktop/Music Data/data/fma_small/125/125238.mp3,True,1
61008,Folk,/Users/gsretikkaprasad/Desktop/Music Data/data/fma_small/061/061008.mp3,True,2
123440,Hip-Hop,/Users/gsretikkaprasad/Desktop/Music Data/data/fma_small/123/123440.mp3,True,6
44849,Experimental,/Users/gsretikkaprasad/Desktop/Music Data/data/fma_small/044/044849.mp3,True,1
12526,Hip-Hop,/Users/gsretikkaprasad/Desktop/Music Data/data/fma_small/012/012526.mp3,True,6
148208,Folk,/Users/gsretikkaprasad/Desktop/Music Data/data/fma_small/148/148208.mp3,True,2
49441,Rock,/Users/gsretikkaprasad/Desktop/Music Data/data/fma_small/049/049441.mp3,True,7
75304,Folk,/Users/gsretikkaprasad/Desktop/Music Data/data/fma_small/075/075304.mp3,True,2
149750,Pop,/Users/gsretikkaprasad/Desktop/Music Data/data/fma_small/149/149750.mp3,True,5
119939,Hip-Hop,/Users/gsretikkaprasad/Desktop/Music Data/data/fma_small/119/119939.mp3,True,6
94426,Hip-Hop,/Users/gsretikkaprasad/Desktop/Music Data/data/fma_small/094/094426.mp3,True,6
131425,Hip-Hop,/Users/gsretikkaprasad/Desktop/Music Data/data/fma_small/131/131425.mp3,True,6
18876,Experimental,/Users/gsretikkaprasad/Desktop/Music Data/data/fma_small/018/018876.mp3,True,1
145917,Electronic,/Users/gsretikkaprasad/Desktop/Music Data/data/fma_small/145/145917.mp3,True,0
59678,International,/Users/gsretikkaprasad/Desktop/Music Data/data/fma_small/059/059678.mp3,True,4
16334,International,/Users/gsretikkaprasad/Desktop/Music Data/data/fma_small/016/016334.mp3,True,4
13218,Pop,/Users/gsretikkaprasad/Desktop/Music Data/data/fma_small/013/013218.mp3,True,5
116467,Instrumental,/Users/gsretikkaprasad/Desktop/Music Data/data/fma_small/116/116467.mp3,True,3
122353,Folk,/Users/gsretikkaprasad/Desktop/Music Data/data/fma_small/122/122353.mp3,True,2
7490,Hip-Hop,/Users/gsretikkaprasad/Desktop/Music Data/data/fma_small/007/007490.mp3,True,6
10440,Folk,/Users/gsretikkaprasad/Desktop/Music Data/data/fma_small/010/010440.mp3,True,2
122357,Folk,/Users/gsretikkaprasad/Desktop/Music Data/data/fma_small/122/122357.mp3,True,2
45521,Folk,/Users/gsretikkaprasad/Desktop/Music Data/data/fma_small/045/045521.mp3,True,2
51269,Pop,/Users/gsretikkaprasad/Desktop/Music Data/data/fma_small/051/051269.mp3,True,5
3904,Folk,/Users/gsretikkaprasad/Desktop/Music Data/data/fma_small/003/003904.mp3,True,2
111186,Folk,/Users/gsretikkaprasad/Desktop/Music Data/data/fma_small/111/111186.mp3,True,2
122066,Rock,/Users/gsretikkaprasad/Desktop/Music Data/data/fma_small/122/122066.mp3,True,7
92556,Electronic,/Users/gsretikkaprasad/Desktop/Music Data/data/fma_small/092/092556.mp3,True,0
37911,Instrumental,/Users/gsretikkaprasad/Desktop/Music Data/data/fma_small/037/037911.mp3,True,3
133974,Instrumental,/Users/gsretikkaprasad/Desktop/Music Data/data/fma_small/133/133974.mp3,True,3
44110,Experimental,/Users/gsretikkaprasad/Desktop/Music Data/data/fma_small/044/044110.mp3,True,1
114396,Rock,/Users/gsretikkaprasad/Desktop/Music Data/data/fma_small/114/114396.mp3,True,7
142530,Folk,/Users/gsretikkaprasad/Desktop/Music Data/data/fma_small/142/142530.mp3,True,2
26653,Electronic,/Users/gsretikkaprasad/Desktop/Music Data/data/fma_small/026/026653.mp3,True,0
55102,Hip-Hop,/Users/gsretikkaprasad/Desktop/Music Data/data/fma_small/055/055102.mp3,True,6
11261,Pop,/Users/gsretikkaprasad/Desktop/Music Data/data/fma_small/011/011261.mp3,True,5
148186,Folk,/Users/gsretikkaprasad/Desktop/Music Data/data/fma_small/148/148186.mp3,True,2
60143,International,/Users/gsretikkaprasad/Desktop/Music Data/data/fma_small/060/060143.mp3,True,4
144213,Hip-Hop,/Users/gsretikkaprasad/Desktop/Music Data/data/fma_small/144/144213.mp3,True,6
146481,Rock,/Users/gsretikkaprasad/Desktop/Music Data/data/fma_small/146/146481.mp3,True,7
72068,Electronic,/Users/gsretikkaprasad/Desktop/Music Data/data/fma_small/072/072068.mp3,True,0
36987,Hip-Hop,/Users/gsretikkaprasad/Desktop/Music Data/data/fma_small/036/036987.mp3,True,6
18038,International,/Users/gsretikkaprasad/Desktop/Music Data/data/fma_small/018/018038.mp3,True,4
91790,Folk,/Users/gsretikkaprasad/Desktop/Music Data/data/fma_small/091/091790.mp3,True,2
33424,International,/Users/gsretikkaprasad/Desktop/Music Data/data/fma_small/033/033424.mp3,True,4
126429,Pop,/Users/gsretikkaprasad/Desktop/Music Data/data/fma_small/126/126429.mp3,True,5
123868,Rock,/Users/gsretikkaprasad/Desktop/Music Data/data/fma_small/123/123868.mp3,True,7
75427,Hip-Hop,/Users/gsretikkaprasad/Desktop/Music Data/data/fma_small/075/075427.mp3,True,6
108884,Instrumental,/Users/gsretikkaprasad/Desktop/Music Data/data/fma_small/108/108884.mp3,True,3
140566,Electronic,/Users/gsretikkaprasad/Desktop/Music Data/data/fma_small/140/140566.mp3,True,0
41054,Experimental,/Users/gsretikkaprasad/Desktop/Music Data/data/fma_small/041/041054.mp3,True,1
89441,Folk,/Users/gsretikkaprasad/Desktop/Music Data/data/fma_small/089/089441.mp3,True,2
107391,Rock,/Users/gsretikkaprasad/Desktop/Music Data/data/fma_small/107/107391.mp3,True,7
148168,Experimental,/Users/gsretikkaprasad/Desktop/Music Data/data/fma_small/148/148168.mp3,True,1
17782,Hip-Hop,/Users/gsretikkaprasad/Desktop/Music Data/data/fma_small/017/017782.mp3,True,6
126601,Experimental,/Users/gsretikkaprasad/Desktop/Music Data/data/fma_small/126/126601.mp3,True,1
130950,Folk,/Users/gsretikkaprasad/Desktop/Music Data/data/fma_small/130/130950.mp3,True,2
90592,Pop,/Users/gsretikkaprasad/Desktop/Music Data/data/fma_small/090/090592.mp3,True,5
45519,Folk,/Users/gsretikkaprasad/Desktop/Music Data/data/fma_small/045/045519.mp3,True,2
116407,Hip-Hop,/Users/gsretikkaprasad/Desktop/Music Data/data/fma_small/116/116407.mp3,True,6
129401,International,/Users/gsretikkaprasad/Desktop/Music Data/data/fma_small/129/129401.mp3,True,4
118502,Experimental,/Users/gsretikkaprasad/Desktop/Music Data/data/fma_small/118/118502.mp3,True,1
148537,Rock,/Users/gsretikkaprasad/Desktop/Music Data/data/fma_small/148/148537.mp3,True,7
126491,Folk,/Users/gsretikkaprasad/Desktop/Music Data/data/fma_small/126/126491.mp3,True,2
60536,International,/Users/gsretikkaprasad/Desktop/Music Data/data/fma_small/060/060536.mp3,True,4
133780,Folk,/Users/gsretikkaprasad/Desktop/Music Data/data/fma_small/133/133780.mp3,True,2
56467,International,/Users/gsretikkaprasad/Desktop/Music Data/data/fma_small/056/056467.mp3,True,4
89477,Folk,/Users/gsretikkaprasad/Desktop/Music Data/data/fma_small/089/089477.mp3,True,2
68862,Folk,/Users/gsretikkaprasad/Desktop/Music Data/data/fma_small/068/068862.mp3,True,2
129404,International,/Users/gsretikkaprasad/Desktop/Music Data/data/fma_small/129/129404.mp3,True,4
55714,Rock,/Users/gsretikkaprasad/Desktop/Music Data/data/fma_small/055/055714.mp3,True,7
12173,Hip-Hop,/Users/gsretikkaprasad/Desktop/Music Data/data/fma_small/012/012173.mp3,True,6
68600,Hip-Hop,/Users/gsretikkaprasad/Desktop/Music Data/data/fma_small/068/068600.mp3,True,6
131796,Instrumental,/Users/gsretikkaprasad/Desktop/Music Data/data/fma_small/131/131796.mp3,True,3
125196,Folk,/Users/gsretikkaprasad/Desktop/Music Data/data/fma_small/125/125196.mp3,True,2
74671,Rock,/Users/gsretikkaprasad/Desktop/Music Data/data/fma_small/074/074671.mp3,True,7
122685,Rock,/Users/gsretikkaprasad/Desktop/Music Data/data/fma_small/122/122685.mp3,True,7
113574,Rock,/Users/gsretikkaprasad/Desktop/Music Data/data/fma_small/113/113574.mp3,True,7
69789,Experimental,/Users/gsretikkaprasad/Desktop/Music Data/data/fma_small/069/069789.mp3,True,1
38830,International,/Users/gsretikkaprasad/Desktop/Music Data/data/fma_small/038/038830.mp3,True,4
51271,Pop,/Users/gsretikkaprasad/Desktop/Music Data/data/fma_small/051/051271.mp3,True,5
27978,International,/Users/gsretikkaprasad/Desktop/Music Data/data/fma_small/027/027978.mp3,True,4
77572,Pop,/Users/gsretikkaprasad/Desktop/Music Data/data/fma_small/077/077572.mp3,True,5
130368,Pop,/Users/gsretikkaprasad/Desktop/Music Data/data/fma_small/130/130368.mp3,True,5
87096,Instrumental,/Users/gsretikkaprasad/Desktop/Music Data/data/fma_small/087/087096.mp3,True,3
59658,International,/Users/gsretikkaprasad/Desktop/Music Data/data/fma_small/059/059658.mp3,True,4
35199,Experimental,/Users/gsretikkaprasad/Desktop/Music Data/data/fma_small/035/035199.mp3,True,1
27945,Experimental,/Users/gsretikkaprasad/Desktop/Music Data/data/fma_small/027/027945.mp3,True,1
121594,Pop,/Users/gsretikkaprasad/Desktop/Music Data/data/fma_small/121/121594.mp3,True,5
114045,Hip-Hop,/Users/gsretikkaprasad/Desktop/Music Data/data/fma_small/114/114045.mp3,True,6
20818,Experimental,/Users/gsretikkaprasad/Desktop/Music Data/data/fma_small/020/020818.mp3,True,1
57178,Pop,/Users/gsretikkaprasad/Desktop/Music Data/data/fma_small/057/057178.mp3,True,5
110266,Hip-Hop,/Users/gsretikkaprasad/Desktop/Music Data/data/fma_small/110/110266.mp3,True,6
72928,Experimental,/Users/gsretikkaprasad/Desktop/Music Data/data/fma_small/072/072928.mp3,True,1
56686,International,/Users/gsretikkaprasad/Desktop/Music Data/data/fma_small/056/056686.mp3,True,4
131554,Rock,/Users/gsretikkaprasad/Desktop/Music Data/data/fma_small/131/131554.mp3,True,7
116383,Experimental,/Users/gsretikkaprasad/Desktop/Music Data/data/fma_small/116/116383.mp3,True,1
7710,Folk,/Users/gsretikkaprasad/Desktop/Music Data/data/fma_small/007/007710.mp3,True,2
63655,Electronic,/Users/gsretikkaprasad/Desktop/Music Data/data/fma_small/063/063655.mp3,True,0
125612,Instrumental,/Users/gsretikkaprasad/Desktop/Music Data/data/fma_small/125/125612.mp3,True,3
114296,Electronic,/Users/gsretikkaprasad/Desktop/Music Data/data/fma_small/114/114296.mp3,True,0
15770,Electronic,/Users/gsretikkaprasad/Desktop/Music Data/data/fma_small/015/015770.mp3,True,0
110108,Electronic,/Users/gsretikkaprasad/Desktop/Music Data/data/fma_small/110/110108.mp3,True,0
97286,Rock,/Users/gsretikkaprasad/Desktop/Music Data/data/fma_small/097/097286.mp3,True,7
715,Folk,/Users/gsretikkaprasad/Desktop/Music Data/data/fma_small/000/000715.mp3,True,2
16895,Pop,/Users/gsretikkaprasad/Desktop/Music Data/data/fma_small/016/016895.mp3,True,5
3720,Rock,/Users/gsretikkaprasad/Desktop/Music Data/data/fma_small/003/003720.mp3,True,7
81586,Instrumental,/Users/gsretikkaprasad/Desktop/Music Data/data/fma_small/081/081586.mp3,True,3
135054,Experimental,/Users/gsretikkaprasad/Desktop/Music Data/data/fma_small/135/135054.mp3,True,1
133563,Instrumental,/Users/gsretikkaprasad/Desktop/Music Data/data/fma_small/133/133563.mp3,True,3
71247,Hip-Hop,/Users/gsretikkaprasad/Desktop/Music Data/data/fma_small/071/071247.mp3,True,6
75607,Instrumental,/Users/gsretikkaprasad/Desktop/Music Data/data/fma_small/075/075607.mp3,True,3
127865,International,/Users/gsretikkaprasad/Desktop/Music Data/data/fma_small/127/127865.mp3,True,4
59930,Experimental,/Users/gsretikkaprasad/Desktop/Music Data/data/fma_small/059/059930.mp3,True,1
55811,Electronic,/Users/gsretikkaprasad/Desktop/Music Data/data/fma_small/055/055811.mp3,True,0
127278,Pop,/Users/gsretikkaprasad/Desktop/Music Data/data/fma_small/127/127278.mp3,True,5
38904,Experimental,/Users/gsretikkaprasad/Desktop/Music Data/data/fma_small/038/038904.mp3,True,1
55237,International,/Users/gsretikkaprasad/Desktop/Music Data/data/fma_small/055/055237.mp3,True,4
6519,Rock,/Users/gsretikkaprasad/Desktop/Music Data/data/fma_small/006/006519.mp3,True,7
38902,Experimental,/Users/gsretikkaprasad/Desktop/Music Data/data/fma_small/038/038902.mp3,True,1
10375,Experimental,/Users/gsretikkaprasad/Desktop/Music Data/data/fma_small/010/010375.mp3,True,1
106629,Instrumental,/Users/gsretikkaprasad/Desktop/Music Data/data/fma_small/106/106629.mp3,True,3
75432,Instrumental,/Users/gsretikkaprasad/Desktop/Music Data/data/fma_small/075/075432.mp3,True,3
142531,Folk,/Users/gsretikkaprasad/Desktop/Music Data/data/fma_small/142/142531.mp3,True,2
142567,International,/Users/gsretikkaprasad/Desktop/Music Data/data/fma_small/142/142567.mp3,True,4
66180,Folk,/Users/gsretikkaprasad/Desktop/Music Data/data/fma_small/066/066180.mp3,True,2
24367,International,/Users/gsretikkaprasad/Desktop/Music Data/data/fma_small/024/024367.mp3,True,4
145004,Folk,/Users/gsretikkaprasad/Desktop/Music Data/data/fma_small/145/145004.mp3,True,2
64789,Pop,/Users/gsretikkaprasad/Desktop/Music Data/data/fma_small/064/064789.mp3,True,5
83512,Pop,/Users/gsretikkaprasad/Desktop/Music Data/data/fma_small/083/083512.mp3,True,5
13591,Hip-Hop,/Users/gsretikkaprasad/Desktop/Music Data/data/fma_small/013/013591.mp3,True,6
133967,Instrumental,/Users/gsretikkaprasad/Desktop/Music Data/data/fma_small/133/133967.mp3,True,3
71617,Rock,/Users/gsretikkaprasad/Desktop/Music Data/data/fma_small/071/071617.mp3,True,7
30056,Hip-Hop,/Users/gsretikkaprasad/Desktop/Music Data/data/fma_small/030/030056.mp3,True,6
10809,Pop,/Users/gsretikkaprasad/Desktop/Music Data/data/fma_small/010/010809.mp3,True,5
125721,Pop,/Users/gsretikkaprasad/Desktop/Music Data/data/fma_small/125/125721.mp3,True,5
56247,Pop,/Users/gsretikkaprasad/Desktop/Music Data/data/fma_small/056/056247.mp3,True,5
75314,Pop,/Users/gsretikkaprasad/Desktop/Music Data/data/fma_small/075/075314.mp3,True,5
74002,Pop,/Users/gsretikkaprasad/Desktop/Music Data/data/fma_small/074/074002.mp3,True,5
38890,Experimental,/Users/gsretikkaprasad/Desktop/Music Data/data/fma_small/038/038890.mp3,True,1
41019,International,/Users/gsretikkaprasad/Desktop/Music Data/data/fma_small/041/041019.mp3,True,4
74393,Experimental,/Users/gsretikkaprasad/Desktop/Music Data/data/fma_small/074/074393.mp3,True,1
4777,Rock,/Users/gsretikkaprasad/Desktop/Music Data/data/fma_small/004/004777.mp3,True,7
104284,Electronic,/Users/gsretikkaprasad/Desktop/Music Data/data/fma_small/104/104284.mp3,True,0
133970,Instrumental,/Users/gsretikkaprasad/Desktop/Music Data/data/fma_small/133/133970.mp3,True,3
129816,International,/Users/gsretikkaprasad/Desktop/Music Data/data/fma_small/129/129816.mp3,True,4
19760,Pop,/Users/gsretikkaprasad/Desktop/Music Data/data/fma_small/019/019760.mp3,True,5
204,Folk,/Users/gsretikkaprasad/Desktop/Music Data/data/fma_small/000/000204.mp3,True,2
124178,Instrumental,/Users/gsretikkaprasad/Desktop/Music Data/data/fma_small/124/124178.mp3,True,3
101111,International,/Users/gsretikkaprasad/Desktop/Music Data/data/fma_small/101/101111.mp3,True,4
110103,Electronic,/Users/gsretikkaprasad/Desktop/Music Data/data/fma_small/110/110103.mp3,True,0
110166,Rock,/Users/gsretikkaprasad/Desktop/Music Data/data/fma_small/110/110166.mp3,True,7
73174,Folk,/Users/gsretikkaprasad/Desktop/Music Data/data/fma_small/073/073174.mp3,True,2
4450,Folk,/Users/gsretikkaprasad/Desktop/Music Data/data/fma_small/004/004450.mp3,True,2
81650,Instrumental,/Users/gsretikkaprasad/Desktop/Music Data/data/fma_small/081/081650.mp3,True,3
61453,Hip-Hop,/Users/gsretikkaprasad/Desktop/Music Data/data/fma_small/061/061453.mp3,True,6
109962,Pop,/Users/gsretikkaprasad/Desktop/Music Data/data/fma_small/109/109962.mp3,True,5
12390,Pop,/Users/gsretikkaprasad/Desktop/Music Data/data/fma_small/012/012390.mp3,True,5
12484,Folk,/Users/gsretikkaprasad/Desktop/Music Data/data/fma_small/012/012484.mp3,True,2
126746,Folk,/Users/gsretikkaprasad/Desktop/Music Data/data/fma_small/126/126746.mp3,True,2
73520,Rock,/Users/gsretikkaprasad/Desktop/Music Data/data/fma_small/073/073520.mp3,True,7
67367,Pop,/Users/gsretikkaprasad/Desktop/Music Data/data/fma_small/067/067367.mp3,True,5
29041,Electronic,/Users/gsretikkaprasad/Desktop/Music Data/data/fma_small/029/029041.mp3,True,0
23353,Electronic,/Users/gsretikkaprasad/Desktop/Music Data/data/fma_small/023/023353.mp3,True,0
94033,Instrumental,/Users/gsretikkaprasad/Desktop/Music Data/data/fma_small/094/094033.mp3,True,3
135337,Pop,/Users/gsretikkaprasad/Desktop/Music Data/data/fma_small/135/135337.mp3,True,5
108019,Instrumental,/Users/gsretikkaprasad/Desktop/Music Data/data/fma_small/108/108019.mp3,True,3
19073,Pop,/Users/gsretikkaprasad/Desktop/Music Data/data/fma_small/019/019073.mp3,True,5
4786,Rock,/Users/gsretikkaprasad/Desktop/Music Data/data/fma_small/004/004786.mp3,True,7
150266,Instrumental,/Users/gsretikkaprasad/Desktop/Music Data/data/fma_small/150/150266.mp3,True,3
62742,Pop,/Users/gsretikkaprasad/Desktop/Music Data/data/fma_small/062/062742.mp3,True,5
44948,International,/Users/gsretikkaprasad/Desktop/Music Data/data/fma_small/044/044948.mp3,True,4
108878,Instrumental,/Users/gsretikkaprasad/Desktop/Music Data/data/fma_small/108/108878.mp3,True,3
80694,International,/Users/gsretikkaprasad/Desktop/Music Data/data/fma_small/080/080694.mp3,True,4
58215,Hip-Hop,/Users/gsretikkaprasad/Desktop/Music Data/data/fma_small/058/058215.mp3,True,6
72073,Electronic,/Users/gsretikkaprasad/Desktop/Music Data/data/fma_small/072/072073.mp3,True,0
125157,Electronic,/Users/gsretikkaprasad/Desktop/Music Data/data/fma_small/125/125157.mp3,True,0
11918,Hip-Hop,/Users/gsretikkaprasad/Desktop/Music Data/data/fma_small/011/011918.mp3,True,6
14590,Instrumental,/Users/gsretikkaprasad/Desktop/Music Data/data/fma_small/014/014590.mp3,True,3
139990,Electronic,/Users/gsretikkaprasad/Desktop/Music Data/data/fma_small/139/139990.mp3,True,0
66482,Experimental,/Users/gsretikkaprasad/Desktop/Music Data/data/fma_small/066/066482.mp3,True,1
84483,Electronic,/Users/gsretikkaprasad/Desktop/Music Data/data/fma_small/084/084483.mp3,True,0
54623,Rock,/Users/gsretikkaprasad/Desktop/Music Data/data/fma_small/054/054623.mp3,True,7
116119,Experimental,/Users/gsretikkaprasad/Desktop/Music Data/data/fma_small/116/116119.mp3,True,1
139994,Electronic,/Users/gsretikkaprasad/Desktop/Music Data/data/fma_small/139/139994.mp3,True,0
54433,International,/Users/gsretikkaprasad/Desktop/Music Data/data/fma_small/054/054433.mp3,True,4
117846,Experimental,/Users/gsretikkaprasad/Desktop/Music Data/data/fma_small/117/117846.mp3,True,1
114387,Electronic,/Users/gsretikkaprasad/Desktop/Music Data/data/fma_small/114/114387.mp3,True,0
51262,Pop,/Users/gsretikkaprasad/Desktop/Music Data/data/fma_small/051/051262.mp3,True,5
140583,Folk,/Users/gsretikkaprasad/Desktop/Music Data/data/fma_small/140/140583.mp3,True,2
145745,Hip-Hop,/Users/gsretikkaprasad/Desktop/Music Data/data/fma_small/145/145745.mp3,True,6
52579,Hip-Hop,/Users/gsretikkaprasad/Desktop/Music Data/data/fma_small/052/052579.mp3,True,6
20374,Instrumental,/Users/gsretikkaprasad/Desktop/Music Data/data/fma_small/020/020374.mp3,True,3
123468,Instrumental,/Users/gsretikkaprasad/Desktop/Music Data/data/fma_small/123/123468.mp3,True,3
9477,Experimental,/Users/gsretikkaprasad/Desktop/Music Data/data/fma_small/009/009477.mp3,True,1
141289,Instrumental,/Users/gsretikkaprasad/Desktop/Music Data/data/fma_small/141/141289.mp3,True,3
125776,Rock,/Users/gsretikkaprasad/Desktop/Music Data/data/fma_small/125/125776.mp3,True,7
91755,Electronic,/Users/gsretikkaprasad/Desktop/Music Data/data/fma_small/091/091755.mp3,True,0
56803,Electronic,/Users/gsretikkaprasad/Desktop/Music Data/data/fma_small/056/056803.mp3,True,0
133454,Instrumental,/Users/gsretikkaprasad/Desktop/Music Data/data/fma_small/133/133454.mp3,True,3
12691,International,/Users/gsretikkaprasad/Desktop/Music Data/data/fma_small/012/012691.mp3,True,4
85041,Electronic,/Users/gsretikkaprasad/Desktop/Music Data/data/fma_small/085/085041.mp3,True,0
89860,Hip-Hop,/Users/gsretikkaprasad/Desktop/Music Data/data/fma_small/089/089860.mp3,True,6
47076,Electronic,/Users/gsretikkaprasad/Desktop/Music Data/data/fma_small/047/047076.mp3,True,0
132310,Instrumental,/Users/gsretikkaprasad/Desktop/Music Data/data/fma_small/132/132310.mp3,True,3
39660,Pop,/Users/gsretikkaprasad/Desktop/Music Data/data/fma_small/039/039660.mp3,True,5
97542,Electronic,/Users/gsretikkaprasad/Desktop/Music Data/data/fma_small/097/097542.mp3,True,0
58054,Experimental,/Users/gsretikkaprasad/Desktop/Music Data/data/fma_small/058/058054.mp3,True,1
129927,International,/Users/gsretikkaprasad/Desktop/Music Data/data/fma_small/129/129927.mp3,True,4
123764,Instrumental,/Users/gsretikkaprasad/Desktop/Music Data/data/fma_small/123/123764.mp3,True,3
69195,Electronic,/Users/gsretikkaprasad/Desktop/Music Data/data/fma_small/069/069195.mp3,True,0
92573,Experimental,/Users/gsretikkaprasad/Desktop/Music Data/data/fma_small/092/092573.mp3,True,1
120315,Instrumental,/Users/gsretikkaprasad/Desktop/Music Data/data/fma_small/120/120315.mp3,True,3
6330,International,/Users/gsretikkaprasad/Desktop/Music Data/data/fma_small/006/006330.mp3,True,4
141182,Pop,/Users/gsretikkaprasad/Desktop/Music Data/data/fma_small/141/141182.mp3,True,5
52042,Pop,/Users/gsretikkaprasad/Desktop/Music Data/data/fma_small/052/052042.mp3,True,5
149082,Pop,/Users/gsretikkaprasad/Desktop/Music Data/data/fma_small/149/149082.mp3,True,5
80751,International,/Users/gsretikkaprasad/Desktop/Music Data/data/fma_small/080/080751.mp3,True,4
13578,Experimental,/Users/gsretikkaprasad/Desktop/Music Data/data/fma_small/013/013578.mp3,True,1
119992,Hip-Hop,/Users/gsretikkaprasad/Desktop/Music Data/data/fma_small/119/119992.mp3,True,6
127722,Folk,/Users/gsretikkaprasad/Desktop/Music Data/data/fma_small/127/127722.mp3,True,2
45100,Electronic,/Users/gsretikkaprasad/Desktop/Music Data/data/fma_small/045/045100.mp3,True,0
25055,Pop,/Users/gsretikkaprasad/Desktop/Music Data/data/fma_small/025/025055.mp3,True,5
97279,Instrumental,/Users/gsretikkaprasad/Desktop/Music Data/data/fma_small/097/097279.mp3,True,3
133544,Instrumental,/Users/gsretikkaprasad/Desktop/Music Data/data/fma_small/133/133544.mp3,True,3
71240,Hip-Hop,/Users/gsretikkaprasad/Desktop/Music Data/data/fma_small/071/071240.mp3,True,6
108476,Instrumental,/Users/gsretikkaprasad/Desktop/Music Data/data/fma_small/108/108476.mp3,True,3
74955,Hip-Hop,/Users/gsretikkaprasad/Desktop/Music Data/data/fma_small/074/074955.mp3,True,6
108416,Electronic,/Users/gsretikkaprasad/Desktop/Music Data/data/fma_small/108/108416.mp3,True,0
55900,Hip-Hop,/Users/gsretikkaprasad/Desktop/Music Data/data/fma_small/055/055900.mp3,True,6
126428,Pop,/Users/gsretikkaprasad/Desktop/Music Data/data/fma_small/126/126428.mp3,True,5
98701,Rock,/Users/gsretikkaprasad/Desktop/Music Data/data/fma_small/098/098701.mp3,True,7
60534,International,/Users/gsretikkaprasad/Desktop/Music Data/data/fma_small/060/060534.mp3,True,4
73763,International,/Users/gsretikkaprasad/Desktop/Music Data/data/fma_small/073/073763.mp3,True,4
54155,Instrumental,/Users/gsretikkaprasad/Desktop/Music Data/data/fma_small/054/054155.mp3,True,3
68551,Experimental,/Users/gsretikkaprasad/Desktop/Music Data/data/fma_small/068/068551.mp3,True,1
115923,Folk,/Users/gsretikkaprasad/Desktop/Music Data/data/fma_small/115/115923.mp3,True,2
127663,Instrumental,/Users/gsretikkaprasad/Desktop/Music Data/data/fma_small/127/127663.mp3,True,3
41961,Rock,/Users/gsretikkaprasad/Desktop/Music Data/data/fma_small/041/041961.mp3,True,7
114397,Rock,/Users/gsretikkaprasad/Desktop/Music Data/data/fma_small/114/114397.mp3,True,7
68842,Folk,/Users/gsretikkaprasad/Desktop/Music Data/data/fma_small/068/068842.mp3,True,2
16880,Hip-Hop,/Users/gsretikkaprasad/Desktop/Music Data/data/fma_small/016/016880.mp3,True,6
24717,International,/Users/gsretikkaprasad/Desktop/Music Data/data/fma_small/024/024717.mp3,True,4
107506,Rock,/Users/gsretikkaprasad/Desktop/Music Data/data/fma_small/107/107506.mp3,True,7
36615,Pop,/Users/gsretikkaprasad/Desktop/Music Data/data/fma_small/036/036615.mp3,True,5
11921,Hip-Hop,/Users/gsretikkaprasad/Desktop/Music Data/data/fma_small/011/011921.mp3,True,6
149777,Experimental,/Users/gsretikkaprasad/Desktop/Music Data/data/fma_small/149/149777.mp3,True,1
63224,Pop,/Users/gsretikkaprasad/Desktop/Music Data/data/fma_small/063/063224.mp3,True,5
